VAR_NAME,REF,ALT,ALT_CT_IH_Recent African,REF_CT_IH_Recent African,ALT_CT_ALFA_East Asian,ALT_CT_ALFA_European,ALT_CT_ALFA_Latin American 1,ALT_CT_ALFA_Latin American 2,ALT_CT_ALFA_South Asian,REF_CT_ALFA_East Asian,REF_CT_ALFA_European,REF_CT_ALFA_Latin American 1,REF_CT_ALFA_Latin American 2,REF_CT_ALFA_South Asian
rs1000989,T,C,320.0,900.0,55.0,21489.0,123.0,1330.0,1685.0,109.0,37269.0,273.0,2052.0,3283.0
rs1000990,T,C,317.0,903.0,32.0,5355.0,40.0,261.0,36.0,54.0,8931.0,106.0,349.0,62.0
rs1005573,C,T,1061.0,159.0,35.0,10693.0,209.0,1810.0,79.0,69.0,4955.0,87.0,956.0,31.0
rs1007311,A,G,691.0,529.0,56.0,9154.0,61.0,154.0,43.0,56.0,11242.0,85.0,456.0,55.0
rs1008140,T,C,278.0,942.0,18.0,829.0,12.0,13.0,1.0,126.0,39989.0,156.0,687.0,113.0
rs1010089,G,A,425.0,795.0,48.0,30561.0,172.0,1395.0,2681.0,150.0,23091.0,170.0,1087.0,2249.0
rs1018041,C,T,665.0,555.0,2815.0,159487.0,760.0,1941.0,256.0,257.0,31871.0,188.0,505.0,88.0
rs1018042,G,A,1015.0,205.0,355.0,27544.0,458.0,665.0,118.0,17.0,5148.0,56.0,171.0,44.0
rs10401484,C,A,202.0,1018.0,1.0,44.0,1.0,1.0,2.0,55.0,14208.0,139.0,581.0,80.0
rs10401861,C,T,330.0,332.0,9.0,609.0,29.0,61.0,11.0,75.0,7009.0,117.0,549.0,83.0
rs10401862,C,T,68.0,286.0,3.0,388.0,19.0,35.0,6.0,81.0,7230.0,127.0,575.0,88.0
rs10403848,G,A,164.0,1056.0,25.0,10883.0,28.0,134.0,1334.0,75.0,50447.0,170.0,900.0,3552.0
rs10405717,C,T,161.0,1059.0,941.0,43163.0,199.0,1205.0,1359.0,2219.0,226139.0,935.0,6021.0,3867.0
rs10406631,C,A,463.0,757.0,10.0,1865.0,34.0,101.0,9.0,76.0,12421.0,112.0,509.0,89.0
rs10406657,A,G,954.0,266.0,322.0,41060.0,638.0,6037.0,180.0,80.0,4444.0,104.0,1111.0,10.0
rs10409426,C,T,888.0,332.0,67.0,12898.0,125.0,522.0,92.0,19.0,1388.0,21.0,88.0,6.0
rs10409908,C,T,303.0,917.0,46.0,4772.0,42.0,167.0,41.0,40.0,9186.0,104.0,443.0,57.0
rs10410274,G,T,304.0,916.0,46.0,4977.0,42.0,167.0,41.0,40.0,9309.0,104.0,443.0,57.0
rs10410473,A,G,244.0,976.0,5.0,171.0,14.0,9.0,8.0,117.0,21857.0,154.0,661.0,90.0
rs10410871,G,A,237.0,983.0,45.0,4766.0,42.0,172.0,41.0,41.0,9186.0,104.0,438.0,57.0
rs10410962,T,A,341.0,879.0,30.0,2958.0,42.0,132.0,40.0,56.0,11328.0,104.0,478.0,58.0
rs10413553,C,A,164.0,1056.0,30.0,2703.0,33.0,113.0,39.0,56.0,11583.0,113.0,497.0,59.0
rs10416565,A,G,239.0,981.0,7.0,401.0,21.0,19.0,283.0,153.0,47351.0,247.0,1297.0,4689.0
rs10418189,C,T,114.0,1106.0,68.0,7524.0,42.0,174.0,38.0,66.0,17286.0,126.0,526.0,82.0
rs10419565,G,A,621.0,597.0,23.0,6408.0,58.0,298.0,49.0,63.0,7866.0,88.0,312.0,49.0
rs10420204,G,C,392.0,828.0,30.0,2197.0,34.0,99.0,38.0,56.0,12089.0,112.0,511.0,60.0
rs10420505,G,A,164.0,1056.0,35.0,3325.0,62.0,494.0,41.0,67.0,14071.0,228.0,2228.0,69.0
rs10421737,C,G,221.0,999.0,6.0,116.0,11.0,6.0,4.0,106.0,20232.0,135.0,604.0,94.0
rs10423192,C,T,877.0,343.0,65.0,11017.0,125.0,526.0,90.0,19.0,1197.0,21.0,84.0,4.0
rs10424564,A,T,340.0,880.0,30.0,2959.0,42.0,132.0,40.0,56.0,11327.0,104.0,478.0,58.0
rs10488736,C,T,666.0,554.0,81.0,50928.0,356.0,2777.0,1746.0,237.0,111700.0,598.0,5983.0,3290.0
rs10492497,T,C,106.0,1114.0,64.0,12030.0,59.0,1018.0,330.0,508.0,166538.0,929.0,8050.0,4724.0
rs10492498,T,C,459.0,757.0,13.0,17610.0,67.0,367.0,1229.0,135.0,45066.0,187.0,865.0,3727.0
rs1049982,T,C,668.0,552.0,33.0,13339.0,87.0,298.0,67.0,79.0,7017.0,59.0,312.0,31.0
rs10500299,C,T,243.0,977.0,672.0,71848.0,384.0,2432.0,131.0,2486.0,188392.0,1012.0,4228.0,235.0
rs1059004,C,A,103.0,1117.0,64.0,23578.0,196.0,431.0,86.0,322.0,19114.0,340.0,495.0,92.0
rs1062806,G,T,233.0,987.0,208.0,14873.0,164.0,1352.0,72.0,178.0,28809.0,432.0,3602.0,106.0
rs1062808,T,C,233.0,987.0,320.0,60088.0,284.0,2442.0,1818.0,252.0,114760.0,704.0,6622.0,3232.0
rs1064791,T,A,246.0,974.0,21.0,7812.0,72.0,340.0,51.0,65.0,6340.0,74.0,270.0,47.0
rs1071676,C,G,173.0,1047.0,3.0,4168.0,26.0,87.0,13.0,83.0,13426.0,120.0,523.0,85.0
rs10745340,T,C,76.0,1144.0,2417.0,91874.0,293.0,3360.0,1233.0,695.0,171004.0,755.0,3272.0,3955.0
rs1078499,A,G,596.0,624.0,27.0,3452.0,47.0,251.0,36.0,59.0,10834.0,99.0,359.0,62.0
rs10836235,C,T,119.0,1101.0,101.0,11753.0,34.0,364.0,3.0,277.0,106515.0,504.0,4452.0,155.0
rs10836244,G,T,187.0,1033.0,240.0,31070.0,228.0,2396.0,41.0,274.0,100730.0,668.0,6040.0,155.0
rs10851240,T,G,3.0,509.0,33.0,2044.0,43.0,112.0,36.0,51.0,5574.0,103.0,498.0,58.0
rs10858022,A,G,76.0,1144.0,343.0,21290.0,173.0,2674.0,37.0,87.0,37818.0,423.0,2278.0,141.0
rs10864769,A,G,291.0,929.0,57.0,3317.0,34.0,298.0,33.0,29.0,10969.0,112.0,312.0,65.0
rs10864770,G,A,48.0,1172.0,136.0,2571.0,34.0,1236.0,13.0,238.0,29909.0,582.0,4834.0,151.0
rs10864771,T,G,48.0,1172.0,35.0,1112.0,13.0,110.0,7.0,51.0,13174.0,133.0,500.0,91.0
rs10864772,C,T,1088.0,132.0,42.0,5177.0,73.0,330.0,57.0,44.0,9109.0,73.0,280.0,41.0
rs11032699,T,G,735.0,485.0,42.0,69630.0,105.0,725.0,19.0,128.0,36538.0,95.0,863.0,13.0
rs11032700,C,A,930.0,290.0,164.0,83742.0,500.0,2939.0,125.0,336.0,42856.0,252.0,3379.0,61.0
rs11032701,T,C,144.0,1076.0,20.0,1574.0,25.0,48.0,5.0,68.0,14880.0,129.0,568.0,93.0
rs11069829,G,A,675.0,545.0,1140.0,113813.0,538.0,3581.0,171.0,1974.0,106285.0,486.0,2987.0,193.0
rs11069830,A,C,739.0,481.0,235.0,113934.0,599.0,3241.0,3264.0,327.0,51024.0,327.0,1739.0,1776.0
rs11069835,T,C,71.0,615.0,26.0,3704.0,65.0,228.0,56.0,58.0,3384.0,81.0,382.0,38.0
rs11083921,C,G,903.0,317.0,71.0,12404.0,129.0,574.0,90.0,15.0,1234.0,17.0,36.0,8.0
rs11083922,T,C,618.0,602.0,33.0,6374.0,54.0,297.0,46.0,53.0,7912.0,92.0,313.0,52.0
rs11083923,A,G,733.0,487.0,67.0,12290.0,121.0,522.0,94.0,19.0,1344.0,25.0,88.0,4.0
rs11083924,T,C,233.0,987.0,44.0,4975.0,41.0,167.0,40.0,42.0,9311.0,105.0,443.0,58.0
rs11083925,A,C,219.0,1001.0,213.0,49014.0,130.0,400.0,36.0,265.0,104476.0,470.0,1514.0,96.0
rs11102695,C,T,200.0,1020.0,17.0,12021.0,123.0,567.0,37.0,401.0,37093.0,457.0,4335.0,125.0
rs11121832,T,C,810.0,410.0,84.0,12453.0,121.0,567.0,73.0,12.0,4159.0,47.0,103.0,25.0
rs11122573,C,T,66.0,1154.0,35.0,1112.0,14.0,110.0,7.0,51.0,13174.0,132.0,500.0,91.0
rs11122574,C,T,48.0,1172.0,64.0,3674.0,13.0,213.0,406.0,96.0,63510.0,255.0,1103.0,4564.0
rs11122575,A,G,47.0,1173.0,34.0,1113.0,13.0,109.0,8.0,52.0,13173.0,133.0,501.0,90.0
rs11122576,T,C,55.0,1165.0,1131.0,18681.0,77.0,1771.0,33.0,2005.0,217111.0,1111.0,7031.0,345.0
rs11122577,C,A,132.0,868.0,22.0,3167.0,50.0,559.0,20.0,114.0,14227.0,242.0,2211.0,96.0
rs11122578,G,A,55.0,1165.0,48.0,1567.0,27.0,515.0,9.0,64.0,17939.0,287.0,2315.0,101.0
rs11122580,T,C,260.0,960.0,14.0,1758.0,21.0,58.0,21.0,72.0,12528.0,125.0,552.0,77.0
rs111404271,C,T,189.0,1029.0,17.0,4036.0,42.0,250.0,34.0,69.0,10250.0,104.0,360.0,64.0
rs111476490,G,A,239.0,641.0,24.0,1696.0,40.0,209.0,24.0,60.0,5922.0,106.0,401.0,70.0
rs111624511,G,T,59.0,1161.0,20.0,5182.0,33.0,259.0,37.0,66.0,9104.0,113.0,351.0,61.0
rs112260270,G,A,1.0,103.0,21.0,1493.0,28.0,159.0,9.0,63.0,6125.0,118.0,451.0,85.0
rs1125297,A,G,596.0,624.0,35.0,3097.0,80.0,508.0,41.0,67.0,14301.0,210.0,2246.0,69.0
rs112585763,T,C,136.0,1084.0,4.0,1189.0,10.0,28.0,8.0,82.0,13097.0,136.0,582.0,90.0
rs112854952,G,A,1.0,1219.0,4.0,3748.0,25.0,94.0,20.0,82.0,10894.0,121.0,516.0,78.0
rs1133219,G,A,425.0,795.0,135.0,73605.0,369.0,1607.0,1957.0,483.0,133877.0,819.0,5301.0,3089.0
rs113573025,G,A,16.0,1178.0,1.0,2058.0,13.0,71.0,8.0,85.0,12228.0,133.0,539.0,90.0
rs113849099,C,T,244.0,976.0,3.0,109.0,13.0,7.0,9.0,83.0,14177.0,133.0,603.0,89.0
rs113878290,G,A,245.0,975.0,4.0,86.0,13.0,7.0,8.0,80.0,12128.0,133.0,603.0,86.0
rs114198011,T,G,70.0,1150.0,2.0,14.0,3.0,1.0,1.0,118.0,9888.0,143.0,609.0,103.0
rs1143627,G,A,429.0,791.0,2484.0,166327.0,695.0,3914.0,157.0,2428.0,83789.0,493.0,4878.0,221.0
rs1143629,G,A,661.0,559.0,53.0,9428.0,93.0,296.0,38.0,35.0,4866.0,61.0,320.0,60.0
rs1143630,T,G,886.0,334.0,124.0,38106.0,149.0,665.0,97.0,20.0,2704.0,19.0,35.0,17.0
rs1143633,C,T,202.0,1018.0,1806.0,81025.0,346.0,1448.0,102.0,1330.0,145883.0,774.0,3264.0,278.0
rs1143634,G,A,158.0,1062.0,21.0,54417.0,245.0,702.0,867.0,611.0,174877.0,1033.0,4314.0,4195.0
rs1143637,C,T,172.0,1048.0,3.0,3749.0,30.0,87.0,13.0,85.0,12441.0,124.0,529.0,85.0
rs1143639,C,T,172.0,1048.0,3.0,11104.0,32.0,107.0,17.0,95.0,34562.0,132.0,577.0,97.0
rs1143643,C,T,154.0,1066.0,50.0,4832.0,41.0,188.0,21.0,36.0,9048.0,105.0,422.0,77.0
rs1143914,A,G,454.0,766.0,308.0,86955.0,414.0,4232.0,2965.0,262.0,89913.0,574.0,4772.0,2087.0
rs114424782,A,G,37.0,1183.0,2.0,685.0,15.0,48.0,7.0,84.0,13531.0,131.0,562.0,91.0
rs114517289,A,C,170.0,1050.0,32.0,3023.0,26.0,113.0,30.0,54.0,11263.0,120.0,497.0,68.0
rs11568018,G,C,260.0,960.0,14.0,1757.0,21.0,58.0,21.0,72.0,12529.0,125.0,552.0,77.0
rs11568020,C,T,24.0,1196.0,36.0,7333.0,35.0,439.0,183.0,512.0,164247.0,777.0,6359.0,4849.0
rs11568056,C,T,47.0,1173.0,34.0,1127.0,14.0,111.0,7.0,52.0,13159.0,132.0,499.0,91.0
rs11604331,A,G,64.0,1156.0,17.0,40710.0,152.0,698.0,49.0,401.0,76526.0,442.0,4256.0,119.0
rs11616893,A,T,1.0,1219.0,1.0,1681.0,7.0,36.0,7.0,85.0,12605.0,139.0,574.0,91.0
rs11619113,C,G,1.0,1219.0,1.0,1652.0,7.0,37.0,7.0,85.0,12634.0,139.0,573.0,91.0
rs11665831,T,C,233.0,987.0,1643.0,78933.0,357.0,2384.0,143.0,1511.0,150713.0,831.0,6378.0,235.0
rs11665981,C,T,233.0,987.0,44.0,4974.0,41.0,167.0,40.0,42.0,9312.0,105.0,443.0,58.0
rs11666976,T,C,219.0,1001.0,38.0,4775.0,45.0,170.0,33.0,48.0,9511.0,101.0,440.0,65.0
rs11669386,G,A,250.0,970.0,102.0,19908.0,357.0,3919.0,96.0,286.0,15598.0,363.0,3139.0,78.0
rs11669584,C,T,234.0,986.0,55.0,6064.0,89.0,732.0,42.0,47.0,11334.0,203.0,2038.0,68.0
rs11670259,C,T,222.0,998.0,109.0,61568.0,238.0,2392.0,1650.0,461.0,125806.0,534.0,4078.0,3332.0
rs11670750,C,T,274.0,946.0,38.0,4777.0,47.0,170.0,33.0,48.0,9509.0,99.0,440.0,65.0
rs11672725,C,T,370.0,850.0,118.0,35722.0,185.0,2463.0,1143.0,440.0,137138.0,655.0,4419.0,3859.0
rs117156888,C,A,5.0,1215.0,1.0,402.0,3.0,13.0,6.0,85.0,13884.0,143.0,597.0,92.0
rs117431941,C,A,5.0,1215.0,1.0,406.0,3.0,13.0,6.0,85.0,13880.0,143.0,597.0,92.0
rs117919719,T,C,5.0,1215.0,1.0,405.0,3.0,13.0,5.0,85.0,13881.0,143.0,597.0,93.0
rs118197292,A,G,13.0,587.0,5.0,39.0,2.0,15.0,1.0,79.0,7579.0,144.0,595.0,93.0
rs11838757,G,A,520.0,700.0,2.0,7595.0,11.0,33.0,9.0,80.0,12601.0,69.0,359.0,51.0
rs11839478,C,T,553.0,667.0,61.0,13780.0,80.0,328.0,44.0,39.0,17798.0,88.0,372.0,70.0
rs11842085,C,T,432.0,788.0,1.0,2451.0,36.0,49.0,20.0,85.0,11835.0,110.0,561.0,78.0
rs11842434,T,C,794.0,426.0,11.0,9684.0,100.0,343.0,57.0,75.0,4668.0,46.0,267.0,41.0
rs11843610,T,C,432.0,786.0,1.0,2451.0,36.0,49.0,20.0,85.0,11835.0,110.0,561.0,78.0
rs1192194,A,G,1.0,823.0,3.0,148.0,5.0,28.0,2.0,81.0,7470.0,141.0,582.0,92.0
rs1192195,G,A,684.0,302.0,43.0,5255.0,108.0,430.0,72.0,41.0,1715.0,38.0,180.0,22.0
rs1192197,G,A,568.0,652.0,32.0,2972.0,37.0,130.0,32.0,54.0,11054.0,109.0,480.0,66.0
rs1192198,T,C,583.0,637.0,17.0,32745.0,243.0,1164.0,638.0,557.0,147095.0,747.0,7892.0,4418.0
rs1192201,G,A,1145.0,75.0,428.0,159198.0,792.0,6279.0,4665.0,126.0,14128.0,52.0,623.0,377.0
rs1192202,A,C,1122.0,98.0,269.0,47122.0,341.0,3505.0,3364.0,103.0,36219.0,219.0,1571.0,1584.0
rs1192203,T,C,1072.0,148.0,81.0,13853.0,137.0,580.0,95.0,5.0,423.0,9.0,30.0,3.0
rs1192204,T,C,986.0,234.0,68.0,16139.0,122.0,512.0,77.0,18.0,2595.0,24.0,98.0,21.0
rs1192205,C,G,1088.0,132.0,68.0,11721.0,124.0,534.0,76.0,20.0,2701.0,26.0,92.0,22.0
rs1193069,C,T,106.0,1114.0,29.0,1078.0,10.0,42.0,8.0,57.0,13208.0,136.0,568.0,90.0
rs1193070,A,C,115.0,1105.0,29.0,1139.0,10.0,43.0,8.0,57.0,13147.0,136.0,567.0,90.0
rs1193071,C,T,759.0,461.0,40.0,10099.0,107.0,394.0,69.0,46.0,4187.0,39.0,216.0,29.0
rs12020579,A,T,35.0,1185.0,20.0,2817.0,16.0,127.0,8.0,66.0,11469.0,130.0,483.0,90.0
rs1204421,A,G,595.0,619.0,33.0,2983.0,37.0,133.0,32.0,53.0,11041.0,109.0,477.0,66.0
rs12052070,C,G,250.0,970.0,21.0,7899.0,71.0,350.0,51.0,65.0,6387.0,75.0,260.0,47.0
rs12121543,C,A,146.0,1072.0,103.0,31770.0,143.0,1165.0,57.0,411.0,98948.0,755.0,7299.0,139.0
rs1213026,A,G,564.0,656.0,58.0,13949.0,190.0,1940.0,71.0,44.0,7037.0,102.0,830.0,39.0
rs1217397,G,A,807.0,413.0,273.0,68613.0,368.0,1086.0,100.0,4601.0,168769.0,670.0,5520.0,266.0
rs1217401,A,G,973.0,247.0,291.0,108308.0,685.0,1809.0,1715.0,4735.0,228132.0,949.0,7587.0,3523.0
rs1217402,C,G,1135.0,85.0,72.0,9950.0,106.0,437.0,47.0,14.0,4336.0,40.0,173.0,51.0
rs12184772,A,G,207.0,1013.0,69.0,34677.0,188.0,1293.0,1018.0,487.0,140867.0,656.0,5617.0,4022.0
rs12270780,G,A,445.0,775.0,158.0,44882.0,225.0,632.0,66.0,408.0,119490.0,445.0,1566.0,124.0
rs12428089,T,C,38.0,1182.0,5.0,3706.0,4.0,12.0,4.0,53.0,25102.0,114.0,508.0,78.0
rs12428227,A,G,100.0,1120.0,4.0,6951.0,25.0,79.0,19.0,140.0,34491.0,143.0,621.0,95.0
rs12428406,T,C,20.0,622.0,8.0,130.0,5.0,54.0,6.0,76.0,7488.0,141.0,556.0,88.0
rs12428423,T,C,613.0,407.0,58.0,6211.0,80.0,410.0,43.0,26.0,5170.0,66.0,200.0,51.0
rs12428957,C,T,94.0,1126.0,9.0,2548.0,32.0,172.0,24.0,77.0,7276.0,114.0,438.0,74.0
rs12429386,A,G,190.0,1030.0,21.0,2389.0,47.0,133.0,27.0,65.0,12539.0,99.0,477.0,71.0
rs12429420,A,G,158.0,1062.0,23.0,3312.0,38.0,129.0,27.0,75.0,21906.0,126.0,555.0,87.0
rs12430280,C,T,71.0,1149.0,2.0,2399.0,22.0,65.0,21.0,118.0,11965.0,124.0,545.0,83.0
rs12430390,A,G,151.0,1069.0,2.0,6079.0,31.0,106.0,22.0,98.0,24877.0,137.0,594.0,92.0
rs12431029,T,C,321.0,899.0,146.0,52342.0,339.0,3010.0,67.0,356.0,68680.0,507.0,4580.0,125.0
rs12431296,C,T,280.0,290.0,36.0,2320.0,51.0,205.0,26.0,48.0,5298.0,95.0,405.0,68.0
rs12460602,T,C,469.0,751.0,64.0,9066.0,85.0,422.0,75.0,22.0,5220.0,61.0,188.0,23.0
rs12460905,T,C,252.0,968.0,77.0,11962.0,54.0,194.0,31.0,53.0,18366.0,92.0,416.0,67.0
rs12463216,T,C,641.0,579.0,166.0,30785.0,371.0,3714.0,99.0,346.0,36885.0,443.0,4142.0,97.0
rs12583583,C,T,14.0,1206.0,30.0,3980.0,25.0,84.0,29.0,92.0,17238.0,129.0,532.0,75.0
rs12609126,T,C,218.0,1002.0,38.0,4682.0,42.0,166.0,33.0,48.0,9604.0,104.0,444.0,65.0
rs12610708,G,C,238.0,982.0,45.0,4976.0,41.0,167.0,40.0,41.0,9310.0,105.0,443.0,58.0
rs12803540,T,C,176.0,1044.0,25.0,1724.0,25.0,55.0,5.0,69.0,16400.0,135.0,609.0,93.0
rs12855875,A,G,73.0,1147.0,2.0,5142.0,36.0,140.0,29.0,98.0,20240.0,132.0,560.0,85.0
rs12858728,C,T,161.0,1059.0,22.0,2713.0,34.0,115.0,25.0,64.0,18425.0,112.0,495.0,73.0
rs12859913,C,T,163.0,1057.0,22.0,1916.0,34.0,115.0,25.0,64.0,13016.0,112.0,495.0,73.0
rs12865767,A,T,173.0,1047.0,2.0,1778.0,13.0,106.0,22.0,84.0,12508.0,133.0,504.0,76.0
rs12867220,A,T,93.0,1127.0,9.0,4023.0,32.0,170.0,23.0,77.0,10263.0,114.0,440.0,75.0
rs12868126,G,A,45.0,1173.0,108.0,34032.0,120.0,1010.0,959.0,426.0,131254.0,678.0,5726.0,4045.0
rs12868203,A,T,302.0,918.0,9.0,4025.0,37.0,180.0,24.0,77.0,10261.0,109.0,430.0,74.0
rs12868210,A,T,283.0,937.0,9.0,4023.0,37.0,180.0,24.0,77.0,10263.0,109.0,430.0,74.0
rs12869358,T,C,302.0,918.0,9.0,4036.0,37.0,180.0,24.0,77.0,10300.0,109.0,430.0,74.0
rs12869391,T,A,302.0,918.0,9.0,4024.0,37.0,180.0,24.0,77.0,10262.0,109.0,430.0,74.0
rs12873154,A,G,1.0,1219.0,12.0,23078.0,77.0,398.0,306.0,544.0,156630.0,767.0,6508.0,4732.0
rs12874003,G,A,87.0,1133.0,2.0,7251.0,27.0,205.0,944.0,146.0,51647.0,227.0,1027.0,4012.0
rs12874407,G,A,266.0,954.0,334.0,60735.0,269.0,2319.0,76.0,2796.0,163351.0,759.0,4273.0,290.0
rs12875702,C,T,162.0,1058.0,24.0,4386.0,44.0,154.0,30.0,74.0,18282.0,124.0,546.0,80.0
rs12973411,C,T,639.0,581.0,43.0,9153.0,54.0,299.0,46.0,69.0,11183.0,92.0,311.0,52.0
rs12984288,T,C,348.0,872.0,33.0,3918.0,47.0,143.0,42.0,63.0,14292.0,113.0,521.0,58.0
rs12984612,T,G,340.0,880.0,30.0,3061.0,42.0,133.0,40.0,56.0,11225.0,104.0,477.0,58.0
rs12984829,T,G,177.0,1043.0,1.0,2652.0,50.0,121.0,2.0,497.0,109748.0,698.0,6195.0,184.0
rs12984859,T,C,340.0,880.0,31.0,2959.0,45.0,133.0,40.0,57.0,11327.0,109.0,483.0,58.0
rs12984929,G,T,410.0,808.0,152.0,42680.0,195.0,2576.0,46.0,272.0,64810.0,427.0,3124.0,86.0
rs1310183,T,C,980.0,240.0,5.0,4697.0,54.0,119.0,26.0,81.0,9589.0,92.0,491.0,72.0
rs13260,G,T,325.0,895.0,2.0,11567.0,92.0,1374.0,7.0,496.0,115251.0,614.0,4692.0,169.0
rs13306553,A,G,95.0,1125.0,9.0,1818.0,7.0,40.0,13.0,87.0,16308.0,161.0,630.0,85.0
rs13306556,C,T,124.0,1096.0,58.0,12011.0,51.0,448.0,30.0,440.0,113249.0,701.0,5880.0,154.0
rs13306560,C,T,2.0,1216.0,1.0,7445.0,34.0,152.0,7.0,527.0,130657.0,696.0,6070.0,169.0
rs13306561,A,G,302.0,918.0,61.0,19035.0,113.0,638.0,32.0,435.0,107647.0,639.0,5650.0,152.0
rs13346264,A,G,244.0,976.0,31.0,215.0,38.0,80.0,12.0,341.0,28727.0,536.0,4824.0,150.0
rs1347170,A,C,625.0,595.0,163.0,12359.0,152.0,1264.0,33.0,159.0,26991.0,356.0,3368.0,83.0
rs1373749,A,G,306.0,914.0,42.0,11673.0,139.0,1787.0,40.0,338.0,30259.0,449.0,3169.0,122.0
rs139623643,G,A,109.0,837.0,1.0,368.0,12.0,6.0,5.0,83.0,11630.0,134.0,604.0,89.0
rs1408034,T,C,138.0,1082.0,26.0,2260.0,49.0,61.0,7.0,82.0,21582.0,437.0,631.0,121.0
rs1408035,A,T,182.0,1038.0,35.0,3784.0,45.0,181.0,21.0,51.0,12646.0,101.0,429.0,77.0
rs1408036,A,C,142.0,1078.0,143.0,13317.0,75.0,529.0,9.0,351.0,115167.0,673.0,5797.0,175.0
rs1411040,C,T,995.0,225.0,105.0,19866.0,269.0,2266.0,79.0,7.0,3692.0,43.0,554.0,31.0
rs1421673,T,C,164.0,1056.0,35.0,3327.0,62.0,502.0,40.0,67.0,14069.0,230.0,2262.0,70.0
rs1421674,T,C,340.0,880.0,30.0,2958.0,42.0,132.0,40.0,56.0,11328.0,104.0,478.0,58.0
rs142443772,A,G,3.0,715.0,10.0,1597.0,15.0,63.0,14.0,74.0,6021.0,131.0,547.0,80.0
rs142819532,A,G,240.0,424.0,15.0,3490.0,59.0,219.0,41.0,69.0,3616.0,87.0,391.0,53.0
rs144171665,A,G,261.0,797.0,12.0,3678.0,26.0,124.0,22.0,72.0,8028.0,120.0,486.0,72.0
rs1445085,C,G,519.0,701.0,53.0,8660.0,101.0,406.0,65.0,33.0,5626.0,45.0,204.0,33.0
rs146910239,T,C,136.0,1054.0,4.0,1179.0,10.0,28.0,8.0,82.0,13101.0,136.0,582.0,90.0
rs1470425,A,G,651.0,569.0,1359.0,150707.0,659.0,4141.0,2729.0,1839.0,121859.0,621.0,5243.0,2507.0
rs1470427,G,A,488.0,732.0,35.0,7763.0,56.0,276.0,50.0,51.0,7169.0,90.0,334.0,48.0
rs1470428,T,C,438.0,782.0,155.0,15330.0,126.0,1033.0,635.0,397.0,159914.0,714.0,5861.0,4407.0
rs1474347,C,A,1099.0,121.0,510.0,78553.0,570.0,5473.0,159.0,4.0,52731.0,246.0,1001.0,37.0
rs147447357,C,T,12.0,1208.0,2.0,149.0,2.0,4.0,5.0,84.0,14137.0,144.0,606.0,93.0
rs1476413,C,T,173.0,1047.0,640.0,74723.0,248.0,1150.0,2152.0,2562.0,204077.0,886.0,6072.0,3070.0
rs151025230,T,C,5.0,1215.0,2.0,422.0,3.0,13.0,5.0,84.0,13864.0,143.0,597.0,93.0
rs1518110,A,C,678.0,542.0,23.0,10763.0,113.0,397.0,61.0,65.0,2913.0,41.0,219.0,37.0
rs1518111,T,C,678.0,542.0,1323.0,121558.0,341.0,668.0,169.0,3161.0,33324.0,123.0,342.0,111.0
rs1524107,C,T,109.0,1111.0,68.0,901.0,21.0,171.0,39.0,28.0,17257.0,147.0,499.0,59.0
rs1532323,C,T,348.0,872.0,3.0,32.0,9.0,154.0,1.0,69.0,15568.0,267.0,2498.0,107.0
rs1537514,G,C,114.0,1106.0,11.0,3838.0,42.0,41.0,15.0,103.0,35558.0,462.0,603.0,83.0
rs1537515,C,A,81.0,1139.0,12.0,1825.0,9.0,39.0,15.0,102.0,18455.0,145.0,577.0,83.0
rs1537516,G,A,86.0,1134.0,50.0,7085.0,45.0,401.0,30.0,420.0,63169.0,641.0,5401.0,148.0
rs1541861,C,A,1135.0,85.0,65.0,8849.0,114.0,448.0,68.0,23.0,5443.0,40.0,168.0,30.0
rs1549141,C,T,596.0,624.0,128.0,20310.0,206.0,1378.0,57.0,264.0,90224.0,518.0,5592.0,115.0
rs1549758,T,C,1127.0,93.0,108.0,40127.0,401.0,575.0,96.0,16.0,17059.0,111.0,137.0,18.0
rs1554286,A,G,680.0,540.0,53.0,53284.0,307.0,2256.0,3257.0,137.0,11916.0,93.0,1134.0,1705.0
rs1554606,T,G,848.0,372.0,467.0,92771.0,426.0,4817.0,3728.0,5.0,71021.0,282.0,1525.0,1224.0
rs1560689,G,A,243.0,977.0,3.0,109.0,13.0,7.0,9.0,83.0,14177.0,133.0,603.0,89.0
rs1562173,G,A,319.0,901.0,37.0,8811.0,45.0,289.0,37.0,83.0,15427.0,115.0,375.0,61.0
rs1562174,C,G,317.0,903.0,32.0,5354.0,40.0,261.0,36.0,54.0,8932.0,106.0,349.0,62.0
rs16852352,T,G,71.0,1149.0,43.0,1225.0,24.0,485.0,10.0,59.0,14443.0,268.0,2285.0,100.0
rs16925614,C,T,40.0,1180.0,497.0,27513.0,137.0,488.0,62.0,2591.0,182627.0,845.0,2090.0,306.0
rs16975414,A,G,1.0,1219.0,20.0,1217.0,13.0,151.0,11.0,110.0,23647.0,613.0,2649.0,145.0
rs16975420,C,A,90.0,1130.0,149.0,28697.0,131.0,1168.0,918.0,405.0,145867.0,709.0,5724.0,4124.0
rs16975424,A,G,16.0,1204.0,11.0,2174.0,24.0,73.0,21.0,77.0,12196.0,122.0,537.0,79.0
rs16975450,T,C,47.0,1173.0,39.0,19963.0,79.0,595.0,27.0,453.0,103543.0,659.0,5681.0,159.0
rs16975472,C,T,318.0,902.0,32.0,5345.0,40.0,260.0,37.0,54.0,8941.0,106.0,350.0,61.0
rs16975491,C,T,317.0,901.0,32.0,5345.0,40.0,263.0,38.0,54.0,8971.0,106.0,347.0,60.0
rs16975492,C,T,245.0,973.0,73.0,51347.0,194.0,803.0,43.0,163.0,92939.0,480.0,1237.0,77.0
rs16975617,C,T,105.0,1115.0,16.0,1159.0,15.0,331.0,51.0,160.0,64175.0,399.0,3145.0,4929.0
rs16975654,G,A,10.0,1210.0,12.0,2549.0,23.0,298.0,9.0,92.0,17657.0,277.0,2478.0,101.0
rs16975708,G,A,273.0,947.0,3.0,13922.0,101.0,487.0,11.0,501.0,108544.0,739.0,7873.0,171.0
rs16981771,G,A,423.0,797.0,13.0,2465.0,27.0,92.0,6.0,99.0,17883.0,119.0,518.0,92.0
rs16981829,T,C,134.0,1086.0,245.0,41017.0,163.0,1613.0,69.0,253.0,87691.0,589.0,4713.0,115.0
rs16981832,C,A,235.0,985.0,1.0,123.0,6.0,2.0,3.0,109.0,25855.0,200.0,828.0,107.0
rs16981845,T,C,244.0,976.0,4.0,133.0,16.0,9.0,9.0,106.0,17217.0,210.0,799.0,101.0
rs16981853,T,C,190.0,1030.0,45.0,5770.0,48.0,177.0,37.0,49.0,12356.0,112.0,487.0,61.0
rs16981877,G,A,164.0,1056.0,30.0,2725.0,33.0,113.0,40.0,58.0,11645.0,113.0,497.0,60.0
rs16981882,T,C,341.0,879.0,923.0,59408.0,271.0,1448.0,1569.0,2223.0,208241.0,791.0,5544.0,3587.0
rs17037388,A,G,257.0,963.0,23.0,4489.0,18.0,54.0,17.0,109.0,25879.0,136.0,562.0,81.0
rs17037390,G,A,259.0,961.0,62.0,19301.0,112.0,638.0,33.0,428.0,107687.0,626.0,5626.0,151.0
rs17037396,C,T,95.0,1097.0,64.0,12006.0,44.0,454.0,24.0,432.0,113096.0,704.0,5846.0,160.0
rs17037397,C,A,23.0,1197.0,68.0,6195.0,21.0,320.0,16.0,474.0,135247.0,731.0,6012.0,168.0
rs17294094,G,A,239.0,981.0,136.0,92898.0,438.0,4528.0,110.0,456.0,75254.0,452.0,3892.0,92.0
rs17360062,A,T,237.0,983.0,19.0,4048.0,42.0,248.0,34.0,67.0,10238.0,104.0,362.0,64.0
rs17367504,A,G,118.0,1102.0,550.0,43024.0,145.0,910.0,920.0,4388.0,243574.0,1131.0,8380.0,4314.0
rs17367629,C,T,95.0,1125.0,8.0,1396.0,5.0,36.0,13.0,78.0,12890.0,141.0,574.0,85.0
rs17421511,G,A,35.0,1185.0,14.0,3058.0,18.0,65.0,21.0,116.0,15146.0,150.0,605.0,83.0
rs17421560,G,A,76.0,1144.0,19.0,3364.0,7.0,40.0,13.0,121.0,30846.0,161.0,630.0,85.0
rs17464525,G,A,63.0,1157.0,99.0,40089.0,174.0,718.0,548.0,483.0,174861.0,1024.0,6198.0,4496.0
rs17588591,T,G,225.0,995.0,3.0,20593.0,61.0,270.0,1221.0,145.0,38819.0,193.0,962.0,3733.0
rs17592979,G,T,298.0,922.0,38.0,6394.0,33.0,128.0,20.0,62.0,21146.0,135.0,572.0,94.0
rs1778817,G,A,563.0,657.0,75.0,15629.0,104.0,417.0,59.0,39.0,8347.0,50.0,199.0,39.0
rs17881482,G,A,167.0,1053.0,58.0,28879.0,169.0,549.0,57.0,174.0,80015.0,473.0,1475.0,109.0
rs17881488,C,A,147.0,1073.0,140.0,12962.0,73.0,472.0,9.0,350.0,114092.0,665.0,5766.0,175.0
rs17884666,A,T,142.0,1078.0,21.0,1709.0,26.0,48.0,5.0,67.0,16021.0,124.0,578.0,93.0
rs17885743,G,A,147.0,1073.0,19.0,1353.0,25.0,48.0,5.0,67.0,12933.0,121.0,562.0,93.0
rs17886200,C,A,167.0,1053.0,103.0,9425.0,151.0,1327.0,55.0,271.0,27179.0,425.0,3435.0,105.0
rs1799983,T,G,1141.0,79.0,24.0,27547.0,275.0,12.0,2.0,4.0,13013.0,85.0,38.0,4.0
rs1800610,G,A,26.0,1194.0,7.0,2189.0,12.0,125.0,9.0,81.0,21107.0,142.0,491.0,89.0
rs1800779,G,A,1044.0,176.0,94.0,16382.0,112.0,555.0,88.0,10.0,9780.0,58.0,177.0,26.0
rs1800780,A,G,691.0,529.0,72.0,15332.0,80.0,406.0,59.0,48.0,12616.0,68.0,216.0,47.0
rs1800781,G,A,5.0,1215.0,10.0,3862.0,24.0,55.0,16.0,110.0,20364.0,136.0,609.0,82.0
rs1800796,G,C,132.0,1088.0,58.0,882.0,18.0,161.0,39.0,28.0,16700.0,128.0,449.0,59.0
rs1800797,A,G,1219.0,1.0,498.0,89296.0,544.0,5391.0,156.0,2.0,57424.0,208.0,939.0,30.0
rs1800871,A,G,676.0,544.0,1443.0,192895.0,721.0,4118.0,214.0,3469.0,60271.0,307.0,2470.0,152.0
rs1800872,T,G,676.0,544.0,23.0,12173.0,121.0,428.0,61.0,73.0,3793.0,47.0,242.0,37.0
rs1800893,C,T,441.0,779.0,28.0,58341.0,254.0,673.0,48.0,468.0,66633.0,438.0,1591.0,136.0
rs1800896,T,C,395.0,823.0,193.0,127412.0,403.0,2045.0,1517.0,3001.0,141860.0,727.0,5165.0,3707.0
rs1801131,T,G,178.0,1042.0,145.0,69682.0,280.0,964.0,2076.0,531.0,152160.0,998.0,4056.0,2982.0
rs1801133,G,A,88.0,1132.0,1230.0,115812.0,432.0,3277.0,875.0,1954.0,216572.0,1056.0,3961.0,4351.0
rs1808593,G,T,859.0,361.0,462.0,121448.0,540.0,5222.0,156.0,106.0,41382.0,198.0,944.0,34.0
rs1816884,G,C,209.0,1011.0,80.0,7601.0,51.0,255.0,41.0,32.0,12747.0,95.0,355.0,57.0
rs1822851,G,A,80.0,1140.0,7.0,2530.0,11.0,73.0,15.0,123.0,19358.0,135.0,537.0,83.0
rs183390210,C,A,44.0,236.0,2.0,519.0,15.0,18.0,7.0,82.0,7099.0,131.0,592.0,87.0
rs1838557,G,A,558.0,650.0,27.0,7533.0,71.0,319.0,48.0,59.0,6619.0,75.0,291.0,50.0
rs183903980,A,G,8.0,840.0,11.0,295.0,7.0,58.0,1.0,73.0,7323.0,139.0,552.0,93.0
rs1857367,G,A,127.0,1093.0,7.0,3100.0,37.0,105.0,22.0,79.0,11186.0,109.0,505.0,76.0
rs1888002,C,T,525.0,695.0,5.0,3683.0,37.0,70.0,13.0,95.0,21701.0,131.0,630.0,101.0
rs1888007,A,G,996.0,224.0,87.0,14143.0,145.0,606.0,95.0,1.0,143.0,9.0,10.0,3.0
rs1891964,C,T,317.0,903.0,32.0,5346.0,40.0,260.0,37.0,54.0,8940.0,106.0,350.0,61.0
rs191618273,C,T,1.0,627.0,19.0,2156.0,40.0,84.0,45.0,65.0,5462.0,106.0,526.0,49.0
rs1926722,C,A,47.0,1171.0,34.0,1111.0,13.0,109.0,8.0,52.0,13175.0,133.0,501.0,90.0
rs1926723,T,C,49.0,1171.0,24.0,2010.0,12.0,395.0,3.0,72.0,34359.0,292.0,2321.0,107.0
rs1961495,C,T,147.0,1073.0,50.0,4601.0,72.0,1139.0,37.0,114.0,36703.0,490.0,3635.0,129.0
rs1965756,C,G,877.0,343.0,67.0,12307.0,125.0,526.0,94.0,19.0,1327.0,21.0,84.0,4.0
rs1965758,G,A,465.0,755.0,22.0,7871.0,75.0,356.0,54.0,64.0,6415.0,71.0,254.0,44.0
rs1965759,G,A,239.0,981.0,22.0,7857.0,70.0,351.0,54.0,64.0,6429.0,76.0,259.0,44.0
rs1965760,A,G,242.0,978.0,22.0,7881.0,70.0,352.0,55.0,64.0,6405.0,76.0,258.0,43.0
rs1966625,T,C,954.0,266.0,450.0,155191.0,719.0,5813.0,4599.0,106.0,16925.0,125.0,1097.0,443.0
rs1968414,A,G,880.0,338.0,67.0,17909.0,125.0,526.0,94.0,19.0,1935.0,21.0,84.0,4.0
rs1968415,A,G,880.0,340.0,78.0,22290.0,142.0,604.0,110.0,22.0,2452.0,26.0,96.0,4.0
rs1968416,T,A,880.0,338.0,67.0,12890.0,125.0,526.0,94.0,19.0,1396.0,21.0,84.0,4.0
rs1968440,A,G,714.0,506.0,231.0,22340.0,352.0,3583.0,63.0,67.0,2540.0,84.0,715.0,5.0
rs1968441,T,G,727.0,493.0,403.0,114470.0,607.0,5278.0,175.0,95.0,12710.0,141.0,1046.0,9.0
rs1968442,C,T,877.0,343.0,67.0,12892.0,125.0,526.0,94.0,19.0,1394.0,21.0,84.0,4.0
rs1968443,G,A,872.0,348.0,67.0,12893.0,124.0,526.0,94.0,19.0,1393.0,22.0,84.0,4.0
rs1968444,C,T,877.0,343.0,67.0,12893.0,125.0,526.0,94.0,19.0,1393.0,21.0,84.0,4.0
rs1971783,A,G,233.0,987.0,49.0,6297.0,46.0,185.0,41.0,49.0,11867.0,122.0,485.0,59.0
rs1971784,T,C,233.0,987.0,197.0,12566.0,161.0,1315.0,66.0,175.0,24588.0,411.0,3477.0,96.0
rs1971785,G,C,953.0,267.0,67.0,12305.0,126.0,525.0,94.0,19.0,1329.0,20.0,85.0,4.0
rs1972619,C,T,162.0,1050.0,30.0,2235.0,26.0,94.0,39.0,56.0,12051.0,120.0,516.0,59.0
rs1975514,T,C,319.0,901.0,12.0,5699.0,50.0,874.0,4.0,76.0,14095.0,194.0,1518.0,42.0
rs1977413,G,A,661.0,559.0,47.0,2014.0,37.0,242.0,25.0,39.0,12272.0,109.0,368.0,73.0
rs1977414,C,T,460.0,760.0,28.0,6851.0,56.0,202.0,50.0,62.0,16519.0,106.0,470.0,64.0
rs1977892,G,T,531.0,689.0,44.0,5090.0,44.0,270.0,33.0,42.0,9196.0,102.0,340.0,65.0
rs1977893,T,C,401.0,819.0,80.0,24119.0,82.0,550.0,1554.0,80.0,43053.0,186.0,766.0,3416.0
rs1981316,C,A,423.0,797.0,577.0,127624.0,565.0,4893.0,2376.0,2631.0,153196.0,715.0,4449.0,2854.0
rs1981317,T,G,323.0,897.0,9.0,4180.0,33.0,180.0,25.0,77.0,10106.0,113.0,430.0,73.0
rs1982314,C,T,416.0,804.0,204.0,56731.0,372.0,4596.0,69.0,302.0,73345.0,510.0,3810.0,125.0
rs1982315,T,C,388.0,832.0,16.0,7057.0,95.0,946.0,25.0,96.0,17799.0,219.0,1884.0,85.0
rs1987664,G,T,391.0,725.0,10.0,1518.0,19.0,44.0,5.0,76.0,12768.0,127.0,566.0,93.0
rs1994798,G,A,516.0,704.0,96.0,13122.0,103.0,506.0,52.0,26.0,8956.0,65.0,164.0,46.0
rs199564578,A,G,1.0,895.0,5.0,300.0,5.0,33.0,2.0,79.0,7318.0,141.0,577.0,92.0
rs199878134,C,A,9.0,1133.0,12.0,697.0,12.0,59.0,5.0,72.0,6921.0,134.0,551.0,89.0
rs200368481,C,T,218.0,420.0,27.0,1978.0,53.0,215.0,34.0,57.0,5394.0,93.0,395.0,60.0
rs200412364,A,G,114.0,464.0,21.0,547.0,21.0,63.0,14.0,63.0,7071.0,125.0,547.0,80.0
rs200424218,G,A,112.0,620.0,2.0,20.0,8.0,3.0,1.0,82.0,7598.0,138.0,607.0,93.0
rs2004776,C,T,586.0,634.0,238.0,28958.0,218.0,2143.0,33.0,186.0,96420.0,440.0,3799.0,103.0
rs2005447,C,T,248.0,972.0,40.0,5602.0,83.0,1091.0,41.0,64.0,9752.0,209.0,1679.0,71.0
rs200580841,A,G,34.0,1148.0,6.0,415.0,6.0,20.0,5.0,78.0,11665.0,140.0,590.0,89.0
rs2006765,G,A,71.0,1149.0,10.0,7948.0,59.0,170.0,33.0,76.0,6338.0,87.0,440.0,65.0
rs2007183,G,T,420.0,800.0,16.0,6733.0,44.0,188.0,525.0,134.0,48935.0,210.0,1044.0,4433.0
rs2008521,T,C,875.0,345.0,499.0,156428.0,758.0,7107.0,193.0,121.0,17432.0,140.0,1385.0,11.0
rs2008527,T,C,233.0,987.0,154.0,10471.0,119.0,1159.0,27.0,158.0,23885.0,383.0,3441.0,73.0
rs2009373,T,C,592.0,610.0,21.0,5153.0,83.0,354.0,51.0,65.0,4147.0,63.0,256.0,47.0
rs2009530,C,A,888.0,332.0,69.0,12906.0,131.0,527.0,92.0,19.0,1388.0,23.0,89.0,6.0
rs201032735,G,A,462.0,442.0,53.0,4848.0,84.0,407.0,51.0,31.0,2154.0,62.0,203.0,43.0
rs2015209,G,A,485.0,735.0,63.0,5021.0,50.0,170.0,42.0,57.0,9343.0,96.0,440.0,62.0
rs2015211,A,T,486.0,734.0,45.0,4998.0,50.0,170.0,40.0,41.0,9288.0,96.0,440.0,58.0
rs2015216,G,A,481.0,739.0,44.0,4997.0,50.0,170.0,40.0,42.0,9289.0,96.0,440.0,58.0
rs202135160,A,G,12.0,528.0,20.0,748.0,14.0,88.0,7.0,64.0,6870.0,132.0,522.0,87.0
rs202157991,A,G,66.0,1010.0,29.0,1035.0,19.0,68.0,14.0,55.0,10836.0,127.0,542.0,80.0
rs2029766,G,A,812.0,408.0,98.0,23712.0,158.0,677.0,108.0,2.0,874.0,10.0,23.0,6.0
rs2043210,G,A,227.0,991.0,22.0,7628.0,72.0,354.0,55.0,64.0,6126.0,74.0,256.0,43.0
rs2043211,A,T,219.0,1001.0,1193.0,31651.0,232.0,272.0,95.0,1427.0,66215.0,558.0,674.0,179.0
rs2066462,G,A,92.0,1128.0,11.0,4703.0,37.0,38.0,14.0,101.0,43071.0,463.0,590.0,84.0
rs2066470,G,A,76.0,1144.0,62.0,15599.0,60.0,434.0,23.0,460.0,149659.0,1046.0,5886.0,161.0
rs2066471,C,T,4.0,1216.0,25.0,3821.0,36.0,327.0,8.0,329.0,25735.0,510.0,4457.0,124.0
rs2066992,G,T,109.0,1111.0,426.0,9301.0,116.0,2560.0,1474.0,144.0,162183.0,870.0,6432.0,3580.0
rs2067853,G,A,70.0,1150.0,52.0,39304.0,156.0,935.0,30.0,466.0,84208.0,522.0,5223.0,116.0
rs2069832,A,G,1219.0,1.0,496.0,73610.0,543.0,5372.0,150.0,2.0,49002.0,209.0,956.0,34.0
rs2069835,T,C,122.0,1098.0,1.0,4967.0,60.0,128.0,12.0,537.0,73379.0,686.0,2230.0,190.0
rs2069837,A,G,150.0,1070.0,83.0,13656.0,72.0,478.0,792.0,449.0,163294.0,892.0,8518.0,4234.0
rs2069840,C,G,163.0,1057.0,5.0,5538.0,55.0,216.0,16.0,81.0,10902.0,91.0,394.0,82.0
rs2069845,G,A,842.0,378.0,87.0,7706.0,117.0,449.0,80.0,1.0,6588.0,37.0,167.0,18.0
rs2069849,C,T,187.0,1033.0,1.0,3663.0,65.0,433.0,1.0,523.0,158367.0,1027.0,5757.0,179.0
rs2070744,C,T,1042.0,178.0,116.0,18706.0,95.0,453.0,74.0,12.0,11148.0,51.0,157.0,24.0
rs2071404,C,A,260.0,960.0,579.0,30957.0,187.0,836.0,1144.0,2623.0,244889.0,1093.0,8546.0,4092.0
rs2071405,C,T,266.0,954.0,1.0,1369.0,8.0,6.0,1.0,71.0,15307.0,124.0,548.0,65.0
rs2071406,A,G,447.0,773.0,65.0,7359.0,116.0,802.0,26.0,447.0,124045.0,722.0,3622.0,170.0
rs2073058,A,G,167.0,1053.0,123.0,33253.0,192.0,2216.0,35.0,355.0,95331.0,640.0,5982.0,107.0
rs2073059,G,C,138.0,1082.0,19.0,1692.0,25.0,47.0,5.0,67.0,15904.0,121.0,563.0,93.0
rs2076556,A,G,36.0,1184.0,88.0,16973.0,117.0,1254.0,29.0,408.0,111541.0,631.0,5056.0,155.0
rs2131937,C,T,385.0,835.0,45.0,5235.0,39.0,263.0,33.0,41.0,9051.0,107.0,347.0,65.0
rs2131938,C,T,385.0,835.0,45.0,5237.0,39.0,263.0,33.0,41.0,9047.0,107.0,347.0,65.0
rs2131939,G,A,8.0,1212.0,1.0,8348.0,40.0,242.0,675.0,195.0,55162.0,356.0,3112.0,4295.0
rs2131940,A,G,400.0,820.0,36.0,6962.0,46.0,289.0,43.0,50.0,14062.0,100.0,321.0,55.0
rs2148582,A,G,1137.0,83.0,420.0,54732.0,438.0,4406.0,114.0,78.0,73958.0,314.0,1922.0,70.0
rs2166207,A,C,618.0,602.0,28.0,7146.0,52.0,280.0,33.0,84.0,12864.0,94.0,330.0,65.0
rs2166208,G,A,251.0,969.0,4.0,1155.0,12.0,34.0,8.0,82.0,13677.0,134.0,576.0,90.0
rs2172725,G,A,385.0,835.0,61.0,9276.0,87.0,1119.0,43.0,55.0,16836.0,227.0,1723.0,83.0
rs2179625,A,C,99.0,1101.0,119.0,32418.0,146.0,1531.0,30.0,343.0,93130.0,546.0,4489.0,100.0
rs2184227,C,T,113.0,1103.0,8.0,1476.0,8.0,39.0,15.0,78.0,12810.0,138.0,571.0,83.0
rs2220833,T,C,408.0,812.0,38.0,4772.0,46.0,288.0,43.0,48.0,9514.0,100.0,322.0,55.0
rs2222202,G,A,331.0,889.0,7.0,26851.0,88.0,346.0,1340.0,141.0,29871.0,166.0,886.0,3614.0
rs2241966,T,C,212.0,1008.0,11.0,16440.0,61.0,244.0,41.0,133.0,25026.0,107.0,456.0,73.0
rs2241967,C,T,327.0,893.0,218.0,60924.0,252.0,1741.0,50.0,230.0,69090.0,384.0,4273.0,62.0
rs2256314,G,A,743.0,477.0,97.0,15458.0,108.0,511.0,83.0,15.0,4838.0,38.0,99.0,15.0
rs2274976,C,T,20.0,1200.0,519.0,14480.0,49.0,328.0,589.0,4487.0,311500.0,1439.0,6888.0,4627.0
rs2275842,C,T,145.0,1075.0,23.0,3188.0,29.0,98.0,22.0,91.0,17210.0,125.0,518.0,76.0
rs2275843,G,A,146.0,1074.0,953.0,42216.0,228.0,420.0,77.0,2193.0,216852.0,1108.0,2180.0,291.0
rs2275845,G,A,65.0,1155.0,13.0,1695.0,7.0,72.0,7.0,85.0,22895.0,157.0,612.0,107.0
rs2278673,G,T,526.0,694.0,53.0,6342.0,94.0,1106.0,37.0,49.0,11056.0,198.0,1660.0,73.0
rs2284364,G,A,142.0,1078.0,20.0,1344.0,25.0,47.0,5.0,66.0,12942.0,121.0,563.0,93.0
rs2284365,T,C,382.0,838.0,1324.0,52801.0,303.0,1902.0,80.0,1774.0,173339.0,737.0,4716.0,286.0
rs2284367,T,C,183.0,1037.0,228.0,29733.0,184.0,1766.0,38.0,264.0,97009.0,552.0,4488.0,148.0
rs2284368,T,C,187.0,1033.0,228.0,29156.0,172.0,619.0,37.0,266.0,94278.0,508.0,1623.0,147.0
rs2284369,A,G,187.0,1033.0,233.0,39325.0,198.0,2148.0,1187.0,283.0,133697.0,672.0,5752.0,3833.0
rs2288876,A,G,230.0,990.0,97.0,17004.0,218.0,2918.0,60.0,333.0,34958.0,524.0,4236.0,132.0
rs2288877,T,C,230.0,990.0,34.0,21474.0,78.0,497.0,1647.0,116.0,44234.0,176.0,735.0,3311.0
rs2289799,C,G,347.0,873.0,32.0,5343.0,41.0,263.0,35.0,54.0,8943.0,105.0,347.0,63.0
rs2289800,C,T,259.0,961.0,32.0,5340.0,40.0,260.0,35.0,54.0,8946.0,106.0,350.0,63.0
rs2298239,C,T,410.0,810.0,111.0,45795.0,228.0,1444.0,67.0,389.0,83609.0,524.0,4884.0,119.0
rs2298241,G,C,90.0,1130.0,17.0,2161.0,28.0,96.0,22.0,69.0,12125.0,118.0,514.0,76.0
rs2300181,C,T,167.0,1053.0,134.0,44106.0,162.0,614.0,1571.0,386.0,126858.0,556.0,1956.0,3415.0
rs2300182,T,A,32.0,1186.0,16.0,2374.0,20.0,133.0,16.0,70.0,15220.0,126.0,477.0,82.0
rs2304135,G,A,242.0,978.0,19.0,4049.0,43.0,248.0,34.0,67.0,10237.0,103.0,362.0,64.0
rs2305079,G,A,27.0,1193.0,35.0,2562.0,25.0,553.0,11.0,67.0,13088.0,265.0,2207.0,97.0
rs2305080,T,C,402.0,818.0,56.0,7286.0,40.0,269.0,33.0,58.0,13062.0,114.0,347.0,65.0
rs2305081,G,A,36.0,1184.0,83.0,23707.0,100.0,1643.0,27.0,467.0,123295.0,784.0,6783.0,169.0
rs2386515,A,G,1110.0,110.0,55.0,8662.0,114.0,445.0,72.0,31.0,5624.0,32.0,165.0,26.0
rs2391815,C,T,381.0,839.0,45.0,4998.0,39.0,263.0,33.0,41.0,8884.0,107.0,347.0,65.0
rs2391816,C,T,381.0,839.0,53.0,6332.0,84.0,1092.0,37.0,49.0,11062.0,208.0,1674.0,73.0
rs2391823,G,A,633.0,587.0,178.0,61966.0,206.0,965.0,3584.0,14.0,11370.0,48.0,265.0,1370.0
rs2420388,G,A,211.0,1009.0,241.0,30636.0,228.0,2407.0,41.0,273.0,99446.0,668.0,6043.0,155.0
rs2436159,G,A,983.0,237.0,83.0,7583.0,90.0,296.0,45.0,3.0,6703.0,56.0,314.0,53.0
rs2436462,T,C,809.0,411.0,35.0,6380.0,64.0,298.0,49.0,51.0,7902.0,82.0,312.0,49.0
rs2478523,A,G,1103.0,117.0,273.0,59895.0,430.0,3592.0,2625.0,283.0,115577.0,412.0,3304.0,2413.0
rs2478539,G,T,1073.0,147.0,75.0,6339.0,84.0,426.0,63.0,11.0,7947.0,62.0,184.0,35.0
rs2478543,T,C,1120.0,100.0,77.0,6395.0,85.0,428.0,62.0,11.0,7973.0,61.0,182.0,38.0
rs2478545,G,A,666.0,554.0,871.0,59665.0,320.0,2506.0,1389.0,2251.0,209887.0,736.0,4264.0,3781.0
rs2493129,G,A,120.0,1100.0,1.0,542.0,13.0,21.0,5.0,101.0,15128.0,199.0,733.0,105.0
rs2493130,G,A,113.0,1107.0,1.0,477.0,7.0,20.0,5.0,85.0,13809.0,139.0,590.0,93.0
rs2493131,C,T,129.0,1091.0,1.0,483.0,8.0,20.0,5.0,119.0,13881.0,138.0,590.0,99.0
rs2493132,T,C,721.0,499.0,207.0,10698.0,185.0,2852.0,30.0,103.0,28404.0,307.0,1602.0,88.0
rs2493133,T,C,1106.0,114.0,75.0,6337.0,85.0,428.0,62.0,11.0,7947.0,61.0,182.0,36.0
rs2493134,T,C,1116.0,104.0,471.0,73799.0,480.0,4729.0,3100.0,85.0,101179.0,364.0,2181.0,1944.0
rs2493136,C,T,1152.0,68.0,75.0,6346.0,88.0,427.0,64.0,11.0,7940.0,58.0,183.0,34.0
rs2493137,T,C,793.0,427.0,383.0,54580.0,344.0,4124.0,2013.0,173.0,120324.0,500.0,2762.0,3029.0
rs2566508,T,G,91.0,1129.0,13.0,5258.0,3.0,35.0,2.0,65.0,29478.0,107.0,233.0,72.0
rs2566511,C,T,455.0,765.0,41.0,12735.0,137.0,362.0,47.0,57.0,37773.0,319.0,290.0,81.0
rs274878,T,C,345.0,871.0,28.0,239.0,23.0,57.0,327.0,120.0,44741.0,231.0,1175.0,4627.0
rs274879,G,C,345.0,875.0,19.0,126.0,12.0,22.0,10.0,67.0,14160.0,134.0,588.0,88.0
rs274880,C,T,194.0,1026.0,19.0,117.0,6.0,17.0,10.0,67.0,14035.0,140.0,593.0,88.0
rs2847468,C,T,193.0,1027.0,31.0,5258.0,30.0,123.0,26.0,57.0,14222.0,116.0,487.0,74.0
rs2853792,G,A,1062.0,158.0,359.0,75736.0,487.0,4694.0,133.0,165.0,49098.0,251.0,1576.0,57.0
rs2853795,A,G,26.0,1194.0,164.0,21219.0,128.0,2993.0,42.0,360.0,105861.0,610.0,3269.0,148.0
rs2853796,G,T,500.0,720.0,23.0,43636.0,182.0,95.0,25.0,35.0,41864.0,196.0,105.0,39.0
rs28641646,A,G,880.0,340.0,68.0,12383.0,125.0,526.0,95.0,20.0,1335.0,21.0,84.0,5.0
rs3014,T,C,232.0,988.0,45.0,5023.0,41.0,167.0,41.0,43.0,9347.0,105.0,443.0,59.0
rs3021094,T,G,1.0,1219.0,290.0,16970.0,59.0,1070.0,435.0,310.0,171262.0,785.0,5774.0,4607.0
rs3024490,A,C,676.0,544.0,21.0,38477.0,176.0,1737.0,2923.0,97.0,12393.0,82.0,1133.0,1967.0
rs3024492,T,A,2.0,1218.0,3.0,4586.0,17.0,88.0,14.0,85.0,13146.0,133.0,538.0,84.0
rs3024493,C,A,14.0,1206.0,123.0,22109.0,40.0,133.0,28.0,4353.0,124965.0,462.0,2671.0,232.0
rs3024496,A,G,486.0,734.0,16.0,66315.0,282.0,1776.0,46.0,526.0,75777.0,470.0,4554.0,138.0
rs3024498,T,C,117.0,1103.0,7.0,47792.0,114.0,1091.0,678.0,593.0,143810.0,730.0,5815.0,4364.0
rs3093661,G,A,59.0,1161.0,7.0,3724.0,4.0,163.0,2.0,417.0,109610.0,280.0,4843.0,136.0
rs3093662,A,G,122.0,1098.0,196.0,19772.0,62.0,453.0,318.0,4596.0,227924.0,616.0,5491.0,4862.0
rs3093664,A,G,128.0,1092.0,3.0,1762.0,14.0,31.0,7.0,111.0,21448.0,140.0,585.0,91.0
rs3136557,G,A,62.0,1158.0,4.0,2564.0,19.0,66.0,10.0,82.0,11722.0,127.0,544.0,88.0
rs3136558,A,G,197.0,1023.0,233.0,32255.0,196.0,2981.0,38.0,319.0,112891.0,686.0,5445.0,160.0
rs34097827,C,T,73.0,1147.0,2.0,2793.0,32.0,127.0,24.0,84.0,11275.0,114.0,483.0,74.0
rs34633933,A,T,190.0,1030.0,3.0,2272.0,18.0,124.0,27.0,83.0,12014.0,128.0,486.0,71.0
rs34644236,C,T,387.0,813.0,11.0,1719.0,27.0,89.0,6.0,75.0,12567.0,119.0,521.0,92.0
rs34808582,T,C,212.0,1008.0,1.0,2405.0,25.0,41.0,19.0,85.0,11881.0,121.0,569.0,79.0
rs34906261,C,T,87.0,1133.0,4.0,2279.0,16.0,121.0,27.0,82.0,12007.0,130.0,489.0,71.0
rs35340437,T,A,243.0,977.0,4.0,2029.0,17.0,119.0,26.0,82.0,12257.0,129.0,491.0,72.0
rs35345744,A,G,208.0,1012.0,7.0,4177.0,30.0,183.0,24.0,79.0,10109.0,116.0,427.0,74.0
rs35402290,C,T,224.0,996.0,3.0,2385.0,15.0,111.0,23.0,119.0,16593.0,135.0,515.0,81.0
rs35446263,A,C,127.0,1093.0,4.0,224.0,12.0,15.0,8.0,82.0,14062.0,134.0,595.0,90.0
rs35464336,C,T,95.0,1125.0,8.0,1452.0,6.0,36.0,13.0,78.0,12834.0,140.0,574.0,85.0
rs35614915,T,C,190.0,1030.0,3.0,2277.0,18.0,124.0,27.0,83.0,12009.0,128.0,486.0,71.0
rs35784668,A,T,265.0,955.0,11.0,4188.0,32.0,187.0,24.0,75.0,10096.0,114.0,423.0,74.0
rs35806534,A,G,230.0,990.0,25.0,7003.0,63.0,215.0,60.0,61.0,6765.0,83.0,395.0,38.0
rs36085600,C,T,165.0,1053.0,34.0,1142.0,14.0,73.0,14.0,86.0,13222.0,132.0,537.0,88.0
rs370240,G,C,412.0,808.0,39.0,6023.0,69.0,272.0,43.0,47.0,8263.0,77.0,338.0,55.0
rs371101435,C,T,152.0,796.0,25.0,4865.0,63.0,214.0,59.0,61.0,4305.0,83.0,396.0,39.0
rs3730305,C,A,302.0,918.0,40.0,5374.0,74.0,292.0,21.0,352.0,63426.0,500.0,4582.0,141.0
rs3737325,A,G,204.0,1016.0,49.0,1208.0,57.0,589.0,1.0,449.0,119814.0,695.0,5739.0,183.0
rs3737326,A,G,584.0,636.0,40.0,3478.0,37.0,177.0,18.0,46.0,10808.0,109.0,433.0,80.0
rs3737327,C,T,589.0,631.0,40.0,3478.0,37.0,178.0,18.0,46.0,10808.0,109.0,432.0,80.0
rs3737328,C,T,254.0,966.0,42.0,4176.0,26.0,108.0,19.0,78.0,13858.0,120.0,502.0,85.0
rs3737965,G,A,23.0,1197.0,41.0,1601.0,15.0,261.0,15.0,345.0,35629.0,559.0,4643.0,147.0
rs3737966,C,T,427.0,793.0,297.0,19481.0,293.0,617.0,91.0,75.0,12571.0,221.0,219.0,71.0
rs3737967,G,A,20.0,1200.0,74.0,7460.0,35.0,302.0,23.0,520.0,166628.0,1045.0,5906.0,167.0
rs3742207,T,G,352.0,868.0,1232.0,113521.0,418.0,1072.0,1730.0,3748.0,217301.0,1096.0,4010.0,3448.0
rs3745715,G,A,244.0,976.0,6.0,5581.0,3.0,24.0,7.0,26.0,13653.0,91.0,366.0,47.0
rs3745716,C,G,232.0,988.0,44.0,4988.0,41.0,167.0,40.0,42.0,9298.0,105.0,443.0,58.0
rs3745717,G,T,231.0,989.0,44.0,4992.0,42.0,167.0,40.0,42.0,9294.0,104.0,443.0,58.0
rs3745718,T,C,250.0,970.0,142.0,90372.0,603.0,4680.0,110.0,400.0,72432.0,649.0,3806.0,88.0
rs3753582,A,C,97.0,1123.0,41.0,3142.0,30.0,49.0,22.0,331.0,28884.0,484.0,785.0,140.0
rs3753584,T,C,137.0,1005.0,61.0,19142.0,79.0,616.0,32.0,437.0,109498.0,673.0,5716.0,152.0
rs3753585,G,A,26.0,1194.0,8.0,625.0,3.0,26.0,9.0,78.0,13659.0,143.0,584.0,89.0
rs3753588,C,T,95.0,1125.0,8.0,1397.0,5.0,36.0,13.0,78.0,12889.0,141.0,574.0,85.0
rs3758730,A,T,141.0,1079.0,19.0,1691.0,25.0,48.0,5.0,67.0,15903.0,121.0,562.0,93.0
rs3783099,C,T,364.0,856.0,7.0,18349.0,6.0,37.0,12.0,29.0,19545.0,40.0,155.0,44.0
rs3783101,A,G,66.0,1154.0,150.0,11938.0,90.0,682.0,706.0,406.0,163608.0,754.0,6224.0,4336.0
rs3783106,T,G,591.0,629.0,32.0,23105.0,54.0,356.0,3205.0,52.0,14697.0,58.0,360.0,1499.0
rs3783111,C,T,482.0,738.0,42.0,5188.0,40.0,265.0,33.0,44.0,9098.0,106.0,345.0,65.0
rs3783112,C,T,351.0,869.0,42.0,3262.0,22.0,210.0,21.0,46.0,11670.0,132.0,406.0,77.0
rs3783113,C,T,371.0,849.0,202.0,72386.0,273.0,2371.0,1555.0,376.0,134316.0,501.0,4085.0,3433.0
rs3786738,T,C,492.0,728.0,66.0,12878.0,112.0,519.0,94.0,20.0,1408.0,34.0,91.0,4.0
rs3786739,G,C,233.0,987.0,44.0,5347.0,41.0,167.0,40.0,42.0,10087.0,105.0,443.0,58.0
rs3786740,T,G,595.0,625.0,26.0,14649.0,102.0,433.0,62.0,82.0,11759.0,80.0,321.0,52.0
rs3786741,A,G,889.0,331.0,67.0,12286.0,125.0,522.0,92.0,19.0,1348.0,21.0,88.0,6.0
rs3789613,C,G,76.0,1144.0,86.0,6979.0,50.0,314.0,21.0,26.0,13033.0,96.0,296.0,77.0
rs3789664,C,T,33.0,1187.0,2.0,1159.0,16.0,59.0,6.0,96.0,23541.0,144.0,635.0,106.0
rs3789667,G,A,515.0,705.0,29.0,4757.0,45.0,280.0,36.0,71.0,19969.0,123.0,418.0,78.0
rs3789669,A,G,487.0,733.0,4.0,3345.0,4.0,17.0,4.0,20.0,18529.0,82.0,375.0,66.0
rs3789670,C,T,294.0,926.0,26.0,6601.0,42.0,123.0,1081.0,120.0,52173.0,204.0,1103.0,3875.0
rs3789671,G,T,485.0,735.0,146.0,4914.0,100.0,1302.0,25.0,152.0,24842.0,400.0,3280.0,97.0
rs3789678,C,T,293.0,927.0,14.0,1762.0,22.0,60.0,20.0,72.0,12524.0,124.0,550.0,78.0
rs3789679,G,A,159.0,1061.0,6.0,768.0,59.0,6.0,2.0,38.0,16538.0,369.0,418.0,108.0
rs3793342,G,A,125.0,1095.0,12.0,4423.0,36.0,236.0,21.0,104.0,23863.0,278.0,2600.0,105.0
rs3816296,G,A,27.0,1193.0,32.0,3334.0,11.0,145.0,11.0,54.0,17156.0,135.0,465.0,87.0
rs3818762,G,C,147.0,1073.0,22.0,5595.0,23.0,104.0,36.0,90.0,14790.0,123.0,506.0,62.0
rs3825476,G,A,81.0,1139.0,37.0,4047.0,15.0,162.0,14.0,61.0,20549.0,149.0,522.0,100.0
rs3825478,A,G,14.0,1206.0,46.0,9069.0,24.0,256.0,532.0,100.0,50351.0,220.0,970.0,4424.0
rs3825481,T,C,1.0,1219.0,118.0,10912.0,41.0,1422.0,318.0,438.0,164332.0,801.0,5424.0,4724.0
rs3825483,C,T,254.0,966.0,6.0,5183.0,10.0,39.0,8.0,36.0,15933.0,52.0,241.0,44.0
rs3825485,T,A,1.0,1219.0,14.0,716.0,5.0,35.0,4.0,72.0,13570.0,141.0,575.0,94.0
rs3826822,G,A,246.0,974.0,21.0,7516.0,71.0,350.0,51.0,65.0,6246.0,75.0,260.0,47.0
rs3826823,T,G,246.0,974.0,25.0,9640.0,134.0,1540.0,61.0,77.0,7756.0,158.0,1230.0,49.0
rs3827749,G,A,604.0,616.0,24.0,2943.0,42.0,246.0,32.0,62.0,11341.0,104.0,364.0,66.0
rs3827750,C,T,349.0,871.0,1.0,2405.0,11.0,11.0,4.0,81.0,24437.0,129.0,621.0,76.0
rs3848539,T,C,597.0,623.0,39.0,4419.0,47.0,140.0,43.0,61.0,20273.0,121.0,558.0,71.0
rs3889728,C,T,185.0,1035.0,276.0,31712.0,153.0,2574.0,46.0,214.0,95326.0,585.0,3684.0,138.0
rs391152,C,T,318.0,602.0,192.0,13414.0,261.0,2213.0,67.0,180.0,16676.0,321.0,2641.0,91.0
rs3917356,C,T,314.0,906.0,45.0,7465.0,61.0,214.0,26.0,43.0,9073.0,85.0,396.0,74.0
rs3918167,A,G,2.0,514.0,1.0,722.0,18.0,35.0,11.0,83.0,11334.0,128.0,575.0,83.0
rs3918169,A,G,771.0,449.0,8.0,5385.0,54.0,89.0,27.0,92.0,27721.0,114.0,611.0,87.0
rs3918174,A,G,130.0,1090.0,12.0,2723.0,30.0,53.0,18.0,110.0,13807.0,124.0,563.0,86.0
rs3918176,C,T,402.0,816.0,25.0,5041.0,41.0,111.0,32.0,61.0,9245.0,105.0,499.0,66.0
rs3918181,G,A,418.0,802.0,30.0,9723.0,50.0,129.0,35.0,70.0,17187.0,118.0,571.0,79.0
rs3918184,C,T,418.0,802.0,152.0,60044.0,243.0,1210.0,61.0,416.0,106492.0,509.0,5006.0,127.0
rs3918186,A,T,293.0,927.0,5.0,1486.0,24.0,44.0,13.0,81.0,16106.0,122.0,566.0,85.0
rs3918188,C,A,418.0,802.0,17.0,10307.0,61.0,467.0,10.0,67.0,21269.0,195.0,2237.0,64.0
rs3918196,G,A,54.0,1166.0,96.0,8881.0,46.0,428.0,16.0,394.0,118033.0,686.0,5756.0,168.0
rs3918211,T,C,264.0,956.0,1.0,168.0,51.0,10.0,1.0,399.0,128598.0,823.0,864.0,161.0
rs397131,T,C,324.0,896.0,37.0,6577.0,74.0,274.0,44.0,49.0,7705.0,72.0,336.0,54.0
rs4003411,C,T,480.0,740.0,30.0,2214.0,36.0,101.0,39.0,56.0,12072.0,110.0,509.0,59.0
rs4028824,G,A,505.0,715.0,53.0,1672.0,69.0,927.0,27.0,49.0,13970.0,217.0,1833.0,83.0
rs409135,A,G,364.0,856.0,7.0,7798.0,14.0,42.0,8.0,37.0,11582.0,36.0,232.0,40.0
rs41275098,C,T,84.0,1136.0,6.0,1686.0,3.0,2.0,2.0,112.0,28160.0,147.0,652.0,96.0
rs41275104,A,G,429.0,791.0,1.0,4639.0,41.0,53.0,23.0,113.0,19389.0,113.0,563.0,75.0
rs41275106,A,G,240.0,980.0,1.0,2297.0,25.0,42.0,19.0,85.0,11831.0,121.0,568.0,79.0
rs4142040,T,C,144.0,1076.0,114.0,9790.0,153.0,1961.0,51.0,322.0,37096.0,589.0,5189.0,145.0
rs4145072,C,T,655.0,565.0,295.0,95004.0,419.0,2996.0,2782.0,259.0,99936.0,425.0,3828.0,2260.0
rs4145073,T,G,633.0,587.0,49.0,9756.0,52.0,258.0,39.0,51.0,21764.0,116.0,442.0,75.0
rs4347733,C,T,233.0,987.0,53.0,8397.0,45.0,190.0,46.0,45.0,15987.0,119.0,494.0,68.0
rs4365166,A,G,116.0,1104.0,46.0,2402.0,24.0,99.0,19.0,40.0,11882.0,122.0,511.0,79.0
rs4377029,C,A,387.0,833.0,7.0,5270.0,3.0,21.0,5.0,25.0,15800.0,97.0,309.0,67.0
rs4423519,C,T,233.0,987.0,44.0,4719.0,41.0,167.0,40.0,42.0,9103.0,105.0,443.0,58.0
rs45449597,C,A,4.0,1216.0,2.0,2972.0,3.0,14.0,3.0,80.0,19676.0,129.0,562.0,81.0
rs45504202,C,T,4.0,1216.0,10.0,2398.0,15.0,62.0,20.0,76.0,11888.0,131.0,548.0,78.0
rs45553335,T,C,136.0,1084.0,8.0,2075.0,12.0,51.0,15.0,78.0,12211.0,134.0,559.0,83.0
rs45603435,A,G,125.0,1095.0,8.0,2053.0,12.0,51.0,15.0,78.0,12233.0,134.0,559.0,83.0
rs45608437,G,A,4.0,1216.0,9.0,2441.0,17.0,63.0,20.0,77.0,11845.0,129.0,547.0,78.0
rs4597433,T,A,233.0,987.0,44.0,4975.0,41.0,167.0,40.0,42.0,9311.0,105.0,443.0,58.0
rs473499,G,A,367.0,853.0,36.0,4873.0,65.0,161.0,45.0,50.0,9413.0,81.0,449.0,53.0
rs475520,C,T,753.0,467.0,85.0,11757.0,109.0,560.0,76.0,1.0,2529.0,37.0,50.0,22.0
rs4755372,C,T,215.0,1005.0,36.0,3278.0,45.0,181.0,21.0,50.0,11008.0,101.0,429.0,77.0
rs4755373,A,G,414.0,806.0,36.0,3283.0,49.0,185.0,21.0,50.0,11003.0,97.0,425.0,77.0
rs4755374,A,C,39.0,1181.0,88.0,16980.0,115.0,1252.0,28.0,408.0,111582.0,637.0,5066.0,156.0
rs4756146,T,C,36.0,1184.0,69.0,4795.0,69.0,170.0,24.0,301.0,31349.0,445.0,660.0,136.0
rs4756147,T,C,6.0,238.0,41.0,1554.0,38.0,141.0,15.0,77.0,6142.0,108.0,469.0,85.0
rs4756148,C,T,183.0,1037.0,36.0,3276.0,45.0,181.0,21.0,50.0,11010.0,101.0,429.0,77.0
rs4762,G,A,60.0,1160.0,451.0,34863.0,125.0,918.0,664.0,4487.0,244169.0,1339.0,6248.0,4540.0
rs476241,G,A,104.0,1116.0,50.0,1155.0,22.0,180.0,10.0,86.0,14583.0,270.0,2588.0,106.0
rs4773131,T,C,306.0,914.0,14.0,5564.0,83.0,914.0,25.0,88.0,13696.0,201.0,1818.0,85.0
rs4773132,G,A,266.0,954.0,12.0,6909.0,33.0,187.0,24.0,74.0,17207.0,113.0,423.0,74.0
rs4773134,C,A,1002.0,218.0,56.0,8044.0,96.0,376.0,60.0,30.0,5704.0,50.0,234.0,38.0
rs4773135,C,A,31.0,1189.0,52.0,22051.0,133.0,1819.0,50.0,432.0,94771.0,599.0,4401.0,134.0
rs4773139,G,A,35.0,1185.0,317.0,54855.0,195.0,2260.0,1313.0,2871.0,218523.0,939.0,4962.0,3903.0
rs4773140,A,G,925.0,295.0,72.0,18370.0,126.0,577.0,89.0,28.0,6364.0,42.0,123.0,25.0
rs4773142,A,G,486.0,734.0,66.0,15112.0,108.0,538.0,84.0,32.0,7542.0,58.0,162.0,26.0
rs478111,T,C,469.0,751.0,65.0,12932.0,93.0,332.0,66.0,23.0,7614.0,53.0,278.0,34.0
rs4801751,T,C,66.0,1154.0,54.0,7787.0,43.0,178.0,28.0,32.0,12703.0,103.0,432.0,70.0
rs4802436,A,G,3.0,1217.0,21.0,18975.0,100.0,624.0,1122.0,431.0,72025.0,596.0,4982.0,3914.0
rs4802439,C,T,359.0,859.0,61.0,9357.0,78.0,278.0,46.0,59.0,11179.0,68.0,332.0,58.0
rs4802441,A,G,507.0,713.0,23.0,7904.0,80.0,355.0,54.0,63.0,6382.0,66.0,255.0,44.0
rs4802442,G,A,259.0,961.0,35.0,31231.0,177.0,1853.0,2706.0,121.0,24781.0,209.0,1485.0,2258.0
rs4802445,T,C,250.0,970.0,109.0,65681.0,312.0,3139.0,50.0,357.0,54579.0,336.0,2659.0,62.0
rs4802447,T,C,229.0,991.0,35.0,18564.0,71.0,472.0,1659.0,137.0,38466.0,159.0,698.0,3285.0
rs4802448,A,G,981.0,239.0,2302.0,147211.0,709.0,5693.0,214.0,796.0,75027.0,337.0,2545.0,74.0
rs4802449,G,A,656.0,564.0,873.0,76490.0,451.0,3759.0,143.0,2299.0,151560.0,719.0,4991.0,235.0
rs480496,A,G,1117.0,103.0,64.0,6545.0,91.0,330.0,47.0,22.0,7741.0,55.0,280.0,51.0
rs480575,A,G,288.0,932.0,316.0,48888.0,220.0,3018.0,1669.0,168.0,122230.0,536.0,3458.0,3329.0
rs482322,T,C,363.0,857.0,337.0,37850.0,254.0,3048.0,56.0,161.0,90846.0,498.0,3268.0,128.0
rs482757,C,T,474.0,746.0,2430.0,151438.0,615.0,3326.0,253.0,720.0,82576.0,427.0,3314.0,113.0
rs483018,A,T,540.0,680.0,64.0,6669.0,68.0,213.0,52.0,22.0,7615.0,78.0,397.0,46.0
rs484214,A,G,363.0,857.0,337.0,37746.0,279.0,3932.0,56.0,161.0,90464.0,551.0,4344.0,128.0
rs4846048,G,A,651.0,569.0,2903.0,188705.0,841.0,7747.0,3298.0,291.0,80403.0,439.0,1639.0,1938.0
rs4846049,T,G,569.0,651.0,259.0,20028.0,273.0,3473.0,42.0,69.0,10050.0,169.0,833.0,42.0
rs4846051,G,A,792.0,428.0,641.0,177670.0,1124.0,6938.0,5053.0,1.0,398.0,138.0,126.0,1.0
rs4846052,T,C,151.0,1069.0,348.0,79760.0,290.0,4210.0,46.0,118.0,56502.0,344.0,1530.0,60.0
rs4846866,T,C,68.0,1152.0,40.0,5146.0,5.0,98.0,531.0,98.0,67318.0,221.0,934.0,4411.0
rs490727,A,G,737.0,483.0,25.0,11232.0,104.0,1468.0,14.0,3.0,5056.0,76.0,800.0,10.0
rs492560,C,T,492.0,724.0,431.0,52171.0,515.0,5933.0,3518.0,23.0,27703.0,313.0,1751.0,1510.0
rs494024,T,C,1197.0,23.0,492.0,78435.0,656.0,6586.0,131.0,22.0,50611.0,240.0,1728.0,65.0
rs494558,C,T,795.0,425.0,2385.0,208656.0,1049.0,4339.0,362.0,747.0,782.0,65.0,345.0,16.0
rs497888,C,T,58.0,1162.0,47.0,4355.0,12.0,96.0,590.0,101.0,58497.0,242.0,1134.0,4366.0
rs499406,T,C,1196.0,24.0,478.0,76964.0,546.0,5018.0,122.0,20.0,49556.0,206.0,1310.0,62.0
rs5018499,G,A,236.0,776.0,16.0,1943.0,28.0,139.0,22.0,68.0,10043.0,118.0,471.0,72.0
rs5046,G,A,131.0,1089.0,18.0,2316.0,39.0,260.0,21.0,94.0,17194.0,275.0,2566.0,89.0
rs5049,C,T,344.0,876.0,23.0,1778.0,24.0,60.0,20.0,99.0,12586.0,130.0,556.0,84.0
rs5050,T,G,202.0,1018.0,7.0,3283.0,49.0,14.0,5.0,105.0,21265.0,373.0,424.0,107.0
rs505050,G,T,802.0,418.0,12.0,14659.0,30.0,95.0,18.0,34.0,5197.0,6.0,129.0,6.0
rs5051,C,T,1158.0,62.0,376.0,51440.0,351.0,3979.0,57.0,70.0,72078.0,269.0,1779.0,55.0
rs511895,T,C,1161.0,59.0,534.0,104540.0,609.0,5468.0,3442.0,22.0,68210.0,235.0,1442.0,1600.0
rs521969,G,A,2.0,1218.0,24.0,2536.0,43.0,710.0,8.0,92.0,21748.0,497.0,3920.0,136.0
rs524154,A,G,483.0,737.0,2087.0,65930.0,367.0,3186.0,123.0,1039.0,159906.0,673.0,3436.0,241.0
rs524167,G,A,1165.0,55.0,472.0,78570.0,595.0,3365.0,117.0,22.0,50598.0,219.0,967.0,63.0
rs525938,T,C,460.0,760.0,87.0,8778.0,125.0,1323.0,36.0,37.0,21170.0,203.0,1575.0,90.0
rs528176253,G,A,1.0,1217.0,7.0,3100.0,37.0,105.0,22.0,79.0,11186.0,109.0,505.0,76.0
rs529041,T,C,970.0,250.0,537.0,162654.0,900.0,8552.0,4666.0,35.0,13728.0,82.0,484.0,388.0
rs532625,A,T,447.0,773.0,49.0,17990.0,244.0,252.0,52.0,63.0,20454.0,256.0,376.0,46.0
rs533425,A,G,1197.0,23.0,362.0,21666.0,423.0,3807.0,110.0,16.0,14344.0,161.0,975.0,52.0
rs536195,C,T,766.0,454.0,85.0,17185.0,110.0,553.0,76.0,1.0,3757.0,36.0,57.0,22.0
rs537401710,C,T,1.0,1219.0,86.0,6347.0,86.0,1111.0,959.0,78.0,55531.0,314.0,2279.0,4009.0
rs537532,C,G,452.0,758.0,64.0,8943.0,91.0,330.0,63.0,22.0,5343.0,55.0,280.0,35.0
rs540519,G,A,573.0,647.0,1028.0,59939.0,303.0,1153.0,1171.0,2158.0,211385.0,831.0,6071.0,4047.0
rs543701,A,G,363.0,857.0,59.0,4065.0,53.0,277.0,28.0,27.0,9869.0,93.0,333.0,70.0
rs544012,T,G,711.0,509.0,206.0,25468.0,477.0,4363.0,128.0,184.0,8944.0,251.0,2677.0,46.0
rs546402824,T,C,1.0,1219.0,478.0,76964.0,546.0,5018.0,122.0,20.0,49556.0,206.0,1310.0,62.0
rs547695,G,A,759.0,461.0,47.0,21741.0,125.0,459.0,81.0,53.0,9171.0,43.0,241.0,33.0
rs548186450,A,G,1.0,295.0,2.0,341.0,8.0,31.0,3.0,82.0,7277.0,138.0,579.0,91.0
rs551212,A,G,987.0,233.0,99.0,20067.0,172.0,1299.0,100.0,1.0,4669.0,34.0,223.0,14.0
rs551929,G,T,104.0,1116.0,24.0,1003.0,4.0,94.0,7.0,62.0,13283.0,142.0,516.0,91.0
rs552125,T,C,984.0,236.0,571.0,153949.0,865.0,8080.0,4495.0,1.0,22567.0,125.0,986.0,559.0
rs552463,T,C,101.0,1119.0,28.0,1767.0,16.0,46.0,16.0,58.0,12519.0,130.0,564.0,82.0
rs554576,A,T,775.0,445.0,44.0,6116.0,62.0,278.0,42.0,42.0,11064.0,84.0,332.0,56.0
rs554882,C,T,126.0,1094.0,11.0,1282.0,12.0,137.0,2.0,55.0,25280.0,276.0,2575.0,106.0
rs556099,G,A,683.0,457.0,61.0,5698.0,79.0,396.0,39.0,23.0,5739.0,67.0,214.0,55.0
rs556379078,T,C,1.0,1219.0,51.0,13764.0,106.0,611.0,821.0,539.0,171804.0,738.0,6297.0,4227.0
rs557643638,C,A,2.0,1218.0,45.0,1429.0,32.0,220.0,23.0,41.0,12727.0,114.0,390.0,75.0
rs558140698,C,A,189.0,137.0,2.0,686.0,21.0,32.0,10.0,82.0,6932.0,125.0,578.0,84.0
rs559000657,G,A,1.0,1219.0,32.0,2972.0,37.0,130.0,32.0,54.0,11054.0,109.0,480.0,66.0
rs56012561,G,A,242.0,978.0,21.0,7890.0,70.0,340.0,51.0,65.0,6396.0,76.0,270.0,47.0
rs56066148,A,G,448.0,772.0,1.0,2732.0,38.0,53.0,23.0,85.0,11554.0,108.0,557.0,75.0
rs56081954,T,G,386.0,834.0,1.0,4016.0,38.0,52.0,23.0,85.0,16438.0,108.0,558.0,75.0
rs56116457,C,T,19.0,1201.0,1.0,2146.0,24.0,40.0,18.0,87.0,12140.0,130.0,576.0,80.0
rs561168,C,T,315.0,905.0,1.0,11497.0,69.0,101.0,290.0,281.0,113415.0,621.0,2415.0,4708.0
rs561437,T,C,198.0,1022.0,508.0,79604.0,391.0,3885.0,2434.0,80.0,80062.0,449.0,2981.0,2608.0
rs56152426,A,G,22.0,1198.0,1.0,2352.0,21.0,35.0,19.0,85.0,11934.0,125.0,575.0,79.0
rs561741652,T,C,1.0,1219.0,80.0,24119.0,82.0,550.0,1554.0,80.0,43053.0,186.0,766.0,3416.0
rs56249281,T,C,296.0,924.0,23.0,7886.0,72.0,353.0,54.0,63.0,6400.0,74.0,257.0,44.0
rs56258703,G,A,1.0,1219.0,1.0,2762.0,19.0,79.0,17.0,85.0,11294.0,127.0,531.0,81.0
rs56281756,A,G,695.0,525.0,21.0,9955.0,6.0,37.0,15.0,57.0,9449.0,72.0,291.0,31.0
rs562992,T,G,37.0,1183.0,87.0,28486.0,86.0,750.0,1153.0,441.0,144806.0,716.0,6008.0,3849.0
rs56345112,G,A,482.0,738.0,12.0,2682.0,30.0,55.0,6.0,118.0,22002.0,126.0,623.0,114.0
rs56366911,T,C,373.0,847.0,1.0,2597.0,38.0,51.0,23.0,85.0,11455.0,108.0,559.0,75.0
rs565470,A,G,809.0,411.0,277.0,99881.0,520.0,4771.0,113.0,263.0,49417.0,228.0,1535.0,71.0
rs565510,C,T,638.0,582.0,48.0,11719.0,162.0,1326.0,73.0,54.0,9415.0,130.0,1438.0,37.0
rs566979,A,C,775.0,445.0,201.0,41889.0,321.0,3410.0,49.0,243.0,73995.0,477.0,4574.0,81.0
rs57014315,G,A,708.0,512.0,23.0,7543.0,87.0,360.0,55.0,63.0,6217.0,59.0,250.0,43.0
rs571979103,A,T,12.0,1100.0,1.0,143.0,3.0,1.0,1.0,83.0,11871.0,143.0,609.0,93.0
rs57225762,C,T,329.0,891.0,38.0,9691.0,39.0,223.0,45.0,62.0,20903.0,129.0,477.0,69.0
rs572713,G,A,150.0,1070.0,29.0,954.0,14.0,48.0,9.0,57.0,11344.0,132.0,562.0,87.0
rs574430,A,G,417.0,803.0,1583.0,105277.0,398.0,1914.0,2357.0,1569.0,168041.0,736.0,5314.0,2863.0
rs57541979,C,T,187.0,1033.0,2.0,2807.0,31.0,131.0,24.0,84.0,11263.0,115.0,479.0,74.0
rs578236403,G,A,1.0,1219.0,98.0,23712.0,158.0,677.0,108.0,2.0,874.0,10.0,23.0,6.0
rs578937,G,C,744.0,476.0,71.0,14220.0,134.0,555.0,97.0,15.0,66.0,12.0,55.0,1.0
rs57930203,C,G,590.0,630.0,37.0,5982.0,63.0,296.0,47.0,49.0,7858.0,83.0,314.0,51.0
rs57931605,T,C,187.0,1033.0,2.0,2936.0,32.0,134.0,24.0,84.0,11350.0,114.0,476.0,74.0
rs58108667,T,C,442.0,778.0,5.0,2209.0,29.0,63.0,13.0,115.0,12155.0,117.0,547.0,91.0
rs58249067,C,T,71.0,1147.0,23.0,2860.0,20.0,89.0,27.0,77.0,21816.0,148.0,611.0,87.0
rs583900,G,A,597.0,623.0,48.0,6762.0,75.0,570.0,36.0,74.0,23784.0,245.0,2334.0,90.0
rs58455864,T,C,83.0,1137.0,1.0,2878.0,20.0,81.0,16.0,85.0,11408.0,126.0,529.0,82.0
rs58683082,G,A,182.0,1038.0,2.0,1861.0,16.0,110.0,22.0,84.0,12425.0,130.0,500.0,76.0
rs58715265,A,C,182.0,1038.0,2.0,1861.0,16.0,110.0,22.0,84.0,12425.0,130.0,500.0,76.0
rs587409,C,T,721.0,499.0,432.0,102824.0,438.0,4472.0,2583.0,200.0,116964.0,404.0,2414.0,2465.0
rs587596,G,C,468.0,752.0,64.0,8902.0,92.0,332.0,64.0,22.0,5382.0,54.0,278.0,34.0
rs58775672,A,T,187.0,1033.0,2.0,2936.0,32.0,134.0,24.0,84.0,11348.0,114.0,476.0,74.0
rs58783524,A,C,159.0,1051.0,45.0,528.0,17.0,56.0,26.0,85.0,15054.0,139.0,572.0,78.0
rs58988373,C,G,137.0,1083.0,3.0,2128.0,22.0,52.0,7.0,83.0,12158.0,124.0,558.0,91.0
rs589985,G,A,626.0,594.0,96.0,41782.0,458.0,2261.0,82.0,54.0,21818.0,222.0,669.0,44.0
rs59054477,A,G,266.0,926.0,30.0,10835.0,74.0,247.0,65.0,70.0,9395.0,94.0,453.0,49.0
rs59245704,T,G,185.0,1035.0,2.0,4130.0,26.0,129.0,28.0,100.0,20688.0,142.0,571.0,88.0
rs593564,A,G,513.0,707.0,103.0,67087.0,310.0,2275.0,94.0,387.0,56285.0,428.0,3957.0,90.0
rs594377,C,G,902.0,318.0,84.0,9267.0,116.0,484.0,74.0,2.0,4443.0,30.0,126.0,24.0
rs59504364,A,G,693.0,527.0,40.0,11308.0,61.0,237.0,55.0,48.0,9236.0,85.0,373.0,45.0
rs59516573,C,T,182.0,1038.0,2.0,1859.0,16.0,111.0,22.0,86.0,12511.0,130.0,499.0,78.0
rs595325,C,A,1004.0,216.0,3116.0,214304.0,920.0,7611.0,4186.0,8.0,51266.0,214.0,1159.0,958.0
rs59550488,C,T,141.0,1079.0,18.0,44.0,4.0,2.0,10.0,82.0,24698.0,164.0,698.0,104.0
rs597060,T,C,597.0,623.0,32.0,3128.0,37.0,126.0,32.0,54.0,11158.0,109.0,484.0,66.0
rs59828072,T,G,335.0,789.0,32.0,3694.0,35.0,217.0,28.0,52.0,7986.0,111.0,393.0,66.0
rs598893,C,T,468.0,752.0,404.0,104136.0,633.0,3169.0,120.0,120.0,56608.0,471.0,3165.0,64.0
rs599483,A,G,139.0,1081.0,211.0,25447.0,87.0,582.0,1025.0,391.0,172373.0,755.0,6310.0,4017.0
rs599739,T,C,1097.0,123.0,79.0,12394.0,129.0,547.0,84.0,7.0,1892.0,17.0,63.0,14.0
rs600892,C,T,404.0,816.0,12.0,4809.0,33.0,133.0,24.0,74.0,9477.0,113.0,477.0,74.0
rs60232894,C,T,92.0,1128.0,2.0,3902.0,18.0,118.0,28.0,100.0,27120.0,150.0,582.0,88.0
rs604733,C,T,753.0,467.0,85.0,11202.0,109.0,560.0,76.0,1.0,2442.0,37.0,50.0,22.0
rs605143,C,T,371.0,847.0,46.0,5352.0,107.0,742.0,50.0,56.0,10318.0,185.0,2016.0,60.0
rs608628,G,A,841.0,379.0,282.0,30288.0,488.0,4310.0,136.0,124.0,2832.0,86.0,592.0,32.0
rs60970147,A,T,33.0,1187.0,15.0,1813.0,17.0,58.0,21.0,71.0,12473.0,129.0,552.0,77.0
rs61187741,C,T,221.0,999.0,18.0,4152.0,35.0,249.0,32.0,68.0,10134.0,111.0,361.0,66.0
rs613116,A,C,1097.0,123.0,137.0,44115.0,217.0,1080.0,4103.0,11.0,7273.0,29.0,144.0,811.0
rs614282,T,C,654.0,566.0,77.0,9087.0,101.0,496.0,64.0,9.0,5199.0,45.0,114.0,34.0
rs614786,G,A,872.0,348.0,88.0,24924.0,114.0,557.0,78.0,10.0,14570.0,50.0,127.0,36.0
rs615250,A,C,1092.0,128.0,79.0,12529.0,129.0,548.0,85.0,7.0,1757.0,17.0,62.0,13.0
rs615742,T,C,1096.0,124.0,392.0,93128.0,501.0,4511.0,146.0,18.0,14346.0,77.0,411.0,22.0
rs61600176,T,C,66.0,916.0,3.0,1249.0,22.0,62.0,18.0,81.0,6369.0,124.0,548.0,76.0
rs616008,C,T,556.0,664.0,47.0,42663.0,222.0,1773.0,2839.0,163.0,28215.0,192.0,1701.0,2151.0
rs616089,T,C,1096.0,124.0,81.0,11969.0,130.0,548.0,85.0,5.0,1673.0,16.0,62.0,13.0
rs616466,T,C,465.0,755.0,12.0,5572.0,39.0,191.0,31.0,74.0,8580.0,107.0,419.0,67.0
rs616468,T,G,465.0,755.0,1.0,6977.0,7.0,36.0,8.0,75.0,13277.0,93.0,350.0,52.0
rs617478,C,T,708.0,512.0,81.0,11473.0,84.0,337.0,70.0,53.0,13991.0,84.0,363.0,50.0
rs61749897,A,G,100.0,1120.0,12.0,2991.0,30.0,70.0,7.0,100.0,44267.0,470.0,558.0,91.0
rs61762468,G,C,66.0,1154.0,35.0,1064.0,14.0,110.0,8.0,51.0,13128.0,132.0,500.0,90.0
rs619152,A,G,761.0,459.0,242.0,83346.0,257.0,1708.0,2837.0,24.0,46936.0,147.0,886.0,2141.0
rs61963269,G,A,302.0,918.0,9.0,4002.0,37.0,180.0,24.0,77.0,10200.0,109.0,430.0,74.0
rs61963270,A,G,134.0,890.0,21.0,754.0,12.0,65.0,4.0,63.0,11288.0,134.0,545.0,90.0
rs61963271,G,A,549.0,275.0,72.0,6733.0,116.0,513.0,84.0,12.0,885.0,30.0,97.0,10.0
rs61963272,A,G,4.0,582.0,28.0,1487.0,27.0,143.0,13.0,56.0,6131.0,119.0,467.0,81.0
rs61963276,T,C,204.0,1000.0,21.0,844.0,10.0,69.0,3.0,65.0,13294.0,136.0,541.0,95.0
rs61963280,G,A,36.0,296.0,58.0,5147.0,91.0,414.0,63.0,26.0,2605.0,55.0,196.0,31.0
rs61963290,T,A,37.0,1183.0,1.0,1404.0,13.0,21.0,5.0,85.0,12882.0,133.0,589.0,93.0
rs61963293,T,A,225.0,995.0,1.0,2176.0,24.0,45.0,18.0,85.0,12110.0,122.0,565.0,80.0
rs61963295,T,C,375.0,845.0,1.0,2526.0,36.0,46.0,22.0,85.0,11760.0,110.0,564.0,76.0
rs61963301,G,A,16.0,1204.0,1.0,4109.0,24.0,45.0,20.0,99.0,20555.0,144.0,655.0,94.0
rs61963304,A,G,61.0,1159.0,1.0,2352.0,22.0,36.0,19.0,119.0,12012.0,124.0,574.0,85.0
rs61963306,C,T,22.0,1198.0,1.0,4206.0,24.0,49.0,20.0,97.0,20276.0,140.0,635.0,94.0
rs61963307,G,T,22.0,1198.0,1.0,2434.0,21.0,39.0,19.0,85.0,11852.0,125.0,571.0,79.0
rs61963326,C,T,37.0,1183.0,1.0,2443.0,21.0,39.0,19.0,85.0,11843.0,125.0,571.0,79.0
rs61963327,C,G,37.0,1135.0,1.0,2333.0,21.0,39.0,20.0,85.0,11747.0,125.0,571.0,78.0
rs61963333,G,A,334.0,832.0,53.0,8449.0,80.0,326.0,56.0,33.0,5781.0,66.0,284.0,42.0
rs61963337,G,A,188.0,1032.0,1.0,2886.0,23.0,84.0,17.0,85.0,11400.0,123.0,526.0,81.0
rs61963357,G,A,2.0,1218.0,1.0,2871.0,19.0,78.0,18.0,87.0,11499.0,127.0,532.0,82.0
rs61963358,G,T,83.0,1137.0,1.0,2854.0,20.0,81.0,17.0,85.0,11432.0,126.0,529.0,81.0
rs61964261,C,T,25.0,1195.0,1.0,2862.0,14.0,73.0,8.0,85.0,17644.0,132.0,537.0,90.0
rs61964262,C,T,239.0,981.0,2.0,4151.0,24.0,108.0,18.0,98.0,20583.0,144.0,592.0,96.0
rs61964980,C,T,93.0,1127.0,10.0,5970.0,32.0,175.0,26.0,86.0,15930.0,114.0,447.0,80.0
rs620908,A,G,452.0,768.0,131.0,16821.0,111.0,560.0,85.0,11.0,9077.0,71.0,192.0,35.0
rs621006,T,C,372.0,848.0,73.0,15944.0,99.0,470.0,79.0,27.0,8796.0,69.0,230.0,35.0
rs62129798,G,A,163.0,1055.0,30.0,1825.0,26.0,93.0,38.0,54.0,10255.0,120.0,517.0,56.0
rs62129799,A,C,163.0,1057.0,30.0,1824.0,26.0,93.0,38.0,54.0,10256.0,120.0,517.0,56.0
rs62129827,C,T,163.0,1057.0,30.0,2704.0,33.0,113.0,39.0,56.0,11582.0,113.0,497.0,59.0
rs62131031,G,A,50.0,1170.0,11.0,2724.0,1.0,13.0,4.0,29.0,19300.0,123.0,515.0,62.0
rs621504,G,T,894.0,326.0,94.0,17496.0,123.0,555.0,79.0,6.0,7882.0,45.0,145.0,35.0
rs621929,A,G,968.0,252.0,85.0,12213.0,128.0,529.0,90.0,1.0,2073.0,18.0,81.0,8.0
rs622486,G,A,1167.0,53.0,2386.0,226471.0,974.0,5809.0,4695.0,810.0,44641.0,158.0,1411.0,529.0
rs623157,A,C,1014.0,206.0,85.0,11923.0,124.0,520.0,81.0,1.0,3009.0,22.0,90.0,17.0
rs625053,C,A,332.0,888.0,22.0,18305.0,92.0,640.0,1294.0,140.0,38641.0,300.0,2746.0,3674.0
rs62621208,G,C,239.0,981.0,22.0,7881.0,70.0,352.0,54.0,64.0,6405.0,76.0,258.0,44.0
rs626444,T,C,594.0,626.0,375.0,107476.0,409.0,3215.0,3294.0,261.0,84372.0,435.0,3625.0,1754.0
rs627527,G,A,634.0,586.0,196.0,99810.0,512.0,5603.0,2835.0,318.0,70872.0,348.0,2925.0,2137.0
rs627603,G,A,945.0,275.0,73.0,8699.0,102.0,436.0,70.0,47.0,5665.0,44.0,174.0,34.0
rs630943,A,G,859.0,361.0,413.0,126787.0,604.0,4767.0,3881.0,143.0,45605.0,240.0,2131.0,1161.0
rs631428,C,T,1097.0,123.0,452.0,141414.0,598.0,5713.0,4131.0,20.0,24412.0,104.0,589.0,817.0
rs633133,T,C,1097.0,123.0,94.0,18290.0,253.0,2490.0,91.0,8.0,2890.0,31.0,244.0,19.0
rs636138,G,C,9.0,1211.0,9.0,2105.0,21.0,79.0,27.0,77.0,12181.0,125.0,531.0,71.0
rs638634,C,T,217.0,1003.0,4.0,4536.0,34.0,186.0,25.0,82.0,9750.0,112.0,424.0,73.0
rs639562,T,C,530.0,690.0,38.0,29818.0,110.0,375.0,65.0,138.0,11540.0,54.0,309.0,55.0
rs639655,G,T,727.0,493.0,5.0,6389.0,1.0,9.0,6.0,11.0,9877.0,31.0,91.0,42.0
rs641314,T,C,574.0,646.0,33.0,3285.0,40.0,106.0,20.0,53.0,11001.0,106.0,504.0,78.0
rs644582,A,G,816.0,404.0,79.0,38804.0,160.0,911.0,3020.0,69.0,17842.0,94.0,321.0,1934.0
rs645098,C,T,948.0,272.0,321.0,24266.0,432.0,2572.0,109.0,63.0,12608.0,164.0,2362.0,55.0
rs645114,C,G,1072.0,148.0,79.0,16989.0,129.0,531.0,86.0,33.0,3407.0,17.0,79.0,12.0
rs648243,A,G,201.0,575.0,6.0,1486.0,36.0,94.0,24.0,78.0,6132.0,110.0,516.0,70.0
rs6484722,C,T,183.0,1037.0,227.0,29894.0,184.0,1749.0,37.0,263.0,97064.0,554.0,4507.0,147.0
rs648705,A,C,451.0,769.0,114.0,33599.0,146.0,683.0,3327.0,32.0,19277.0,100.0,543.0,1627.0
rs648735,A,G,451.0,769.0,64.0,8921.0,91.0,331.0,63.0,22.0,5365.0,55.0,279.0,35.0
rs649104,G,A,451.0,769.0,64.0,8889.0,91.0,329.0,63.0,22.0,5397.0,55.0,281.0,35.0
rs6492246,C,T,677.0,543.0,118.0,25391.0,186.0,1423.0,1308.0,288.0,62293.0,434.0,3867.0,3678.0
rs6492249,T,C,376.0,844.0,8.0,7811.0,136.0,450.0,43.0,378.0,35885.0,460.0,4542.0,135.0
rs6492250,C,G,376.0,844.0,1.0,2526.0,36.0,46.0,22.0,85.0,11760.0,110.0,564.0,76.0
rs6492251,C,T,376.0,844.0,1.0,2527.0,36.0,46.0,22.0,85.0,11759.0,110.0,564.0,76.0
rs6492252,A,G,438.0,782.0,92.0,33349.0,148.0,857.0,2892.0,56.0,23915.0,106.0,375.0,2062.0
rs6492253,C,T,673.0,545.0,82.0,11912.0,123.0,475.0,72.0,4.0,2374.0,23.0,135.0,26.0
rs6492255,C,T,319.0,901.0,4.0,1763.0,19.0,40.0,9.0,96.0,23567.0,149.0,660.0,105.0
rs6492256,G,T,954.0,266.0,112.0,31214.0,151.0,622.0,101.0,22.0,2120.0,17.0,78.0,19.0
rs6492257,T,C,584.0,636.0,58.0,9502.0,96.0,467.0,76.0,28.0,4784.0,50.0,143.0,22.0
rs6509362,T,C,879.0,341.0,67.0,12705.0,125.0,526.0,94.0,19.0,1399.0,21.0,84.0,4.0
rs6509364,T,C,931.0,289.0,113.0,40134.0,214.0,1641.0,3650.0,35.0,20380.0,82.0,711.0,1306.0
rs6509365,A,G,400.0,820.0,91.0,23434.0,137.0,925.0,1750.0,85.0,47172.0,277.0,2551.0,3232.0
rs6509366,G,A,226.0,994.0,82.0,22816.0,81.0,351.0,1686.0,78.0,46404.0,187.0,965.0,3282.0
rs6509367,G,A,570.0,584.0,30.0,2379.0,42.0,120.0,39.0,56.0,11679.0,104.0,490.0,59.0
rs6509368,A,G,968.0,250.0,249.0,19369.0,427.0,4539.0,123.0,137.0,15438.0,293.0,2489.0,51.0
rs6517137,T,C,246.0,970.0,51.0,13764.0,106.0,611.0,821.0,539.0,171804.0,738.0,6297.0,4227.0
rs6541003,G,A,519.0,699.0,467.0,112566.0,500.0,5173.0,2429.0,133.0,76256.0,344.0,1727.0,2611.0
rs6541005,A,T,407.0,811.0,63.0,8400.0,85.0,447.0,55.0,23.0,5752.0,61.0,163.0,43.0
rs655676,A,T,635.0,585.0,31.0,6919.0,78.0,364.0,40.0,55.0,7367.0,68.0,246.0,58.0
rs656034,G,A,918.0,302.0,85.0,12105.0,120.0,565.0,80.0,1.0,2181.0,26.0,45.0,18.0
rs660433,G,A,402.0,818.0,13.0,9357.0,81.0,606.0,34.0,103.0,18467.0,233.0,2252.0,92.0
rs660906,G,A,597.0,623.0,159.0,9003.0,183.0,1360.0,58.0,231.0,30989.0,537.0,5700.0,118.0
rs662163,T,C,659.0,561.0,74.0,13085.0,112.0,413.0,68.0,12.0,7999.0,34.0,197.0,30.0
rs663853,G,A,646.0,402.0,59.0,3168.0,76.0,366.0,36.0,25.0,3970.0,70.0,244.0,58.0
rs664532,T,C,519.0,701.0,90.0,14501.0,82.0,390.0,57.0,10.0,10881.0,86.0,310.0,57.0
rs66500342,G,A,73.0,1147.0,1.0,4256.0,4.0,13.0,5.0,95.0,23084.0,104.0,457.0,67.0
rs665713,A,G,604.0,616.0,71.0,9603.0,102.0,414.0,73.0,15.0,4071.0,44.0,196.0,25.0
rs6661817,G,C,76.0,1144.0,67.0,5247.0,50.0,315.0,21.0,19.0,9039.0,96.0,295.0,77.0
rs66656189,G,A,248.0,912.0,15.0,12812.0,53.0,197.0,34.0,85.0,17980.0,115.0,503.0,80.0
rs667968,A,G,760.0,460.0,71.0,7431.0,86.0,321.0,55.0,15.0,6855.0,60.0,289.0,43.0
rs668149,A,G,1061.0,159.0,99.0,19894.0,195.0,2278.0,96.0,1.0,4844.0,49.0,386.0,18.0
rs6683321,G,A,134.0,1086.0,1.0,2661.0,4.0,22.0,4.0,73.0,18981.0,112.0,454.0,74.0
rs6687360,C,T,719.0,501.0,403.0,58773.0,330.0,3130.0,81.0,159.0,101005.0,400.0,3070.0,93.0
rs668861,G,A,616.0,604.0,70.0,7424.0,82.0,311.0,54.0,16.0,6862.0,64.0,299.0,44.0
rs671633,G,A,561.0,659.0,34.0,4621.0,41.0,105.0,20.0,54.0,15949.0,105.0,505.0,80.0
rs67188524,T,G,233.0,983.0,13.0,5132.0,27.0,58.0,19.0,115.0,25504.0,129.0,620.0,101.0
rs672949,C,T,404.0,816.0,299.0,93162.0,355.0,1910.0,1653.0,2911.0,178132.0,925.0,7468.0,3585.0
rs675605,G,C,861.0,359.0,64.0,9837.0,106.0,400.0,75.0,22.0,3827.0,40.0,210.0,23.0
rs677877,A,G,468.0,738.0,94.0,20620.0,103.0,369.0,66.0,30.0,11508.0,65.0,301.0,34.0
rs67802142,C,T,430.0,790.0,1.0,265.0,16.0,26.0,1.0,119.0,14099.0,130.0,584.0,103.0
rs678661,G,A,998.0,222.0,77.0,9187.0,111.0,509.0,65.0,9.0,5099.0,35.0,101.0,33.0
rs679062,C,T,905.0,315.0,90.0,15570.0,119.0,571.0,78.0,10.0,9166.0,49.0,129.0,36.0
rs679097,G,A,898.0,322.0,121.0,15631.0,118.0,571.0,82.0,13.0,9187.0,50.0,129.0,38.0
rs679248,T,A,921.0,299.0,85.0,12108.0,120.0,565.0,80.0,1.0,2178.0,26.0,45.0,18.0
rs679505,T,C,765.0,455.0,53.0,13770.0,214.0,1805.0,75.0,59.0,5944.0,98.0,1025.0,35.0
rs679958,T,C,817.0,403.0,485.0,158268.0,704.0,5521.0,3743.0,167.0,54532.0,286.0,3537.0,1319.0
rs680484,G,T,474.0,746.0,57.0,27226.0,126.0,1060.0,1989.0,119.0,41972.0,288.0,2412.0,2991.0
rs68079483,G,A,429.0,791.0,1.0,2468.0,36.0,49.0,21.0,87.0,11902.0,110.0,561.0,79.0
rs680860,G,A,573.0,647.0,33.0,3277.0,40.0,105.0,20.0,53.0,11009.0,106.0,505.0,78.0
rs681766,G,A,893.0,323.0,78.0,11369.0,125.0,536.0,83.0,8.0,2783.0,21.0,74.0,15.0
rs681884,G,A,1171.0,49.0,101.0,16697.0,139.0,553.0,99.0,1.0,8087.0,29.0,145.0,17.0
rs683309,T,C,1079.0,141.0,111.0,17868.0,123.0,574.0,89.0,1.0,2512.0,23.0,36.0,9.0
rs685884,G,A,829.0,391.0,523.0,108193.0,636.0,5478.0,153.0,35.0,40059.0,262.0,2998.0,43.0
rs686642,C,A,126.0,1094.0,76.0,5968.0,54.0,154.0,12.0,152.0,77282.0,576.0,1856.0,154.0
rs686746,C,T,773.0,447.0,349.0,25858.0,424.0,3066.0,121.0,23.0,10062.0,150.0,1794.0,41.0
rs687617,G,A,611.0,609.0,76.0,10097.0,105.0,412.0,74.0,10.0,4189.0,41.0,198.0,24.0
rs693119,G,A,31.0,1189.0,9.0,3032.0,28.0,102.0,32.0,77.0,11254.0,118.0,508.0,66.0
rs694225,A,G,561.0,659.0,1693.0,114713.0,472.0,3112.0,207.0,1153.0,60577.0,264.0,1318.0,109.0
rs699,A,G,1137.0,83.0,4101.0,136161.0,866.0,4925.0,3214.0,889.0,186989.0,620.0,2313.0,2008.0
rs7079,G,T,70.0,1150.0,66.0,60034.0,219.0,1123.0,1485.0,526.0,121138.0,625.0,5755.0,3553.0
rs7104301,A,G,178.0,1042.0,140.0,34369.0,194.0,1729.0,61.0,360.0,94309.0,558.0,4603.0,125.0
rs7109778,C,T,39.0,1179.0,16.0,1908.0,20.0,133.0,16.0,70.0,12368.0,126.0,477.0,82.0
rs7113917,A,G,183.0,1037.0,227.0,29915.0,184.0,1766.0,37.0,263.0,97045.0,554.0,4506.0,147.0
rs7120960,T,C,483.0,737.0,59.0,3680.0,53.0,274.0,27.0,27.0,10284.0,93.0,336.0,71.0
rs71357807,T,C,232.0,846.0,43.0,4212.0,41.0,167.0,39.0,41.0,7982.0,105.0,443.0,55.0
rs71357810,G,A,272.0,890.0,40.0,4549.0,48.0,169.0,33.0,46.0,9393.0,98.0,441.0,65.0
rs7139492,C,T,305.0,915.0,1514.0,55114.0,273.0,2288.0,109.0,1614.0,161822.0,755.0,4298.0,257.0
rs71440054,T,A,123.0,903.0,23.0,1978.0,35.0,181.0,23.0,61.0,5640.0,111.0,429.0,71.0
rs71440056,A,G,189.0,1031.0,2.0,3752.0,24.0,137.0,35.0,98.0,20784.0,144.0,563.0,79.0
rs71441604,A,T,20.0,872.0,2.0,192.0,4.0,17.0,7.0,82.0,7426.0,142.0,593.0,87.0
rs71441605,A,G,85.0,809.0,15.0,684.0,14.0,48.0,7.0,69.0,6934.0,132.0,562.0,87.0
rs7246021,T,G,236.0,984.0,22.0,11462.0,72.0,352.0,55.0,64.0,9024.0,74.0,258.0,43.0
rs7248574,A,C,182.0,1038.0,39.0,4779.0,37.0,137.0,43.0,61.0,19937.0,131.0,563.0,71.0
rs7249075,A,G,233.0,953.0,44.0,4765.0,41.0,167.0,39.0,42.0,9189.0,105.0,443.0,59.0
rs7249785,G,A,233.0,985.0,44.0,4965.0,41.0,167.0,39.0,42.0,9315.0,105.0,443.0,59.0
rs72509,G,T,936.0,284.0,500.0,172433.0,718.0,5915.0,4116.0,134.0,28593.0,126.0,955.0,924.0
rs7252898,G,A,230.0,990.0,20.0,4655.0,42.0,266.0,29.0,66.0,9631.0,104.0,344.0,69.0
rs7253718,G,A,230.0,990.0,19.0,4656.0,42.0,266.0,29.0,67.0,9630.0,104.0,344.0,69.0
rs7254278,A,G,423.0,797.0,167.0,20282.0,162.0,1284.0,59.0,323.0,106756.0,612.0,6128.0,125.0
rs7254361,A,G,341.0,879.0,30.0,2959.0,42.0,132.0,41.0,56.0,11327.0,104.0,478.0,57.0
rs7255191,C,T,244.0,976.0,3.0,109.0,13.0,7.0,8.0,83.0,14177.0,133.0,603.0,90.0
rs7257449,G,A,689.0,509.0,23.0,7877.0,86.0,358.0,55.0,63.0,6393.0,60.0,252.0,43.0
rs7258674,A,G,885.0,335.0,67.0,15306.0,123.0,499.0,85.0,35.0,9518.0,45.0,201.0,31.0
rs7259037,C,G,232.0,988.0,44.0,4995.0,41.0,167.0,39.0,42.0,9291.0,105.0,443.0,59.0
rs7259206,C,T,241.0,979.0,12.0,5971.0,5.0,28.0,7.0,28.0,14915.0,93.0,378.0,47.0
rs7259262,G,A,243.0,977.0,3.0,112.0,13.0,7.0,9.0,83.0,14174.0,133.0,603.0,89.0
rs72640221,G,A,143.0,1077.0,9.0,1479.0,9.0,39.0,15.0,79.0,12807.0,145.0,577.0,83.0
rs72652096,G,A,152.0,1068.0,17.0,2148.0,28.0,96.0,22.0,69.0,12138.0,118.0,514.0,76.0
rs72652097,G,A,152.0,1068.0,17.0,2148.0,28.0,96.0,22.0,69.0,12138.0,118.0,514.0,76.0
rs72654112,C,T,32.0,1188.0,1.0,2715.0,21.0,46.0,10.0,113.0,17683.0,133.0,570.0,88.0
rs72654162,C,T,220.0,1000.0,8.0,1009.0,1.0,3.0,4.0,120.0,23065.0,135.0,637.0,90.0
rs72655742,T,G,119.0,1101.0,36.0,7116.0,30.0,277.0,39.0,66.0,17708.0,138.0,423.0,77.0
rs73059198,G,A,237.0,983.0,19.0,4050.0,42.0,248.0,34.0,67.0,10234.0,104.0,362.0,64.0
rs73061210,T,C,230.0,990.0,19.0,4413.0,42.0,266.0,29.0,67.0,9483.0,104.0,344.0,69.0
rs73061248,C,A,163.0,1057.0,31.0,2705.0,36.0,114.0,39.0,57.0,11581.0,118.0,502.0,59.0
rs73167652,A,G,209.0,1011.0,5.0,1235.0,23.0,38.0,13.0,83.0,13051.0,131.0,578.0,85.0
rs7316984,G,A,305.0,915.0,46.0,3529.0,36.0,212.0,33.0,40.0,10757.0,110.0,398.0,65.0
rs7317591,A,C,409.0,811.0,1024.0,98485.0,510.0,4583.0,179.0,2122.0,116731.0,662.0,4155.0,199.0
rs7317784,C,T,571.0,649.0,1908.0,175165.0,709.0,5544.0,3685.0,1262.0,90813.0,421.0,1678.0,1529.0
rs7318128,A,G,433.0,787.0,22.0,36173.0,227.0,591.0,64.0,3074.0,165733.0,809.0,6025.0,296.0
rs7318694,A,G,134.0,1086.0,4.0,1188.0,10.0,28.0,8.0,82.0,13098.0,136.0,582.0,90.0
rs7319323,T,C,365.0,855.0,46.0,3972.0,35.0,271.0,42.0,72.0,8966.0,111.0,339.0,58.0
rs7319995,T,C,433.0,787.0,1.0,2453.0,36.0,49.0,20.0,85.0,11833.0,110.0,561.0,78.0
rs7320027,T,C,136.0,1084.0,4.0,1186.0,10.0,28.0,8.0,82.0,13100.0,136.0,582.0,90.0
rs7320618,T,C,325.0,895.0,1.0,2525.0,34.0,44.0,20.0,85.0,12407.0,112.0,566.0,78.0
rs7324289,T,A,619.0,601.0,75.0,9012.0,109.0,465.0,74.0,11.0,4688.0,37.0,145.0,24.0
rs7325512,C,T,385.0,835.0,45.0,5000.0,39.0,265.0,33.0,41.0,8882.0,107.0,345.0,65.0
rs7326444,G,A,386.0,834.0,46.0,5270.0,39.0,263.0,34.0,42.0,9100.0,107.0,347.0,66.0
rs7327728,A,T,502.0,718.0,6.0,180.0,12.0,24.0,1.0,82.0,14242.0,138.0,602.0,97.0
rs7329411,C,A,563.0,657.0,47.0,6535.0,50.0,299.0,33.0,49.0,11591.0,118.0,371.0,65.0
rs7330851,G,A,201.0,1017.0,32.0,43483.0,182.0,2240.0,1322.0,556.0,139347.0,640.0,4462.0,3702.0
rs7330914,C,A,82.0,1138.0,19.0,98.0,5.0,180.0,2.0,83.0,17266.0,281.0,2566.0,108.0
rs7331362,C,T,376.0,844.0,1.0,2527.0,36.0,46.0,22.0,85.0,11759.0,110.0,564.0,76.0
rs7331702,G,A,319.0,901.0,9.0,5680.0,38.0,179.0,24.0,77.0,14814.0,108.0,431.0,74.0
rs7332120,G,A,302.0,918.0,9.0,4040.0,37.0,180.0,24.0,77.0,10296.0,109.0,430.0,74.0
rs7332235,A,G,305.0,915.0,124.0,57186.0,267.0,2268.0,76.0,3006.0,163774.0,761.0,4320.0,290.0
rs7332643,T,C,376.0,844.0,1.0,2526.0,36.0,46.0,22.0,85.0,11760.0,110.0,564.0,76.0
rs7332644,T,C,376.0,844.0,1.0,2525.0,36.0,46.0,22.0,85.0,11761.0,110.0,564.0,76.0
rs7333008,T,C,302.0,918.0,9.0,6723.0,45.0,206.0,30.0,91.0,18001.0,123.0,494.0,84.0
rs7333204,T,C,302.0,918.0,11.0,4054.0,37.0,180.0,25.0,109.0,10360.0,109.0,430.0,79.0
rs7337819,A,G,43.0,1177.0,8.0,2681.0,8.0,57.0,14.0,78.0,11605.0,138.0,553.0,84.0
rs7338566,C,G,357.0,863.0,9.0,5261.0,38.0,110.0,34.0,77.0,9025.0,108.0,500.0,64.0
rs7338606,C,T,328.0,792.0,304.0,45531.0,206.0,675.0,30.0,2814.0,178909.0,800.0,5821.0,308.0
rs7359970,G,C,994.0,226.0,72.0,13113.0,133.0,588.0,90.0,16.0,1309.0,17.0,38.0,8.0
rs7359978,G,A,312.0,908.0,74.0,18614.0,151.0,1267.0,55.0,86.0,23566.0,163.0,1591.0,71.0
rs73611423,G,A,206.0,1014.0,10.0,1041.0,8.0,66.0,8.0,76.0,13245.0,138.0,544.0,90.0
rs73615455,T,A,442.0,778.0,4.0,2185.0,30.0,63.0,12.0,82.0,12101.0,116.0,547.0,86.0
rs73617438,G,A,104.0,1116.0,1.0,3392.0,18.0,89.0,11.0,101.0,21422.0,150.0,611.0,105.0
rs74124096,T,A,308.0,912.0,3.0,940.0,15.0,39.0,7.0,83.0,13346.0,131.0,571.0,91.0
rs743506,G,A,603.0,617.0,404.0,93491.0,524.0,5254.0,151.0,94.0,32377.0,228.0,1074.0,33.0
rs743507,C,T,860.0,360.0,451.0,132948.0,617.0,5818.0,4247.0,103.0,45276.0,227.0,1088.0,789.0
rs74591016,A,C,8.0,1212.0,17.0,1707.0,21.0,71.0,28.0,69.0,12579.0,125.0,539.0,70.0
rs746771,G,A,51.0,1169.0,18.0,2293.0,38.0,345.0,38.0,84.0,15105.0,254.0,2425.0,72.0
rs7508477,G,A,975.0,245.0,61.0,7737.0,106.0,446.0,69.0,23.0,3899.0,40.0,164.0,25.0
rs7508504,A,G,955.0,265.0,65.0,10432.0,126.0,527.0,90.0,19.0,1130.0,20.0,83.0,4.0
rs7508683,A,G,48.0,712.0,6.0,779.0,11.0,112.0,9.0,78.0,11209.0,135.0,498.0,85.0
rs75120287,C,T,56.0,1164.0,2.0,1848.0,14.0,108.0,22.0,84.0,12438.0,132.0,502.0,76.0
rs7513707,G,A,8.0,1212.0,51.0,2491.0,33.0,236.0,12.0,35.0,11795.0,113.0,374.0,86.0
rs751749,A,G,105.0,1115.0,8.0,6241.0,48.0,325.0,13.0,108.0,22237.0,266.0,2535.0,113.0
rs7523862,G,A,76.0,1144.0,97.0,11351.0,50.0,314.0,21.0,33.0,20167.0,96.0,296.0,77.0
rs75273185,C,T,2.0,1218.0,3.0,446.0,5.0,22.0,3.0,83.0,13840.0,141.0,588.0,95.0
rs7533315,T,C,810.0,410.0,334.0,24340.0,438.0,4255.0,121.0,38.0,8058.0,136.0,639.0,41.0
rs753482,C,A,805.0,415.0,393.0,76535.0,417.0,4811.0,69.0,25.0,20849.0,169.0,819.0,17.0
rs7536290,A,G,500.0,720.0,140.0,27560.0,185.0,2252.0,1003.0,418.0,147124.0,659.0,4640.0,4041.0
rs75372280,G,C,108.0,1112.0,21.0,2351.0,14.0,156.0,15.0,65.0,11935.0,132.0,454.0,83.0
rs7539013,C,T,642.0,578.0,63.0,5530.0,66.0,307.0,44.0,23.0,8756.0,80.0,303.0,54.0
rs7539020,C,T,642.0,578.0,64.0,6287.0,69.0,308.0,44.0,24.0,10165.0,85.0,308.0,54.0
rs75418023,G,C,24.0,1196.0,1.0,1666.0,19.0,29.0,17.0,83.0,10230.0,127.0,581.0,77.0
rs754380,G,T,448.0,770.0,10.0,1706.0,26.0,92.0,6.0,76.0,12562.0,120.0,518.0,92.0
rs754381,T,C,61.0,1135.0,55.0,5571.0,44.0,189.0,28.0,33.0,8799.0,102.0,421.0,72.0
rs754880,G,A,648.0,572.0,72.0,7264.0,129.0,1225.0,40.0,28.0,8352.0,113.0,679.0,68.0
rs7553194,G,A,95.0,1125.0,60.0,11810.0,42.0,453.0,23.0,438.0,113462.0,710.0,5871.0,161.0
rs7555237,C,A,512.0,696.0,45.0,1429.0,32.0,220.0,23.0,41.0,12727.0,114.0,390.0,75.0
rs7555336,C,T,513.0,707.0,45.0,1504.0,32.0,220.0,23.0,41.0,12782.0,114.0,390.0,75.0
rs7555650,C,T,430.0,790.0,86.0,6347.0,86.0,1111.0,959.0,78.0,55531.0,314.0,2279.0,4009.0
rs755879818,A,G,116.0,690.0,14.0,1326.0,22.0,113.0,17.0,70.0,10634.0,124.0,497.0,77.0
rs75863835,A,G,124.0,1094.0,5.0,6.0,5.0,5.0,4.0,115.0,9896.0,141.0,605.0,100.0
rs759965478,G,C,7.0,281.0,1.0,36.0,1.0,4.0,1.0,83.0,7582.0,145.0,606.0,93.0
rs76085932,C,T,134.0,1086.0,4.0,1717.0,10.0,28.0,8.0,82.0,18769.0,136.0,582.0,90.0
rs76143195,G,A,207.0,1013.0,35.0,614.0,18.0,85.0,7.0,87.0,13750.0,136.0,531.0,97.0
rs762178,A,G,573.0,647.0,119.0,142073.0,679.0,4512.0,2448.0,557.0,105055.0,663.0,4564.0,2610.0
rs76431880,T,C,6.0,1214.0,2.0,421.0,3.0,13.0,5.0,84.0,13865.0,143.0,597.0,93.0
rs76462321,C,T,134.0,1086.0,4.0,1189.0,10.0,28.0,8.0,82.0,13097.0,136.0,582.0,90.0
rs76519176,T,C,136.0,1084.0,4.0,1188.0,10.0,28.0,8.0,82.0,13098.0,136.0,582.0,90.0
rs76553953,A,C,5.0,1215.0,1.0,403.0,3.0,13.0,6.0,85.0,13883.0,143.0,597.0,92.0
rs76675954,G,A,85.0,1135.0,6.0,26.0,8.0,56.0,1.0,94.0,28356.0,160.0,644.0,113.0
rs76720377,T,C,26.0,1194.0,2.0,421.0,3.0,14.0,5.0,86.0,13865.0,151.0,602.0,93.0
rs769217,C,T,181.0,1039.0,1339.0,60304.0,371.0,1860.0,81.0,1815.0,199280.0,1025.0,4624.0,287.0
rs769218,G,A,187.0,1033.0,196.0,24211.0,162.0,1746.0,22.0,244.0,86867.0,572.0,4698.0,150.0
rs77120970,G,A,152.0,1068.0,17.0,2148.0,28.0,96.0,22.0,69.0,12138.0,118.0,514.0,76.0
rs77152467,G,A,167.0,753.0,23.0,3601.0,41.0,226.0,31.0,61.0,6810.0,105.0,384.0,63.0
rs77306642,C,T,5.0,1215.0,1.0,406.0,3.0,13.0,6.0,85.0,13880.0,143.0,597.0,92.0
rs77370634,C,T,146.0,1074.0,4.0,1139.0,10.0,26.0,8.0,82.0,13147.0,136.0,584.0,90.0
rs77458044,A,G,5.0,1215.0,1.0,404.0,3.0,14.0,5.0,87.0,13882.0,151.0,602.0,93.0
rs77585144,T,C,106.0,1114.0,38.0,1696.0,18.0,80.0,38.0,62.0,23520.0,148.0,620.0,76.0
rs7802308,T,A,342.0,722.0,58.0,1732.0,42.0,207.0,48.0,26.0,10344.0,104.0,403.0,46.0
rs78148419,A,G,16.0,582.0,17.0,807.0,14.0,113.0,9.0,67.0,6811.0,132.0,497.0,85.0
rs78231406,C,A,66.0,1154.0,19.0,75.0,4.0,41.0,1.0,67.0,14211.0,142.0,569.0,97.0
rs7830,G,T,214.0,1006.0,251.0,59437.0,224.0,1281.0,77.0,311.0,118401.0,466.0,981.0,107.0
rs78307164,G,A,6.0,1210.0,21.0,3567.0,22.0,76.0,32.0,77.0,27185.0,138.0,618.0,82.0
rs78326356,G,A,10.0,1210.0,6.0,438.0,5.0,22.0,3.0,114.0,13926.0,141.0,588.0,101.0
rs79071664,G,A,4.0,1216.0,17.0,1702.0,21.0,71.0,28.0,69.0,12582.0,125.0,539.0,70.0
rs79087416,T,C,1.0,1219.0,2.0,502.0,3.0,14.0,5.0,84.0,13784.0,143.0,596.0,93.0
rs7928213,G,A,181.0,687.0,36.0,2630.0,45.0,178.0,18.0,48.0,9412.0,101.0,432.0,76.0
rs7933285,C,T,167.0,991.0,154.0,46022.0,216.0,1889.0,1606.0,402.0,128254.0,628.0,4989.0,3436.0
rs79334773,A,G,71.0,1149.0,30.0,5314.0,15.0,178.0,20.0,104.0,25696.0,153.0,522.0,100.0
rs79421402,G,A,2.0,1218.0,1.0,2056.0,24.0,63.0,4.0,87.0,12230.0,130.0,553.0,94.0
rs7943316,A,T,502.0,718.0,27.0,9300.0,84.0,294.0,67.0,59.0,4986.0,62.0,316.0,31.0
rs79467411,G,A,208.0,1012.0,8.0,1752.0,22.0,38.0,13.0,104.0,18596.0,124.0,572.0,85.0
rs7947841,G,A,126.0,1094.0,144.0,13276.0,64.0,173.0,9.0,354.0,115064.0,626.0,2091.0,175.0
rs79494056,G,A,2.0,1218.0,10.0,1265.0,6.0,67.0,4.0,76.0,12887.0,140.0,543.0,94.0
rs79557548,G,A,132.0,1088.0,13.0,2259.0,10.0,86.0,10.0,87.0,26061.0,158.0,614.0,104.0
rs796335793,A,G,6.0,726.0,14.0,300.0,8.0,33.0,2.0,70.0,11776.0,138.0,577.0,92.0
rs79735808,T,C,66.0,1154.0,19.0,75.0,4.0,41.0,1.0,67.0,14211.0,142.0,569.0,97.0
rs79757635,A,C,50.0,1170.0,30.0,6683.0,27.0,63.0,15.0,114.0,34089.0,141.0,635.0,99.0
rs79767343,G,A,133.0,1087.0,7.0,1978.0,14.0,29.0,2.0,93.0,22754.0,154.0,671.0,112.0
rs7981946,C,T,237.0,983.0,21.0,56843.0,260.0,1422.0,1074.0,549.0,119863.0,640.0,5612.0,3978.0
rs7983081,A,G,556.0,664.0,4.0,2372.0,23.0,133.0,26.0,82.0,11914.0,123.0,477.0,72.0
rs7983906,G,A,539.0,681.0,26.0,18267.0,153.0,814.0,51.0,274.0,118345.0,645.0,3434.0,125.0
rs7987099,C,T,66.0,1154.0,19.0,75.0,4.0,45.0,1.0,69.0,14345.0,146.0,581.0,97.0
rs7987982,T,C,521.0,699.0,151.0,39504.0,218.0,466.0,479.0,3049.0,240632.0,950.0,4740.0,4737.0
rs7988985,G,C,22.0,1198.0,1.0,2048.0,19.0,29.0,18.0,85.0,12056.0,127.0,581.0,80.0
rs7989246,C,T,376.0,844.0,1.0,2527.0,36.0,46.0,22.0,85.0,11759.0,110.0,564.0,76.0
rs7990499,G,A,146.0,1074.0,46.0,6036.0,33.0,226.0,26.0,54.0,19340.0,135.0,474.0,88.0
rs7991407,G,A,520.0,700.0,4.0,2096.0,31.0,60.0,11.0,82.0,12190.0,115.0,550.0,87.0
rs7994104,G,A,445.0,775.0,4.0,2566.0,33.0,70.0,12.0,84.0,11720.0,121.0,546.0,86.0
rs7994305,C,A,115.0,1105.0,12.0,18953.0,59.0,285.0,1149.0,180.0,56541.0,195.0,947.0,3805.0
rs7995509,C,T,376.0,844.0,1.0,2636.0,36.0,46.0,22.0,85.0,12296.0,110.0,564.0,76.0
rs7995601,A,G,376.0,844.0,1.0,2523.0,36.0,46.0,22.0,85.0,11763.0,110.0,564.0,76.0
rs7996767,A,G,266.0,954.0,12.0,5181.0,33.0,187.0,24.0,74.0,12737.0,113.0,423.0,74.0
rs7996908,T,G,376.0,844.0,1.0,2527.0,36.0,46.0,22.0,85.0,11759.0,110.0,564.0,76.0
rs7996925,C,T,266.0,954.0,3.0,2923.0,53.0,724.0,2.0,79.0,10923.0,181.0,1714.0,70.0
rs7999378,T,C,432.0,788.0,1.0,2452.0,36.0,49.0,20.0,85.0,11832.0,110.0,561.0,78.0
rs7999607,T,C,433.0,787.0,1.0,2338.0,36.0,49.0,20.0,85.0,11732.0,110.0,561.0,78.0
rs7999677,T,C,1092.0,128.0,79.0,12392.0,129.0,548.0,85.0,7.0,1760.0,17.0,62.0,13.0
rs7999678,T,C,1092.0,128.0,79.0,11832.0,129.0,548.0,85.0,7.0,1674.0,17.0,62.0,13.0
rs8002698,C,T,627.0,369.0,388.0,102913.0,660.0,7004.0,149.0,120.0,21209.0,222.0,1430.0,49.0
rs80249360,T,C,80.0,1110.0,6.0,159.0,8.0,13.0,3.0,120.0,15152.0,140.0,609.0,105.0
rs80280017,G,A,18.0,1202.0,4.0,1656.0,7.0,24.0,4.0,96.0,23080.0,161.0,676.0,110.0
rs8105324,G,A,259.0,961.0,27.0,14609.0,88.0,427.0,64.0,81.0,11803.0,94.0,327.0,50.0
rs8105702,C,G,502.0,718.0,31.0,2199.0,34.0,98.0,38.0,55.0,12087.0,112.0,512.0,60.0
rs8106561,G,A,91.0,1129.0,2.0,1029.0,7.0,19.0,14.0,98.0,23673.0,161.0,681.0,100.0
rs8106618,T,C,502.0,718.0,31.0,2201.0,34.0,98.0,39.0,55.0,12085.0,112.0,512.0,59.0
rs8107793,G,C,962.0,258.0,67.0,12853.0,126.0,527.0,94.0,19.0,1405.0,20.0,83.0,4.0
rs8108014,G,A,244.0,970.0,22.0,7768.0,70.0,352.0,55.0,64.0,6408.0,76.0,258.0,43.0
rs8110489,G,A,259.0,961.0,21.0,6741.0,71.0,352.0,51.0,63.0,5473.0,75.0,258.0,43.0
rs8113696,C,G,217.0,1003.0,37.0,4754.0,45.0,170.0,32.0,49.0,9532.0,101.0,440.0,66.0
rs874203,T,A,317.0,903.0,35.0,13855.0,152.0,267.0,36.0,77.0,24551.0,348.0,361.0,62.0
rs874204,C,T,317.0,903.0,39.0,20799.0,153.0,302.0,41.0,87.0,36921.0,369.0,416.0,73.0
rs891511,G,A,726.0,494.0,1157.0,48027.0,175.0,2562.0,31.0,941.0,99267.0,307.0,1816.0,51.0
rs891512,A,G,1212.0,8.0,501.0,103069.0,711.0,7256.0,167.0,31.0,29243.0,167.0,1122.0,29.0
rs903351,A,G,290.0,930.0,52.0,8140.0,78.0,413.0,61.0,34.0,6146.0,68.0,197.0,37.0
rs903352,A,C,365.0,855.0,375.0,96195.0,361.0,1788.0,2635.0,257.0,113513.0,423.0,1054.0,2411.0
rs903353,A,T,365.0,855.0,51.0,6432.0,75.0,376.0,54.0,35.0,7854.0,71.0,234.0,44.0
rs903354,G,T,176.0,1044.0,17.0,12998.0,28.0,171.0,1061.0,85.0,43414.0,170.0,779.0,3849.0
rs923946,C,T,738.0,482.0,3117.0,180204.0,786.0,5800.0,288.0,17.0,43744.0,234.0,756.0,78.0
rs9301432,G,A,230.0,990.0,2.0,10719.0,59.0,291.0,549.0,174.0,66669.0,347.0,3117.0,4435.0
rs9301436,G,A,342.0,878.0,69.0,64351.0,236.0,2082.0,1804.0,489.0,109233.0,608.0,4824.0,3240.0
rs9301441,C,T,309.0,911.0,1277.0,124044.0,456.0,3860.0,150.0,1751.0,90288.0,464.0,2200.0,138.0
rs9301442,T,C,343.0,877.0,33.0,6360.0,69.0,334.0,53.0,53.0,7926.0,77.0,276.0,45.0
rs9301443,T,C,632.0,588.0,82.0,11519.0,123.0,477.0,71.0,4.0,2133.0,23.0,133.0,27.0
rs9301445,C,T,433.0,787.0,220.0,102608.0,440.0,3944.0,2225.0,372.0,84318.0,394.0,2942.0,2779.0
rs9304675,G,C,219.0,1001.0,39.0,4554.0,45.0,170.0,32.0,47.0,9404.0,101.0,440.0,66.0
rs943580,G,A,77.0,1143.0,31.0,43263.0,166.0,1044.0,1924.0,179.0,30931.0,246.0,2390.0,3066.0
rs9515157,T,A,170.0,1050.0,32.0,3026.0,26.0,113.0,30.0,54.0,11260.0,120.0,497.0,68.0
rs9515160,A,G,319.0,901.0,850.0,79728.0,363.0,2517.0,138.0,2270.0,140956.0,663.0,4071.0,230.0
rs9515161,T,C,318.0,902.0,32.0,5345.0,40.0,262.0,38.0,54.0,8941.0,106.0,348.0,60.0
rs9515162,C,T,38.0,1182.0,113.0,19674.0,83.0,1223.0,28.0,377.0,103106.0,655.0,5043.0,156.0
rs9515163,A,G,80.0,1140.0,30.0,37588.0,178.0,2669.0,22.0,512.0,105342.0,654.0,5433.0,140.0
rs9515166,C,T,266.0,954.0,14.0,7986.0,42.0,213.0,29.0,86.0,20368.0,126.0,487.0,85.0
rs9515167,G,A,31.0,1189.0,32.0,2331.0,20.0,530.0,11.0,54.0,11955.0,206.0,2092.0,87.0
rs9515168,T,G,272.0,948.0,101.0,24631.0,97.0,550.0,577.0,477.0,165271.0,705.0,6248.0,4443.0
rs9515169,G,A,126.0,1094.0,12.0,6842.0,41.0,121.0,26.0,124.0,24874.0,127.0,579.0,96.0
rs9515170,C,T,129.0,1091.0,69.0,46368.0,175.0,788.0,1283.0,483.0,128584.0,607.0,2046.0,3757.0
rs9515173,T,C,151.0,1069.0,9.0,3942.0,10.0,65.0,14.0,77.0,16240.0,136.0,545.0,84.0
rs9515176,A,G,66.0,1154.0,20.0,2841.0,17.0,129.0,8.0,66.0,11445.0,129.0,481.0,90.0
rs9515177,G,A,78.0,1142.0,14.0,3625.0,18.0,128.0,8.0,74.0,15191.0,136.0,488.0,90.0
rs9515179,G,A,56.0,1164.0,27.0,3617.0,29.0,151.0,32.0,59.0,11315.0,117.0,459.0,66.0
rs9515182,G,A,280.0,940.0,4.0,3530.0,26.0,122.0,26.0,96.0,21768.0,142.0,576.0,86.0
rs9515183,T,C,473.0,747.0,87.0,18838.0,109.0,539.0,88.0,45.0,9494.0,59.0,161.0,28.0
rs9515184,A,G,475.0,745.0,58.0,8128.0,94.0,467.0,75.0,26.0,4086.0,52.0,143.0,19.0
rs9515185,C,G,262.0,950.0,42.0,5809.0,72.0,227.0,48.0,44.0,8475.0,74.0,383.0,50.0
rs9521623,A,C,170.0,1050.0,1207.0,57138.0,175.0,438.0,1094.0,1913.0,212534.0,853.0,2518.0,4082.0
rs9521625,C,T,151.0,1069.0,32.0,3025.0,26.0,113.0,30.0,54.0,11261.0,120.0,497.0,68.0
rs9521629,A,G,696.0,524.0,28.0,7625.0,75.0,327.0,46.0,58.0,6661.0,71.0,283.0,52.0
rs9521632,T,C,319.0,901.0,36.0,11322.0,43.0,296.0,43.0,64.0,19616.0,125.0,404.0,71.0
rs9521633,T,C,247.0,973.0,32.0,5324.0,41.0,260.0,37.0,54.0,8962.0,105.0,350.0,61.0
rs9521635,T,C,509.0,711.0,45.0,5581.0,44.0,267.0,39.0,41.0,9351.0,102.0,343.0,59.0
rs9521637,T,C,324.0,896.0,45.0,5355.0,39.0,263.0,38.0,41.0,8931.0,107.0,347.0,60.0
rs9521638,A,G,549.0,671.0,1395.0,81131.0,411.0,2617.0,134.0,1721.0,145415.0,631.0,4027.0,232.0
rs9521641,C,G,82.0,1138.0,5.0,3981.0,33.0,178.0,24.0,81.0,10305.0,113.0,432.0,74.0
rs9521642,G,A,81.0,1139.0,9.0,18162.0,104.0,1045.0,1157.0,157.0,48088.0,296.0,2337.0,3809.0
rs9521644,C,A,207.0,1013.0,7.0,5138.0,30.0,183.0,24.0,79.0,12744.0,116.0,427.0,74.0
rs9521645,G,T,2.0,1124.0,15.0,1900.0,30.0,178.0,23.0,103.0,5622.0,116.0,432.0,77.0
rs9521646,G,A,593.0,627.0,71.0,6440.0,100.0,409.0,70.0,15.0,2778.0,46.0,201.0,28.0
rs9521647,T,C,452.0,768.0,64.0,8913.0,91.0,332.0,63.0,22.0,5373.0,55.0,278.0,35.0
rs9521648,G,A,452.0,768.0,64.0,8913.0,91.0,330.0,63.0,22.0,5373.0,55.0,280.0,35.0
rs9521649,G,A,167.0,1053.0,13.0,7857.0,88.0,880.0,25.0,127.0,21341.0,222.0,1936.0,87.0
rs9521650,G,A,101.0,1119.0,137.0,33573.0,193.0,579.0,422.0,461.0,177207.0,1087.0,4433.0,4628.0
rs9521653,A,G,652.0,568.0,63.0,16221.0,113.0,540.0,78.0,65.0,9063.0,47.0,152.0,40.0
rs9521654,A,G,36.0,296.0,58.0,5147.0,91.0,414.0,63.0,26.0,2605.0,55.0,196.0,31.0
rs9521655,A,G,441.0,779.0,59.0,4828.0,58.0,312.0,40.0,27.0,9456.0,88.0,298.0,58.0
rs9521658,T,C,26.0,1194.0,12.0,2624.0,9.0,55.0,15.0,110.0,12386.0,145.0,561.0,89.0
rs9521660,G,A,181.0,1039.0,9.0,6183.0,25.0,88.0,22.0,91.0,18555.0,143.0,612.0,92.0
rs9521664,T,C,25.0,1195.0,28.0,5595.0,35.0,145.0,83.0,424.0,83991.0,661.0,5479.0,4953.0
rs9521665,A,G,29.0,1191.0,10.0,5048.0,11.0,70.0,15.0,90.0,19678.0,157.0,630.0,99.0
rs9521666,A,G,43.0,1177.0,15.0,11808.0,28.0,124.0,605.0,133.0,45562.0,226.0,1108.0,4349.0
rs9521671,C,T,21.0,1199.0,20.0,2762.0,15.0,126.0,9.0,66.0,11524.0,131.0,484.0,89.0
rs9521672,C,T,52.0,1146.0,23.0,4926.0,15.0,145.0,9.0,77.0,19798.0,153.0,555.0,105.0
rs9521673,C,T,198.0,1022.0,24.0,5405.0,25.0,382.0,9.0,76.0,21679.0,185.0,1468.0,105.0
rs9521676,C,T,801.0,419.0,56.0,5774.0,74.0,308.0,37.0,30.0,8512.0,72.0,302.0,61.0
rs9521677,C,T,45.0,1175.0,30.0,5978.0,29.0,188.0,35.0,70.0,18756.0,139.0,512.0,79.0
rs9521678,T,C,305.0,915.0,46.0,3533.0,36.0,212.0,33.0,40.0,10753.0,110.0,398.0,65.0
rs9521685,G,C,263.0,955.0,28.0,6261.0,66.0,220.0,29.0,58.0,8025.0,80.0,390.0,69.0
rs9521686,T,C,921.0,299.0,141.0,75600.0,324.0,3321.0,97.0,75.0,28208.0,118.0,803.0,31.0
rs9521687,C,A,160.0,1060.0,171.0,33426.0,165.0,1942.0,49.0,413.0,135290.0,719.0,6468.0,153.0
rs953386,T,C,702.0,518.0,524.0,146643.0,687.0,5444.0,3619.0,34.0,26205.0,157.0,1460.0,1423.0
rs9555677,G,A,622.0,598.0,65.0,29694.0,15.0,64.0,18.0,35.0,5024.0,11.0,82.0,8.0
rs9555679,T,C,70.0,1150.0,18.0,76.0,4.0,45.0,1.0,68.0,14210.0,142.0,565.0,97.0
rs9555680,T,C,70.0,1150.0,33.0,249.0,5.0,78.0,266.0,117.0,51415.0,249.0,1184.0,4702.0
rs9555682,A,G,13.0,1207.0,179.0,69340.0,313.0,3029.0,1335.0,379.0,108556.0,531.0,3873.0,3707.0
rs9559744,C,T,618.0,602.0,22.0,5368.0,52.0,278.0,33.0,64.0,8918.0,94.0,332.0,65.0
rs9559745,T,C,156.0,1064.0,9.0,195.0,5.0,73.0,1.0,77.0,14091.0,141.0,537.0,97.0
rs9559749,G,A,123.0,1095.0,7.0,2957.0,14.0,63.0,13.0,79.0,11975.0,132.0,547.0,85.0
rs9559753,C,T,30.0,1190.0,26.0,3464.0,28.0,169.0,33.0,62.0,10906.0,118.0,441.0,67.0
rs9559754,C,T,66.0,1154.0,8.0,341.0,4.0,4.0,1.0,78.0,88267.0,476.0,602.0,141.0
rs9559755,G,C,17.0,1203.0,19.0,74.0,4.0,46.0,1.0,67.0,14212.0,142.0,564.0,97.0
rs9559757,C,T,66.0,1154.0,19.0,63.0,4.0,45.0,1.0,65.0,12151.0,142.0,565.0,93.0
rs9559758,C,T,18.0,1202.0,15.0,75.0,4.0,43.0,1.0,71.0,14211.0,142.0,567.0,97.0
rs9559759,C,T,70.0,1150.0,29.0,3594.0,25.0,342.0,13.0,121.0,24148.0,287.0,2496.0,119.0
rs9559761,G,A,14.0,1206.0,42.0,7984.0,46.0,256.0,37.0,92.0,16780.0,122.0,444.0,83.0
rs9583467,A,G,286.0,934.0,13.0,16813.0,124.0,1059.0,1193.0,151.0,45717.0,276.0,2333.0,3775.0
rs9583474,A,C,432.0,788.0,1.0,2858.0,38.0,52.0,23.0,85.0,12074.0,108.0,558.0,75.0
rs958521,A,C,867.0,353.0,117.0,13934.0,139.0,586.0,98.0,3.0,430.0,7.0,24.0,6.0
rs9588107,G,A,690.0,530.0,125.0,48283.0,180.0,2781.0,83.0,301.0,43809.0,188.0,2751.0,87.0
rs9588108,C,G,382.0,838.0,43.0,5237.0,39.0,263.0,33.0,43.0,9049.0,107.0,347.0,65.0
rs9588109,A,C,32.0,1188.0,7.0,16043.0,115.0,427.0,24.0,483.0,106625.0,623.0,5841.0,160.0
rs9588112,C,T,337.0,883.0,11.0,1826.0,16.0,89.0,8.0,89.0,23550.0,152.0,611.0,106.0
rs9588117,C,T,312.0,908.0,11.0,4831.0,91.0,891.0,25.0,91.0,12547.0,199.0,1865.0,85.0
rs9588120,T,C,293.0,927.0,4.0,4044.0,22.0,158.0,22.0,84.0,12984.0,132.0,458.0,76.0
rs9588121,A,T,279.0,941.0,1.0,2168.0,27.0,46.0,18.0,85.0,12118.0,119.0,564.0,80.0
rs9588125,T,C,140.0,1080.0,3.0,5239.0,23.0,67.0,18.0,127.0,25777.0,123.0,543.0,80.0
rs9588128,A,C,806.0,414.0,381.0,69042.0,409.0,4202.0,97.0,203.0,105928.0,475.0,4214.0,105.0
rs9588131,G,A,633.0,587.0,9.0,8850.0,77.0,252.0,43.0,93.0,16604.0,91.0,448.0,73.0
rs9634591,A,G,69.0,1151.0,110.0,34095.0,153.0,1679.0,14.0,474.0,130725.0,731.0,6751.0,188.0
rs9670769,G,A,475.0,745.0,54.0,19595.0,76.0,328.0,48.0,88.0,21743.0,84.0,366.0,66.0
rs9676777,G,A,341.0,879.0,30.0,2960.0,42.0,132.0,40.0,56.0,11326.0,104.0,478.0,58.0
rs9676812,T,A,93.0,1127.0,3.0,522.0,7.0,18.0,12.0,83.0,13764.0,139.0,592.0,86.0
rs9676826,T,C,341.0,879.0,30.0,2957.0,42.0,132.0,40.0,56.0,11329.0,104.0,478.0,58.0
rs971173,G,T,973.0,247.0,11.0,19438.0,138.0,1392.0,1620.0,157.0,40930.0,272.0,5938.0,3350.0
rs972800,T,G,614.0,606.0,86.0,9483.0,159.0,691.0,878.0,484.0,165805.0,829.0,8351.0,4176.0
rs9804147,G,A,507.0,713.0,45.0,1438.0,32.0,220.0,23.0,41.0,12718.0,114.0,390.0,75.0
rs9804153,G,T,501.0,719.0,45.0,1503.0,32.0,220.0,23.0,41.0,12783.0,114.0,390.0,75.0
rs9805362,G,A,737.0,131.0,131.0,19264.0,157.0,683.0,109.0,3.0,416.0,11.0,17.0,11.0
rs9805608,T,C,162.0,1058.0,23.0,9552.0,54.0,167.0,53.0,75.0,21776.0,110.0,517.0,61.0
rs995223,T,C,521.0,699.0,40.0,34291.0,247.0,2816.0,24.0,454.0,96137.0,579.0,5232.0,132.0
rs995224,A,G,252.0,968.0,3.0,8596.0,92.0,5.0,1.0,101.0,25474.0,364.0,305.0,59.0
rs9982080,G,T,176.0,1044.0,10.0,1513.0,24.0,55.0,9.0,76.0,12773.0,122.0,555.0,89.0
