VAR_NAME,POS,REF,ALT,GENE,AFR_AF,DISEASE_PHENOTYPE,CADD_RAW_SCORE_x,CADD_PHRED_SCORE_x,CADD_RAW_SCORE_y,CADD_PHRED_SCORE_y,"('ID', '')","('GENE', '')","('IH_AF', 'Bantu Kenya')","('IH_AF', 'Bantu South Africa')","('IH_AF', 'Biaka Pygmy')","('IH_AF', 'Esan')","('IH_AF', 'Luhya')","('IH_AF', 'Mandenka')","('IH_AF', 'Mandinka')","('IH_AF', 'Mbuti Pygmy')","('IH_AF', 'Mende')","('IH_AF', 'San')","('IH_AF', 'Yoruba')"
rs139916479,110149349,G,A,COL4A1,0.0040983606557377,Brain_small_vessel_disease_1_with_or_without_ocular_anomalies,0.257986,3.798,0.257986,3.798,110149349_G_A,COL4A1,0.0,0.0,0.0,0.0,0.0108695652173913,0.05,0.0043103448275862,0.0,0.0,0.0,0.0
rs139916479,110149349,G,A,COL4A1,0.0040983606557377,"Angiopathy,_hereditary,_with_nephropathy,_aneurysms,_and_muscle_cramps",0.257986,3.798,0.257986,3.798,110149349_G_A,COL4A1,0.0,0.0,0.0,0.0,0.0108695652173913,0.05,0.0043103448275862,0.0,0.0,0.0,0.0
rs139916479,110149349,G,A,COL4A1,0.0040983606557377,Brain_small_vessel_disease_with_hemorrhage,0.257986,3.798,0.257986,3.798,110149349_G_A,COL4A1,0.0,0.0,0.0,0.0,0.0108695652173913,0.05,0.0043103448275862,0.0,0.0,0.0,0.0
chr13:110149715A-AAT,110149715,A,AAT,COL4A1,0.0008250825082508,Porencephalic_cyst,1.172573,13.42,1.172573,13.42,110149715_A_AAT,COL4A1,0.0,0.0,0.0,0.0,0.0,0.0,0.0,0.0,0.0,0.0,0.0036231884057971
chr13:110149715A-AAT,110149715,A,AAT,COL4A1,0.0008250825082508,"Angiopathy,_hereditary,_with_nephropathy,_aneurysms,_and_muscle_cramps",1.172573,13.42,1.172573,13.42,110149715_A_AAT,COL4A1,0.0,0.0,0.0,0.0,0.0,0.0,0.0,0.0,0.0,0.0,0.0036231884057971
chr13:110149715A-AAT,110149715,A,AAT,COL4A1,0.0008250825082508,Brain_small_vessel_disease_with_hemorrhage,1.172573,13.42,1.172573,13.42,110149715_A_AAT,COL4A1,0.0,0.0,0.0,0.0,0.0,0.0,0.0,0.0,0.0,0.0,0.0036231884057971
rs13260,110149776,G,T,COL4A1,0.2663934426229508,Porencephalic_cyst,1.00375,11.67,1.00375,11.67,110149776_G_T,COL4A1,0.4,0.3125,0.4545454545454545,0.2718446601941747,0.3206521739130434,0.15,0.2068965517241379,0.1666666666666666,0.2650602409638554,0.0,0.2717391304347826
rs13260,110149776,G,T,COL4A1,0.2663934426229508,Brain_small_vessel_disease_1_with_or_without_ocular_anomalies,1.00375,11.67,1.00375,11.67,110149776_G_T,COL4A1,0.4,0.3125,0.4545454545454545,0.2718446601941747,0.3206521739130434,0.15,0.2068965517241379,0.1666666666666666,0.2650602409638554,0.0,0.2717391304347826
rs13260,110149776,G,T,COL4A1,0.2663934426229508,"Angiopathy,_hereditary,_with_nephropathy,_aneurysms,_and_muscle_cramps",1.00375,11.67,1.00375,11.67,110149776_G_T,COL4A1,0.4,0.3125,0.4545454545454545,0.2718446601941747,0.3206521739130434,0.15,0.2068965517241379,0.1666666666666666,0.2650602409638554,0.0,0.2717391304347826
rs115834242,110150432,C,T,COL4A1,0.0073770491803278,Porencephalic_cyst,0.431413,5.772,0.431413,5.772,110150432_C_T,COL4A1,0.0,0.0,0.0,0.0194174757281553,0.0054347826086956,0.0,0.0,0.0,0.0,0.0,0.0144927536231884
rs115834242,110150432,C,T,COL4A1,0.0073770491803278,Brain_small_vessel_disease_1_with_or_without_ocular_anomalies,0.431413,5.772,0.431413,5.772,110150432_C_T,COL4A1,0.0,0.0,0.0,0.0194174757281553,0.0054347826086956,0.0,0.0,0.0,0.0,0.0,0.0144927536231884
rs115834242,110150432,C,T,COL4A1,0.0073770491803278,"Angiopathy,_hereditary,_with_nephropathy,_aneurysms,_and_muscle_cramps",0.431413,5.772,0.431413,5.772,110150432_C_T,COL4A1,0.0,0.0,0.0,0.0194174757281553,0.0054347826086956,0.0,0.0,0.0,0.0,0.0,0.0144927536231884
rs650724,110152462,G,A,COL4A1,0.2270491803278688,Brain_small_vessel_disease_1_with_or_without_ocular_anomalies,0.353629,4.906,0.353629,4.906,110152462_G_A,COL4A1,0.4,0.3125,0.4318181818181818,0.2135922330097087,0.3097826086956521,0.125,0.168103448275862,0.1666666666666666,0.1987951807228915,0.0,0.2282608695652173
rs650724,110152462,G,A,COL4A1,0.2270491803278688,"Angiopathy,_hereditary,_with_nephropathy,_aneurysms,_and_muscle_cramps",0.353629,4.906,0.353629,4.906,110152462_G_A,COL4A1,0.4,0.3125,0.4318181818181818,0.2135922330097087,0.3097826086956521,0.125,0.168103448275862,0.1666666666666666,0.1987951807228915,0.0,0.2282608695652173
rs650724,110152462,G,A,COL4A1,0.2270491803278688,Brain_small_vessel_disease_with_hemorrhage,0.353629,4.906,0.353629,4.906,110152462_G_A,COL4A1,0.4,0.3125,0.4318181818181818,0.2135922330097087,0.3097826086956521,0.125,0.168103448275862,0.1666666666666666,0.1987951807228915,0.0,0.2282608695652173
rs117566874,110161184,C,T,COL4A1,0.010655737704918,Brain_small_vessel_disease_1_with_or_without_ocular_anomalies,-0.080042,0.912,-0.080042,0.912,110161184_C_T,COL4A1,0.05,0.0,0.0,0.0194174757281553,0.0217391304347826,0.025,0.0,0.0,0.0060240963855421,0.0,0.0072463768115942
rs117566874,110161184,C,T,COL4A1,0.010655737704918,"Angiopathy,_hereditary,_with_nephropathy,_aneurysms,_and_muscle_cramps",-0.080042,0.912,-0.080042,0.912,110161184_C_T,COL4A1,0.05,0.0,0.0,0.0194174757281553,0.0217391304347826,0.025,0.0,0.0,0.0060240963855421,0.0,0.0072463768115942
rs117566874,110161184,C,T,COL4A1,0.010655737704918,Brain_small_vessel_disease_with_hemorrhage,-0.080042,0.912,-0.080042,0.912,110161184_C_T,COL4A1,0.05,0.0,0.0,0.0194174757281553,0.0217391304347826,0.025,0.0,0.0,0.0060240963855421,0.0,0.0072463768115942
rs2275843,110161185,G,A,COL4A1,0.1196721311475409,Porencephalic_cyst,-0.866287,0.017,-0.866287,0.017,110161185_G_A,COL4A1,0.0,0.0625,0.25,0.1116504854368932,0.1521739130434782,0.1,0.0732758620689655,0.4166666666666667,0.1265060240963855,0.1666666666666666,0.1050724637681159
rs2275843,110161185,G,A,COL4A1,0.1196721311475409,Brain_small_vessel_disease_1_with_or_without_ocular_anomalies,-0.866287,0.017,-0.866287,0.017,110161185_G_A,COL4A1,0.0,0.0625,0.25,0.1116504854368932,0.1521739130434782,0.1,0.0732758620689655,0.4166666666666667,0.1265060240963855,0.1666666666666666,0.1050724637681159
rs2275843,110161185,G,A,COL4A1,0.1196721311475409,"Angiopathy,_hereditary,_with_nephropathy,_aneurysms,_and_muscle_cramps",-0.866287,0.017,-0.866287,0.017,110161185_G_A,COL4A1,0.0,0.0625,0.25,0.1116504854368932,0.1521739130434782,0.1,0.0732758620689655,0.4166666666666667,0.1265060240963855,0.1666666666666666,0.1050724637681159
rs2275843,110161185,G,A,COL4A1,0.1196721311475409,Brain_small_vessel_disease_with_hemorrhage,-0.866287,0.017,-0.866287,0.017,110161185_G_A,COL4A1,0.0,0.0625,0.25,0.1116504854368932,0.1521739130434782,0.1,0.0732758620689655,0.4166666666666667,0.1265060240963855,0.1666666666666666,0.1050724637681159
rs1133219,110161362,G,A,COL4A1,0.3483606557377049,Porencephalic_cyst,0.065531,1.8,0.065531,1.8,110161362_G_A,COL4A1,0.25,0.3125,0.2272727272727272,0.3932038834951456,0.2771739130434782,0.325,0.375,0.125,0.3674698795180723,0.0833333333333333,0.391304347826087
rs1133219,110161362,G,A,COL4A1,0.3483606557377049,Brain_small_vessel_disease_1_with_or_without_ocular_anomalies,0.065531,1.8,0.065531,1.8,110161362_G_A,COL4A1,0.25,0.3125,0.2272727272727272,0.3932038834951456,0.2771739130434782,0.325,0.375,0.125,0.3674698795180723,0.0833333333333333,0.391304347826087
rs1133219,110161362,G,A,COL4A1,0.3483606557377049,"Angiopathy,_hereditary,_with_nephropathy,_aneurysms,_and_muscle_cramps",0.065531,1.8,0.065531,1.8,110161362_G_A,COL4A1,0.25,0.3125,0.2272727272727272,0.3932038834951456,0.2771739130434782,0.325,0.375,0.125,0.3674698795180723,0.0833333333333333,0.391304347826087
rs1816884,110164824,G,C,COL4A1,0.171311475409836,Brain_small_vessel_disease_1_with_or_without_ocular_anomalies,-0.452258,0.149,-0.452258,0.149,110164824_G_C,COL4A1,0.25,0.0,0.0909090909090909,0.1699029126213592,0.1793478260869565,0.2,0.1810344827586207,0.0833333333333333,0.180722891566265,0.0833333333333333,0.1775362318840579
rs1816884,110164824,G,C,COL4A1,0.171311475409836,"Angiopathy,_hereditary,_with_nephropathy,_aneurysms,_and_muscle_cramps",-0.452258,0.149,-0.452258,0.149,110164824_G_C,COL4A1,0.25,0.0,0.0909090909090909,0.1699029126213592,0.1793478260869565,0.2,0.1810344827586207,0.0833333333333333,0.180722891566265,0.0833333333333333,0.1775362318840579
rs140722653,110166248,G,A,COL4A1,0.0163934426229508,Brain_small_vessel_disease_1_with_or_without_ocular_anomalies,-0.548845,0.094,-0.548845,0.094,110166248_G_A,COL4A1,0.0,0.0,0.0,0.0339805825242718,0.0163043478260869,0.0,0.0043103448275862,0.0,0.0180722891566265,0.0,0.0217391304347826
rs140722653,110166248,G,A,COL4A1,0.0163934426229508,"Angiopathy,_hereditary,_with_nephropathy,_aneurysms,_and_muscle_cramps",-0.548845,0.094,-0.548845,0.094,110166248_G_A,COL4A1,0.0,0.0,0.0,0.0339805825242718,0.0163043478260869,0.0,0.0043103448275862,0.0,0.0180722891566265,0.0,0.0217391304347826
rs140722653,110166248,G,A,COL4A1,0.0163934426229508,Brain_small_vessel_disease_with_hemorrhage,-0.548845,0.094,-0.548845,0.094,110166248_G_A,COL4A1,0.0,0.0,0.0,0.0339805825242718,0.0163043478260869,0.0,0.0043103448275862,0.0,0.0180722891566265,0.0,0.0217391304347826
rs3742207,110166251,T,G,COL4A1,0.2885245901639344,Porencephalic_cyst,0.813544,9.528,0.813544,9.528,110166251_T_G,COL4A1,0.25,0.25,0.1363636363636363,0.2864077669902912,0.25,0.375,0.3620689655172414,0.125,0.2650602409638554,0.0833333333333333,0.3079710144927536
rs3742207,110166251,T,G,COL4A1,0.2885245901639344,Brain_small_vessel_disease_1_with_or_without_ocular_anomalies,0.813544,9.528,0.813544,9.528,110166251_T_G,COL4A1,0.25,0.25,0.1363636363636363,0.2864077669902912,0.25,0.375,0.3620689655172414,0.125,0.2650602409638554,0.0833333333333333,0.3079710144927536
rs3742207,110166251,T,G,COL4A1,0.2885245901639344,"Angiopathy,_hereditary,_with_nephropathy,_aneurysms,_and_muscle_cramps",0.813544,9.528,0.813544,9.528,110166251_T_G,COL4A1,0.25,0.25,0.1363636363636363,0.2864077669902912,0.25,0.375,0.3620689655172414,0.125,0.2650602409638554,0.0833333333333333,0.3079710144927536
rs3742207,110166251,T,G,COL4A1,0.2885245901639344,Brain_small_vessel_disease_with_hemorrhage,0.813544,9.528,0.813544,9.528,110166251_T_G,COL4A1,0.25,0.25,0.1363636363636363,0.2864077669902912,0.25,0.375,0.3620689655172414,0.125,0.2650602409638554,0.0833333333333333,0.3079710144927536
rs188122235,110167148,G,A,COL4A1,0.0163934426229508,Brain_small_vessel_disease_1_with_or_without_ocular_anomalies,-0.674409,0.05,-0.674409,0.05,110167148_G_A,COL4A1,0.0,0.0,0.0227272727272727,0.0242718446601941,0.0163043478260869,0.0,0.0172413793103448,0.0833333333333333,0.0060240963855421,0.0,0.0144927536231884
rs188122235,110167148,G,A,COL4A1,0.0163934426229508,"Angiopathy,_hereditary,_with_nephropathy,_aneurysms,_and_muscle_cramps",-0.674409,0.05,-0.674409,0.05,110167148_G_A,COL4A1,0.0,0.0,0.0227272727272727,0.0242718446601941,0.0163043478260869,0.0,0.0172413793103448,0.0833333333333333,0.0060240963855421,0.0,0.0144927536231884
rs188122235,110167148,G,A,COL4A1,0.0163934426229508,Brain_small_vessel_disease_with_hemorrhage,-0.674409,0.05,-0.674409,0.05,110167148_G_A,COL4A1,0.0,0.0,0.0227272727272727,0.0242718446601941,0.0163043478260869,0.0,0.0172413793103448,0.0833333333333333,0.0060240963855421,0.0,0.0144927536231884
rs370539477,110167238,C,T,COL4A1,0.0090163934426229,Brain_small_vessel_disease_1_with_or_without_ocular_anomalies,0.017152,1.446,0.017152,1.446,110167238_C_T,COL4A1,0.0,0.0,0.0,0.0,0.0,0.05,0.0258620689655172,0.0,0.0180722891566265,0.0,0.0
rs370539477,110167238,C,T,COL4A1,0.0090163934426229,"Angiopathy,_hereditary,_with_nephropathy,_aneurysms,_and_muscle_cramps",0.017152,1.446,0.017152,1.446,110167238_C_T,COL4A1,0.0,0.0,0.0,0.0,0.0,0.05,0.0258620689655172,0.0,0.0180722891566265,0.0,0.0
rs370539477,110167238,C,T,COL4A1,0.0090163934426229,Brain_small_vessel_disease_with_hemorrhage,0.017152,1.446,0.017152,1.446,110167238_C_T,COL4A1,0.0,0.0,0.0,0.0,0.0,0.05,0.0258620689655172,0.0,0.0180722891566265,0.0,0.0
rs589985,110167239,G,A,COL4A1,0.5131147540983606,Porencephalic_cyst,-0.383196,0.208,-0.383196,0.208,110167239_G_A,COL4A1,0.55,0.375,0.5681818181818182,0.5533980582524272,0.5163043478260869,0.45,0.4655172413793103,0.25,0.5662650602409639,0.5833333333333334,0.5144927536231884
rs589985,110167239,G,A,COL4A1,0.5131147540983606,Brain_small_vessel_disease_1_with_or_without_ocular_anomalies,-0.383196,0.208,-0.383196,0.208,110167239_G_A,COL4A1,0.55,0.375,0.5681818181818182,0.5533980582524272,0.5163043478260869,0.45,0.4655172413793103,0.25,0.5662650602409639,0.5833333333333334,0.5144927536231884
rs589985,110167239,G,A,COL4A1,0.5131147540983606,"Angiopathy,_hereditary,_with_nephropathy,_aneurysms,_and_muscle_cramps",-0.383196,0.208,-0.383196,0.208,110167239_G_A,COL4A1,0.55,0.375,0.5681818181818182,0.5533980582524272,0.5163043478260869,0.45,0.4655172413793103,0.25,0.5662650602409639,0.5833333333333334,0.5144927536231884
rs202002553,110175208,C,T,COL4A1,0.0024590163934426,Brain_small_vessel_disease_1_with_or_without_ocular_anomalies,-0.922287,0.012,-0.922287,0.012,110175208_C_T,COL4A1,0.0,0.0,0.0681818181818181,0.0,0.0,0.0,0.0,0.0,0.0,0.0,0.0
rs202002553,110175208,C,T,COL4A1,0.0024590163934426,"Angiopathy,_hereditary,_with_nephropathy,_aneurysms,_and_muscle_cramps",-0.922287,0.012,-0.922287,0.012,110175208_C_T,COL4A1,0.0,0.0,0.0681818181818181,0.0,0.0,0.0,0.0,0.0,0.0,0.0,0.0
rs202002553,110175208,C,T,COL4A1,0.0024590163934426,Brain_small_vessel_disease_with_hemorrhage,-0.922287,0.012,-0.922287,0.012,110175208_C_T,COL4A1,0.0,0.0,0.0681818181818181,0.0,0.0,0.0,0.0,0.0,0.0,0.0,0.0
rs874203,110175227,T,A,COL4A1,0.2598360655737705,Brain_small_vessel_disease_1_with_or_without_ocular_anomalies,-0.357579,0.236,-0.357579,0.236,110175227_T_A,COL4A1,0.15,0.25,0.4090909090909091,0.2475728155339805,0.1739130434782608,0.25,0.3620689655172414,0.2916666666666667,0.2469879518072289,0.3333333333333333,0.2282608695652173
rs874203,110175227,T,A,COL4A1,0.2598360655737705,"Angiopathy,_hereditary,_with_nephropathy,_aneurysms,_and_muscle_cramps",-0.357579,0.236,-0.357579,0.236,110175227_T_A,COL4A1,0.15,0.25,0.4090909090909091,0.2475728155339805,0.1739130434782608,0.25,0.3620689655172414,0.2916666666666667,0.2469879518072289,0.3333333333333333,0.2282608695652173
rs874203,110175227,T,A,COL4A1,0.2598360655737705,Brain_small_vessel_disease_with_hemorrhage,-0.357579,0.236,-0.357579,0.236,110175227_T_A,COL4A1,0.15,0.25,0.4090909090909091,0.2475728155339805,0.1739130434782608,0.25,0.3620689655172414,0.2916666666666667,0.2469879518072289,0.3333333333333333,0.2282608695652173
rs874204,110175233,C,T,COL4A1,0.2598360655737705,Brain_small_vessel_disease_1_with_or_without_ocular_anomalies,-0.109797,0.792,-0.109797,0.792,110175233_C_T,COL4A1,0.15,0.25,0.4090909090909091,0.2475728155339805,0.1739130434782608,0.25,0.3620689655172414,0.2916666666666667,0.2469879518072289,0.3333333333333333,0.2282608695652173
rs874204,110175233,C,T,COL4A1,0.2598360655737705,"Angiopathy,_hereditary,_with_nephropathy,_aneurysms,_and_muscle_cramps",-0.109797,0.792,-0.109797,0.792,110175233_C_T,COL4A1,0.15,0.25,0.4090909090909091,0.2475728155339805,0.1739130434782608,0.25,0.3620689655172414,0.2916666666666667,0.2469879518072289,0.3333333333333333,0.2282608695652173
rs874204,110175233,C,T,COL4A1,0.2598360655737705,Brain_small_vessel_disease_with_hemorrhage,-0.109797,0.792,-0.109797,0.792,110175233_C_T,COL4A1,0.15,0.25,0.4090909090909091,0.2475728155339805,0.1739130434782608,0.25,0.3620689655172414,0.2916666666666667,0.2469879518072289,0.3333333333333333,0.2282608695652173
rs16975492,110181355,C,T,COL4A1,0.2011494252873563,Brain_small_vessel_disease_1_with_or_without_ocular_anomalies,-0.372625,0.219,-0.372625,0.219,110181355_C_T,COL4A1,0.1666666666666666,0.25,0.25,0.2233009708737864,0.1413043478260869,0.225,0.2672413793103448,0.0833333333333333,0.1746987951807229,0.3333333333333333,0.1775362318840579
rs16975492,110181355,C,T,COL4A1,0.2011494252873563,"Angiopathy,_hereditary,_with_nephropathy,_aneurysms,_and_muscle_cramps",-0.372625,0.219,-0.372625,0.219,110181355_C_T,COL4A1,0.1666666666666666,0.25,0.25,0.2233009708737864,0.1413043478260869,0.225,0.2672413793103448,0.0833333333333333,0.1746987951807229,0.3333333333333333,0.1775362318840579
rs16975492,110181355,C,T,COL4A1,0.2011494252873563,Brain_small_vessel_disease_with_hemorrhage,-0.372625,0.219,-0.372625,0.219,110181355_C_T,COL4A1,0.1666666666666666,0.25,0.25,0.2233009708737864,0.1413043478260869,0.225,0.2672413793103448,0.0833333333333333,0.1746987951807229,0.3333333333333333,0.1775362318840579
rs78426988,110181361,C,T,COL4A1,0.0655737704918032,Brain_small_vessel_disease_1_with_or_without_ocular_anomalies,-0.16619,0.603,-0.16619,0.603,110181361_C_T,COL4A1,0.05,0.0625,0.0,0.058252427184466,0.0978260869565217,0.05,0.0646551724137931,0.0,0.0481927710843373,0.0,0.0833333333333333
rs78426988,110181361,C,T,COL4A1,0.0655737704918032,"Angiopathy,_hereditary,_with_nephropathy,_aneurysms,_and_muscle_cramps",-0.16619,0.603,-0.16619,0.603,110181361_C_T,COL4A1,0.05,0.0625,0.0,0.058252427184466,0.0978260869565217,0.05,0.0646551724137931,0.0,0.0481927710843373,0.0,0.0833333333333333
rs78426988,110181361,C,T,COL4A1,0.0655737704918032,Brain_small_vessel_disease_with_hemorrhage,-0.16619,0.603,-0.16619,0.603,110181361_C_T,COL4A1,0.05,0.0625,0.0,0.058252427184466,0.0978260869565217,0.05,0.0646551724137931,0.0,0.0481927710843373,0.0,0.0833333333333333
rs61749897,110186467,A,G,COL4A1,0.081967213114754,Porencephalic_cyst,0.56253,7.144,0.56253,7.144,110186467_A_G,COL4A1,0.1,0.1875,0.0681818181818181,0.0776699029126213,0.0326086956521739,0.175,0.1120689655172413,0.0,0.0783132530120482,0.0,0.0869565217391304
rs61749897,110186467,A,G,COL4A1,0.081967213114754,Brain_small_vessel_disease_1_with_or_without_ocular_anomalies,0.56253,7.144,0.56253,7.144,110186467_A_G,COL4A1,0.1,0.1875,0.0681818181818181,0.0776699029126213,0.0326086956521739,0.175,0.1120689655172413,0.0,0.0783132530120482,0.0,0.0869565217391304
rs61749897,110186467,A,G,COL4A1,0.081967213114754,"Angiopathy,_hereditary,_with_nephropathy,_aneurysms,_and_muscle_cramps",0.56253,7.144,0.56253,7.144,110186467_A_G,COL4A1,0.1,0.1875,0.0681818181818181,0.0776699029126213,0.0326086956521739,0.175,0.1120689655172413,0.0,0.0783132530120482,0.0,0.0869565217391304
rs151186561,110192858,G,A,COL4A1,0.0008196721311475,Brain_small_vessel_disease_1_with_or_without_ocular_anomalies,-0.443475,0.156,-0.443475,0.156,110192858_G_A,COL4A1,0.0,0.0,0.0,0.0,0.0,0.0,0.0,0.0,0.0,0.0833333333333333,0.0
rs151186561,110192858,G,A,COL4A1,0.0008196721311475,"Angiopathy,_hereditary,_with_nephropathy,_aneurysms,_and_muscle_cramps",-0.443475,0.156,-0.443475,0.156,110192858_G_A,COL4A1,0.0,0.0,0.0,0.0,0.0,0.0,0.0,0.0,0.0,0.0833333333333333,0.0
rs995224,110198495,A,G,COL4A1,0.2065573770491803,Brain_small_vessel_disease_1_with_or_without_ocular_anomalies,-0.263335,0.373,-0.263335,0.373,110198495_A_G,COL4A1,0.2,0.1875,0.3636363636363636,0.233009708737864,0.1521739130434782,0.125,0.1767241379310344,0.4583333333333333,0.180722891566265,0.1666666666666666,0.2318840579710145
rs995224,110198495,A,G,COL4A1,0.2065573770491803,"Angiopathy,_hereditary,_with_nephropathy,_aneurysms,_and_muscle_cramps",-0.263335,0.373,-0.263335,0.373,110198495_A_G,COL4A1,0.2,0.1875,0.3636363636363636,0.233009708737864,0.1521739130434782,0.125,0.1767241379310344,0.4583333333333333,0.180722891566265,0.1666666666666666,0.2318840579710145
rs995224,110198495,A,G,COL4A1,0.2065573770491803,Brain_small_vessel_disease_with_hemorrhage,-0.263335,0.373,-0.263335,0.373,110198495_A_G,COL4A1,0.2,0.1875,0.3636363636363636,0.233009708737864,0.1521739130434782,0.125,0.1767241379310344,0.4583333333333333,0.180722891566265,0.1666666666666666,0.2318840579710145
rs74508743,110201433,G,C,COL4A1,0.0779967159277504,Brain_small_vessel_disease_1_with_or_without_ocular_anomalies,-0.207267,0.493,-0.207267,0.493,110201433_G_C,COL4A1,0.05,0.125,0.0227272727272727,0.058252427184466,0.0652173913043478,0.075,0.1,0.0833333333333333,0.0602409638554216,0.0,0.1050724637681159
rs74508743,110201433,G,C,COL4A1,0.0779967159277504,"Angiopathy,_hereditary,_with_nephropathy,_aneurysms,_and_muscle_cramps",-0.207267,0.493,-0.207267,0.493,110201433_G_C,COL4A1,0.05,0.125,0.0227272727272727,0.058252427184466,0.0652173913043478,0.075,0.1,0.0833333333333333,0.0602409638554216,0.0,0.1050724637681159
rs74508743,110201433,G,C,COL4A1,0.0779967159277504,Brain_small_vessel_disease_with_hemorrhage,-0.207267,0.493,-0.207267,0.493,110201433_G_C,COL4A1,0.05,0.125,0.0227272727272727,0.058252427184466,0.0652173913043478,0.075,0.1,0.0833333333333333,0.0602409638554216,0.0,0.1050724637681159
rs531373470,110201466,C,T,COL4A1,0.0008210180623973,Brain_small_vessel_disease_1_with_or_without_ocular_anomalies,-0.313988,0.291,-0.313988,0.291,110201466_C_T,COL4A1,0.0,0.0,0.0,0.0,0.0,0.0,0.0043103448275862,0.0,0.0,0.0,0.0
rs531373470,110201466,C,T,COL4A1,0.0008210180623973,"Angiopathy,_hereditary,_with_nephropathy,_aneurysms,_and_muscle_cramps",-0.313988,0.291,-0.313988,0.291,110201466_C_T,COL4A1,0.0,0.0,0.0,0.0,0.0,0.0,0.0043103448275862,0.0,0.0,0.0,0.0
rs115358624,110201535,G,C,COL4A1,0.0368852459016393,Brain_small_vessel_disease_1_with_or_without_ocular_anomalies,-0.565948,0.086,-0.565948,0.086,110201535_G_C,COL4A1,0.0,0.0,0.0227272727272727,0.0776699029126213,0.0054347826086956,0.05,0.0258620689655172,0.0,0.0421686746987951,0.0,0.0434782608695652
rs115358624,110201535,G,C,COL4A1,0.0368852459016393,"Angiopathy,_hereditary,_with_nephropathy,_aneurysms,_and_muscle_cramps",-0.565948,0.086,-0.565948,0.086,110201535_G_C,COL4A1,0.0,0.0,0.0227272727272727,0.0776699029126213,0.0054347826086956,0.05,0.0258620689655172,0.0,0.0421686746987951,0.0,0.0434782608695652
rs115358624,110201535,G,C,COL4A1,0.0368852459016393,Brain_small_vessel_disease_with_hemorrhage,-0.565948,0.086,-0.565948,0.086,110201535_G_C,COL4A1,0.0,0.0,0.0227272727272727,0.0776699029126213,0.0054347826086956,0.05,0.0258620689655172,0.0,0.0421686746987951,0.0,0.0434782608695652
rs73611465,110203616,G,A,COL4A1,0.071311475409836,Porencephalic_cyst,0.680201,8.272,0.680201,8.272,110203616_G_A,COL4A1,0.0,0.125,0.0681818181818181,0.0776699029126213,0.092391304347826,0.05,0.021551724137931,0.0416666666666666,0.072289156626506,0.0833333333333333,0.1014492753623188
rs73611465,110203616,G,A,COL4A1,0.071311475409836,Brain_small_vessel_disease_1_with_or_without_ocular_anomalies,0.680201,8.272,0.680201,8.272,110203616_G_A,COL4A1,0.0,0.125,0.0681818181818181,0.0776699029126213,0.092391304347826,0.05,0.021551724137931,0.0416666666666666,0.072289156626506,0.0833333333333333,0.1014492753623188
rs73611465,110203616,G,A,COL4A1,0.071311475409836,"Angiopathy,_hereditary,_with_nephropathy,_aneurysms,_and_muscle_cramps",0.680201,8.272,0.680201,8.272,110203616_G_A,COL4A1,0.0,0.125,0.0681818181818181,0.0776699029126213,0.092391304347826,0.05,0.021551724137931,0.0416666666666666,0.072289156626506,0.0833333333333333,0.1014492753623188
rs73611465,110203616,G,A,COL4A1,0.071311475409836,Brain_small_vessel_disease_with_hemorrhage,0.680201,8.272,0.680201,8.272,110203616_G_A,COL4A1,0.0,0.125,0.0681818181818181,0.0776699029126213,0.092391304347826,0.05,0.021551724137931,0.0416666666666666,0.072289156626506,0.0833333333333333,0.1014492753623188
rs34843786,110205399,G,A,COL4A1,0.0139344262295081,Brain_small_vessel_disease_with_hemorrhage,2.258115,21.3,2.258115,21.3,110205399_G_A,COL4A1,0.0,0.0,0.0,0.0145631067961165,0.0108695652173913,0.0,0.0172413793103448,0.0,0.0120481927710843,0.0,0.0217391304347826
rs482757,110205476,C,T,COL4A1,0.3885245901639344,Brain_small_vessel_disease_1_with_or_without_ocular_anomalies,-0.504945,0.116,-0.504945,0.116,110205476_C_T,COL4A1,0.55,0.25,0.3181818181818182,0.3980582524271844,0.3858695652173913,0.55,0.4482758620689655,0.0416666666666666,0.3554216867469879,0.1666666666666666,0.3768115942028985
rs482757,110205476,C,T,COL4A1,0.3885245901639344,"Angiopathy,_hereditary,_with_nephropathy,_aneurysms,_and_muscle_cramps",-0.504945,0.116,-0.504945,0.116,110205476_C_T,COL4A1,0.55,0.25,0.3181818181818182,0.3980582524271844,0.3858695652173913,0.55,0.4482758620689655,0.0416666666666666,0.3554216867469879,0.1666666666666666,0.3768115942028985
rs677877,110205548,A,G,COL4A1,0.3880597014925373,Porencephalic_cyst,0.888745,10.31,0.888745,10.31,110205548_A_G,COL4A1,0.55,0.2857142857142857,0.3181818181818182,0.3883495145631068,0.3846153846153846,0.55,0.4482758620689655,0.0416666666666666,0.3536585365853658,0.1666666666666666,0.3805970149253731
rs677877,110205548,A,G,COL4A1,0.3880597014925373,Brain_small_vessel_disease_1_with_or_without_ocular_anomalies,0.888745,10.31,0.888745,10.31,110205548_A_G,COL4A1,0.55,0.2857142857142857,0.3181818181818182,0.3883495145631068,0.3846153846153846,0.55,0.4482758620689655,0.0416666666666666,0.3536585365853658,0.1666666666666666,0.3805970149253731
rs677877,110205548,A,G,COL4A1,0.3880597014925373,"Angiopathy,_hereditary,_with_nephropathy,_aneurysms,_and_muscle_cramps",0.888745,10.31,0.888745,10.31,110205548_A_G,COL4A1,0.55,0.2857142857142857,0.3181818181818182,0.3883495145631068,0.3846153846153846,0.55,0.4482758620689655,0.0416666666666666,0.3536585365853658,0.1666666666666666,0.3805970149253731
rs140978802,110206692,T,C,COL4A1,0.001639344262295,Brain_small_vessel_disease_1_with_or_without_ocular_anomalies,0.942812,10.91,0.942812,10.91,110206692_T_C,COL4A1,0.0,0.0,0.0,0.0,0.0,0.0,0.0086206896551724,0.0,0.0,0.0,0.0
rs140978802,110206692,T,C,COL4A1,0.001639344262295,"Angiopathy,_hereditary,_with_nephropathy,_aneurysms,_and_muscle_cramps",0.942812,10.91,0.942812,10.91,110206692_T_C,COL4A1,0.0,0.0,0.0,0.0,0.0,0.0,0.0086206896551724,0.0,0.0,0.0,0.0
chr13:110859069G-T;chr13:110206722G-T,110206722,G,T,COL4A1,0.0573770491803278,Brain_small_vessel_disease_1_with_or_without_ocular_anomalies,-0.273664,0.355,-0.273664,0.355,110206722_G_T,COL4A1,0.0,0.0625,0.0,0.058252427184466,0.092391304347826,0.05,0.0086206896551724,0.0416666666666666,0.0662650602409638,0.0833333333333333,0.0833333333333333
chr13:110859069G-T;chr13:110206722G-T,110206722,G,T,COL4A1,0.0573770491803278,"Angiopathy,_hereditary,_with_nephropathy,_aneurysms,_and_muscle_cramps",-0.273664,0.355,-0.273664,0.355,110206722_G_T,COL4A1,0.0,0.0625,0.0,0.058252427184466,0.092391304347826,0.05,0.0086206896551724,0.0416666666666666,0.0662650602409638,0.0833333333333333,0.0833333333333333
chr13:110859069G-T;chr13:110206722G-T,110206722,G,T,COL4A1,0.0573770491803278,Brain_small_vessel_disease_with_hemorrhage,-0.273664,0.355,-0.273664,0.355,110206722_G_T,COL4A1,0.0,0.0625,0.0,0.058252427184466,0.092391304347826,0.05,0.0086206896551724,0.0416666666666666,0.0662650602409638,0.0833333333333333,0.0833333333333333
rs9588116,110206722,G,T,COL4A1,0.4844262295081967,Brain_small_vessel_disease_1_with_or_without_ocular_anomalies,-0.273664,0.355,-0.273664,0.355,110206722_G_T,COL4A1,0.35,0.6875,0.5,0.4757281553398058,0.5,0.275,0.4870689655172414,0.6666666666666666,0.4879518072289157,0.75,0.4746376811594203
rs9588116,110206722,G,T,COL4A1,0.4844262295081967,"Angiopathy,_hereditary,_with_nephropathy,_aneurysms,_and_muscle_cramps",-0.273664,0.355,-0.273664,0.355,110206722_G_T,COL4A1,0.35,0.6875,0.5,0.4757281553398058,0.5,0.275,0.4870689655172414,0.6666666666666666,0.4879518072289157,0.75,0.4746376811594203
rs9588116,110206722,G,T,COL4A1,0.4844262295081967,Brain_small_vessel_disease_with_hemorrhage,-0.273664,0.355,-0.273664,0.355,110206722_G_T,COL4A1,0.35,0.6875,0.5,0.4757281553398058,0.5,0.275,0.4870689655172414,0.6666666666666666,0.4879518072289157,0.75,0.4746376811594203
rs598893,110207396,C,T,COL4A1,0.3836065573770492,Brain_small_vessel_disease_1_with_or_without_ocular_anomalies,-0.914186,0.013,-0.914186,0.013,110207396_C_T,COL4A1,0.55,0.25,0.3181818181818182,0.3883495145631068,0.3804347826086957,0.55,0.4482758620689655,0.0833333333333333,0.3493975903614458,0.0833333333333333,0.3695652173913043
rs598893,110207396,C,T,COL4A1,0.3836065573770492,"Angiopathy,_hereditary,_with_nephropathy,_aneurysms,_and_muscle_cramps",-0.914186,0.013,-0.914186,0.013,110207396_C_T,COL4A1,0.55,0.25,0.3181818181818182,0.3883495145631068,0.3804347826086957,0.55,0.4482758620689655,0.0833333333333333,0.3493975903614458,0.0833333333333333,0.3695652173913043
rs598893,110207396,C,T,COL4A1,0.3836065573770492,Brain_small_vessel_disease_with_hemorrhage,-0.914186,0.013,-0.914186,0.013,110207396_C_T,COL4A1,0.55,0.25,0.3181818181818182,0.3883495145631068,0.3804347826086957,0.55,0.4482758620689655,0.0833333333333333,0.3493975903614458,0.0833333333333333,0.3695652173913043
rs144773264,110209410,G,A,COL4A1,0.0049180327868852,Brain_small_vessel_disease_1_with_or_without_ocular_anomalies,0.492495,6.426,0.492495,6.426,110209410_G_A,COL4A1,0.0,0.0,0.0,0.0,0.0217391304347826,0.0,0.0086206896551724,0.0,0.0,0.0,0.0
rs144773264,110209410,G,A,COL4A1,0.0049180327868852,"Angiopathy,_hereditary,_with_nephropathy,_aneurysms,_and_muscle_cramps",0.492495,6.426,0.492495,6.426,110209410_G_A,COL4A1,0.0,0.0,0.0,0.0,0.0217391304347826,0.0,0.0086206896551724,0.0,0.0,0.0,0.0
rs645114,110209438,C,G,COL4A1,0.8786885245901639,Brain_small_vessel_disease_1_with_or_without_ocular_anomalies,-0.366529,0.226,-0.366529,0.226,110209438_C_G,COL4A1,0.8,1.0,0.7272727272727273,0.883495145631068,0.9293478260869564,0.85,0.8663793103448276,0.7916666666666666,0.8433734939759037,0.9166666666666666,0.9057971014492754
rs645114,110209438,C,G,COL4A1,0.8786885245901639,"Angiopathy,_hereditary,_with_nephropathy,_aneurysms,_and_muscle_cramps",-0.366529,0.226,-0.366529,0.226,110209438_C_G,COL4A1,0.8,1.0,0.7272727272727273,0.883495145631068,0.9293478260869564,0.85,0.8663793103448276,0.7916666666666666,0.8433734939759037,0.9166666666666666,0.9057971014492754
rs645114,110209438,C,G,COL4A1,0.8786885245901639,Brain_small_vessel_disease_with_hemorrhage,-0.366529,0.226,-0.366529,0.226,110209438_C_G,COL4A1,0.8,1.0,0.7272727272727273,0.883495145631068,0.9293478260869564,0.85,0.8663793103448276,0.7916666666666666,0.8433734939759037,0.9166666666666666,0.9057971014492754
rs16975612,110210180,G,A,COL4A1,0.0795081967213114,Porencephalic_cyst,0.352933,4.898,0.352933,4.898,110210180_G_A,COL4A1,0.05,0.0,0.2727272727272727,0.0533980582524271,0.0326086956521739,0.075,0.0905172413793103,0.2083333333333333,0.1265060240963855,0.0833333333333333,0.0579710144927536
rs16975612,110210180,G,A,COL4A1,0.0795081967213114,Brain_small_vessel_disease_1_with_or_without_ocular_anomalies,0.352933,4.898,0.352933,4.898,110210180_G_A,COL4A1,0.05,0.0,0.2727272727272727,0.0533980582524271,0.0326086956521739,0.075,0.0905172413793103,0.2083333333333333,0.1265060240963855,0.0833333333333333,0.0579710144927536
rs16975612,110210180,G,A,COL4A1,0.0795081967213114,"Angiopathy,_hereditary,_with_nephropathy,_aneurysms,_and_muscle_cramps",0.352933,4.898,0.352933,4.898,110210180_G_A,COL4A1,0.05,0.0,0.2727272727272727,0.0533980582524271,0.0326086956521739,0.075,0.0905172413793103,0.2083333333333333,0.1265060240963855,0.0833333333333333,0.0579710144927536
rs16975612,110210180,G,A,COL4A1,0.0795081967213114,Brain_small_vessel_disease_with_hemorrhage,0.352933,4.898,0.352933,4.898,110210180_G_A,COL4A1,0.05,0.0,0.2727272727272727,0.0533980582524271,0.0326086956521739,0.075,0.0905172413793103,0.2083333333333333,0.1265060240963855,0.0833333333333333,0.0579710144927536
rs3832900,110211627,CAAAAT,C,COL4A1,0.1237704918032786,Porencephalic_cyst,0.389689,5.312,0.389689,5.312,110211627_CAAAAT_C,COL4A1,0.05,0.0625,0.0454545454545454,0.203883495145631,0.1195652173913043,0.025,0.0862068965517241,0.0416666666666666,0.1265060240963855,0.0,0.144927536231884
rs3832900,110211627,CAAAAT,C,COL4A1,0.1237704918032786,"Angiopathy,_hereditary,_with_nephropathy,_aneurysms,_and_muscle_cramps",0.389689,5.312,0.389689,5.312,110211627_CAAAAT_C,COL4A1,0.05,0.0625,0.0454545454545454,0.203883495145631,0.1195652173913043,0.025,0.0862068965517241,0.0416666666666666,0.1265060240963855,0.0,0.144927536231884
rs3832900,110211627,CAAAAT,C,COL4A1,0.1237704918032786,Brain_small_vessel_disease_with_hemorrhage,0.389689,5.312,0.389689,5.312,110211627_CAAAAT_C,COL4A1,0.05,0.0625,0.0454545454545454,0.203883495145631,0.1195652173913043,0.025,0.0862068965517241,0.0416666666666666,0.1265060240963855,0.0,0.144927536231884
rs532625,110211878,A,T,COL4A1,0.3663934426229508,Porencephalic_cyst,0.178939,2.887,0.178939,2.887,110211878_A_T,COL4A1,0.45,0.1875,0.2954545454545454,0.3689320388349514,0.3315217391304347,0.5,0.4396551724137931,0.125,0.3373493975903614,0.0833333333333333,0.3731884057971014
rs532625,110211878,A,T,COL4A1,0.3663934426229508,Brain_small_vessel_disease_1_with_or_without_ocular_anomalies,0.178939,2.887,0.178939,2.887,110211878_A_T,COL4A1,0.45,0.1875,0.2954545454545454,0.3689320388349514,0.3315217391304347,0.5,0.4396551724137931,0.125,0.3373493975903614,0.0833333333333333,0.3731884057971014
rs532625,110211878,A,T,COL4A1,0.3663934426229508,"Angiopathy,_hereditary,_with_nephropathy,_aneurysms,_and_muscle_cramps",0.178939,2.887,0.178939,2.887,110211878_A_T,COL4A1,0.45,0.1875,0.2954545454545454,0.3689320388349514,0.3315217391304347,0.5,0.4396551724137931,0.125,0.3373493975903614,0.0833333333333333,0.3731884057971014
rs9521650,110213918,G,A,COL4A1,0.0827868852459016,Porencephalic_cyst,-0.707082,0.042,-0.707082,0.042,110213918_G_A,COL4A1,0.1,0.125,0.25,0.0776699029126213,0.0706521739130434,0.1,0.0905172413793103,0.0,0.1024096385542168,0.1666666666666666,0.0471014492753623
rs9521650,110213918,G,A,COL4A1,0.0827868852459016,Brain_small_vessel_disease_1_with_or_without_ocular_anomalies,-0.707082,0.042,-0.707082,0.042,110213918_G_A,COL4A1,0.1,0.125,0.25,0.0776699029126213,0.0706521739130434,0.1,0.0905172413793103,0.0,0.1024096385542168,0.1666666666666666,0.0471014492753623
rs9521650,110213918,G,A,COL4A1,0.0827868852459016,"Angiopathy,_hereditary,_with_nephropathy,_aneurysms,_and_muscle_cramps",-0.707082,0.042,-0.707082,0.042,110213918_G_A,COL4A1,0.1,0.125,0.25,0.0776699029126213,0.0706521739130434,0.1,0.0905172413793103,0.0,0.1024096385542168,0.1666666666666666,0.0471014492753623
rs9521650,110213918,G,A,COL4A1,0.0827868852459016,Brain_small_vessel_disease_with_hemorrhage,-0.707082,0.042,-0.707082,0.042,110213918_G_A,COL4A1,0.1,0.125,0.25,0.0776699029126213,0.0706521739130434,0.1,0.0905172413793103,0.0,0.1024096385542168,0.1666666666666666,0.0471014492753623
rs41275104,110242745,A,G,COL4A1,0.3516393442622951,Porencephalic_cyst,0.371342,5.106,0.371342,5.106,110242745_A_G,COL4A1,0.4,0.3125,0.3409090909090909,0.3349514563106796,0.3478260869565217,0.325,0.3491379310344827,0.4583333333333333,0.3734939759036144,0.4166666666666667,0.3478260869565217
rs41275104,110242745,A,G,COL4A1,0.3516393442622951,Brain_small_vessel_disease_1_with_or_without_ocular_anomalies,0.371342,5.106,0.371342,5.106,110242745_A_G,COL4A1,0.4,0.3125,0.3409090909090909,0.3349514563106796,0.3478260869565217,0.325,0.3491379310344827,0.4583333333333333,0.3734939759036144,0.4166666666666667,0.3478260869565217
rs41275104,110242745,A,G,COL4A1,0.3516393442622951,"Angiopathy,_hereditary,_with_nephropathy,_aneurysms,_and_muscle_cramps",0.371342,5.106,0.371342,5.106,110242745_A_G,COL4A1,0.4,0.3125,0.3409090909090909,0.3349514563106796,0.3478260869565217,0.325,0.3491379310344827,0.4583333333333333,0.3734939759036144,0.4166666666666667,0.3478260869565217
rs9515185,110307009,C,G,COL4A1,0.2161716171617161,Porencephalic_cyst,1.232203,13.89,1.232203,13.89,110307009_C_G,COL4A1,0.15,0.125,0.2045454545454545,0.1699029126213592,0.1576086956521739,0.2368421052631578,0.3275862068965517,0.4583333333333333,0.2650602409638554,0.2,0.1544117647058823
rs9515185,110307009,C,G,COL4A1,0.2161716171617161,Brain_small_vessel_disease_1_with_or_without_ocular_anomalies,1.232203,13.89,1.232203,13.89,110307009_C_G,COL4A1,0.15,0.125,0.2045454545454545,0.1699029126213592,0.1576086956521739,0.2368421052631578,0.3275862068965517,0.4583333333333333,0.2650602409638554,0.2,0.1544117647058823
rs9515185,110307009,C,G,COL4A1,0.2161716171617161,"Angiopathy,_hereditary,_with_nephropathy,_aneurysms,_and_muscle_cramps",1.232203,13.89,1.232203,13.89,110307009_C_G,COL4A1,0.15,0.125,0.2045454545454545,0.1699029126213592,0.1576086956521739,0.2368421052631578,0.3275862068965517,0.4583333333333333,0.2650602409638554,0.2,0.1544117647058823
rs9515185,110307009,C,G,COL4A1,0.2161716171617161,Brain_small_vessel_disease_with_hemorrhage,1.232203,13.89,1.232203,13.89,110307009_C_G,COL4A1,0.15,0.125,0.2045454545454545,0.1699029126213592,0.1576086956521739,0.2368421052631578,0.3275862068965517,0.4583333333333333,0.2650602409638554,0.2,0.1544117647058823
rs113651836,110307117,C,A,COL4A1,0.1070840197693575,Porencephalic_cyst,1.333655,14.63,1.333655,14.63,110307117_C_A,COL4A1,0.05,0.0,0.0909090909090909,0.1699029126213592,0.0978260869565217,0.131578947368421,0.0818965517241379,0.0416666666666666,0.0662650602409638,0.0,0.1313868613138686
rs113651836,110307117,C,A,COL4A1,0.1070840197693575,Brain_small_vessel_disease_1_with_or_without_ocular_anomalies,1.333655,14.63,1.333655,14.63,110307117_C_A,COL4A1,0.05,0.0,0.0909090909090909,0.1699029126213592,0.0978260869565217,0.131578947368421,0.0818965517241379,0.0416666666666666,0.0662650602409638,0.0,0.1313868613138686
rs113651836,110307117,C,A,COL4A1,0.1070840197693575,"Angiopathy,_hereditary,_with_nephropathy,_aneurysms,_and_muscle_cramps",1.333655,14.63,1.333655,14.63,110307117_C_A,COL4A1,0.05,0.0,0.0909090909090909,0.1699029126213592,0.0978260869565217,0.131578947368421,0.0818965517241379,0.0416666666666666,0.0662650602409638,0.0,0.1313868613138686
rs1143634,112832813,G,A,IL1B,0.1295081967213114,Antisynthetase_syndrome,0.244381,3.638,0.244381,3.638,112832813_G_A,IL1B,0.25,0.0625,0.1136363636363636,0.1262135922330097,0.1141304347826086,0.225,0.1724137931034483,0.0833333333333333,0.0843373493975903,0.3333333333333333,0.1123188405797101
rs1143627,112836810,G,A,IL1B,0.3516393442622951,Gastric_cancer_susceptibility_after_h._pylori_infection,0.883589,10.26,0.883589,10.26,112836810_G_A,IL1B,0.3,0.1875,0.3409090909090909,0.3592233009708738,0.2771739130434782,0.55,0.4267241379310345,0.3333333333333333,0.3192771084337349,0.1666666666666666,0.3478260869565217
rs148748734,113895442,A,C,AP4B1,0.001639344262295,"Spastic_paraplegia_47,_autosomal_recessive",1.11666,12.93,1.11666,12.93,113895442_A_C,AP4B1,0.0,0.0,0.0,0.0048543689320388,0.0,0.0,0.0,0.0,0.0,0.0,0.0036231884057971
rs1217401,113896329,A,G,AP4B1,0.7975409836065573,"Spastic_paraplegia_47,_autosomal_recessive",2.355377,21.9,2.355377,21.9,113896329_A_G,AP4B1,0.75,0.8125,0.5681818181818182,0.8155339805825242,0.7880434782608695,0.95,0.8318965517241379,0.2916666666666667,0.7771084337349398,0.6666666666666666,0.8405797101449275
rs1217401,113896329,A,G,AP4B1,0.7975409836065573,History_of_neurodevelopmental_disorder,2.355377,21.9,2.355377,21.9,113896329_A_G,AP4B1,0.75,0.8125,0.5681818181818182,0.8155339805825242,0.7880434782608695,0.95,0.8318965517241379,0.2916666666666667,0.7771084337349398,0.6666666666666666,0.8405797101449275
rs145803736,113897925,C,T,AP4B1,0.0008196721311475,History_of_neurodevelopmental_disorder,3.822708,25.9,3.822708,25.9,113897925_C_T,AP4B1,0.0,0.0,0.0,0.0,0.0054347826086956,0.0,0.0,0.0,0.0,0.0,0.0
rs145182838,113898727,T,C,AP4B1,0.0131147540983606,"Spastic_paraplegia_47,_autosomal_recessive",2.169579,20.6,2.169579,20.6,113898727_T_C,AP4B1,0.0,0.0,0.0,0.0242718446601941,0.0054347826086956,0.0,0.0043103448275862,0.0,0.0301204819277108,0.0,0.0144927536231884
rs149335605,113900051,A,T,AP4B1,0.0008196721311475,"Spastic_paraplegia_47,_autosomal_recessive",2.376991,22.0,2.376991,22.0,113900051_A_T,AP4B1,0.0,0.0,0.0,0.0,0.0054347826086956,0.0,0.0,0.0,0.0,0.0,0.0
rs149335605,113900051,A,T,AP4B1,0.0008196721311475,History_of_neurodevelopmental_disorder,2.376991,22.0,2.376991,22.0,113900051_A_T,AP4B1,0.0,0.0,0.0,0.0,0.0054347826086956,0.0,0.0,0.0,0.0,0.0,0.0
rs111785152,113900120,C,A,AP4B1,0.0081967213114754,"Spastic_paraplegia_47,_autosomal_recessive",2.17633,20.7,2.17633,20.7,113900120_C_A,AP4B1,0.0,0.0,0.0,0.0,0.0054347826086956,0.0,0.0258620689655172,0.0,0.0180722891566265,0.0,0.0
rs111785152,113900120,C,A,AP4B1,0.0081967213114754,History_of_neurodevelopmental_disorder,2.17633,20.7,2.17633,20.7,113900120_C_A,AP4B1,0.0,0.0,0.0,0.0,0.0054347826086956,0.0,0.0258620689655172,0.0,0.0180722891566265,0.0,0.0
rs3789613,113900413,C,G,AP4B1,0.0622950819672131,"Spastic_paraplegia_47,_autosomal_recessive",-0.008787,1.281,-0.008787,1.281,113900413_C_G,AP4B1,0.15,0.125,0.1363636363636363,0.0436893203883495,0.092391304347826,0.025,0.0948275862068965,0.0416666666666666,0.036144578313253,0.0,0.0326086956521739
rs17464525,113901277,G,A,AP4B1,0.051639344262295,"Spastic_paraplegia_47,_autosomal_recessive",0.695035,8.409,0.695035,8.409,113901277_G_A,AP4B1,0.1,0.125,0.0454545454545454,0.0388349514563106,0.0543478260869565,0.025,0.0948275862068965,0.0416666666666666,0.036144578313253,0.0,0.0326086956521739
rs17464525,113901277,G,A,AP4B1,0.051639344262295,History_of_neurodevelopmental_disorder,0.695035,8.409,0.695035,8.409,113901277_G_A,AP4B1,0.1,0.125,0.0454545454545454,0.0388349514563106,0.0543478260869565,0.025,0.0948275862068965,0.0416666666666666,0.036144578313253,0.0,0.0326086956521739
rs34751342,113901822,T,G,AP4B1,0.001639344262295,"Spastic_paraplegia_47,_autosomal_recessive",0.220025,3.354,0.220025,3.354,113901822_T_G,AP4B1,0.0,0.0,0.0,0.0,0.0054347826086956,0.0,0.0043103448275862,0.0,0.0,0.0,0.0
rs34751342,113901822,T,G,AP4B1,0.001639344262295,History_of_neurodevelopmental_disorder,0.220025,3.354,0.220025,3.354,113901822_T_G,AP4B1,0.0,0.0,0.0,0.0,0.0054347826086956,0.0,0.0043103448275862,0.0,0.0,0.0,0.0
rs143769705,113901851,T,C,AP4B1,0.0008196721311475,"Spastic_paraplegia_47,_autosomal_recessive",1.25623,14.07,1.25623,14.07,113901851_T_C,AP4B1,0.0,0.0,0.0,0.0,0.0,0.0,0.0,0.0416666666666666,0.0,0.0,0.0
rs34249695,113902736,T,C,AP4B1,0.0245901639344262,"Spastic_paraplegia_47,_autosomal_recessive",1.557464,16.1,1.557464,16.1,113902736_T_C,AP4B1,0.0,0.0,0.0,0.0388349514563106,0.0,0.0,0.0344827586206896,0.0,0.0,0.0,0.0507246376811594
rs34249695,113902736,T,C,AP4B1,0.0245901639344262,History_of_neurodevelopmental_disorder,1.557464,16.1,1.557464,16.1,113902736_T_C,AP4B1,0.0,0.0,0.0,0.0388349514563106,0.0,0.0,0.0344827586206896,0.0,0.0,0.0,0.0507246376811594
rs55740775,11786035,G,GT,MTHFR,0.9311475409836064,"Neural_tube_defects,_folate-sensitive",0.030181,1.536,0.030181,1.536,11786035_G_GT,MTHFR,0.85,1.0,0.8409090909090909,0.9854368932038836,0.9239130434782608,0.775,0.956896551724138,0.6666666666666666,0.9096385542168676,0.9166666666666666,0.9492753623188406
rs774051202,11786602,ATTTTTTTT,A,MTHFR,0.1006711409395973,"Neural_tube_defects,_folate-sensitive",-0.183953,0.553,-0.183953,0.553,11786602_ATTTTTTTT_A,MTHFR,0.2777777777777778,0.0,0.1388888888888889,0.1225490196078431,0.108695652173913,0.0,0.0862068965517241,0.05,0.0843373493975903,0.4166666666666667,0.0925925925925925
rs755017633,11786602,ATTTT,A,MTHFR,0.3624161073825503,"Neural_tube_defects,_folate-sensitive",-0.173234,0.583,-0.173234,0.583,11786602_ATTTT_A,MTHFR,0.3888888888888889,0.25,0.3333333333333333,0.3284313725490196,0.3804347826086957,0.4473684210526316,0.375,0.35,0.3433734939759036,0.0833333333333333,0.3851851851851852
rs755027235,11786602,A,ATT,MTHFR,0.0033557046979865,"Neural_tube_defects,_folate-sensitive",-0.121506,0.748,-0.121506,0.748,11786602_A_ATT,MTHFR,0.0,0.0,0.0,0.0,0.0163043478260869,0.0,0.0043103448275862,0.0,0.0,0.0,0.0
rs4846049,11790308,T,G,MTHFR,0.4663934426229508,Homocystinuria_due_to_methylene_tetrahydrofolate_reductase_deficiency,0.028039,1.521,0.028039,1.521,11790308_T_G,MTHFR,0.7,0.3125,0.4545454545454545,0.4368932038834951,0.4728260869565217,0.425,0.4698275862068966,0.5833333333333334,0.4578313253012048,0.25,0.4855072463768116
rs45572531,11790692,C,T,MTHFR,0.0122950819672131,Homocystinuria_due_to_methylene_tetrahydrofolate_reductase_deficiency,-0.652897,0.056,-0.652897,0.056,11790692_C_T,MTHFR,0.1,0.125,0.0,0.0,0.0434782608695652,0.0,0.0,0.0,0.0,0.0,0.0108695652173913
rs139586522,11790710,G,T,MTHFR,0.0049180327868852,Homocystinuria_due_to_methylene_tetrahydrofolate_reductase_deficiency,-0.053866,1.034,-0.053866,1.034,11790710_G_T,MTHFR,0.0,0.0625,0.0,0.0,0.0163043478260869,0.025,0.0,0.0,0.0060240963855421,0.0,0.0
rs2274976,11790870,C,T,MTHFR,0.0163934426229508,Homocystinuria_due_to_methylene_tetrahydrofolate_reductase_deficiency,0.590848,7.423,0.590848,7.423,11790870_C_T,MTHFR,0.0,0.0,0.0,0.029126213592233,0.0,0.025,0.0172413793103448,0.0,0.0240963855421686,0.0,0.0181159420289855
rs2274976,11790870,C,T,MTHFR,0.0163934426229508,Homocystinuria_due_to_MTHFR_deficiency,0.590848,7.423,0.590848,7.423,11790870_C_T,MTHFR,0.0,0.0,0.0,0.029126213592233,0.0,0.025,0.0172413793103448,0.0,0.0240963855421686,0.0,0.0181159420289855
rs554668389,11790881,C,T,MTHFR,0.0024590163934426,Homocystinuria_due_to_methylene_tetrahydrofolate_reductase_deficiency,0.763346,9.037,0.763346,9.037,11790881_C_T,MTHFR,0.0,0.0,0.0,0.0,0.0,0.0,0.0129310344827586,0.0,0.0,0.0,0.0
rs7518348,11791061,A,G,MTHFR,0.6368852459016393,Homocystinuria_due_to_methylene_tetrahydrofolate_reductase_deficiency,0.500134,6.506,0.500134,6.506,11791061_A_G,MTHFR,0.9,0.5625,0.7954545454545454,0.616504854368932,0.6902173913043478,0.45,0.6120689655172413,0.375,0.6445783132530121,0.9166666666666666,0.6304347826086957
rs1476413,11792243,C,T,MTHFR,0.1418032786885246,Homocystinuria_due_to_methylene_tetrahydrofolate_reductase_deficiency,-0.02041,1.213,-0.02041,1.213,11792243_C_T,MTHFR,0.1,0.25,0.3409090909090909,0.145631067961165,0.1684782608695652,0.025,0.1120689655172413,0.1666666666666666,0.1385542168674698,0.3333333333333333,0.1195652173913043
rs145641996,11792285,T,G,MTHFR,0.001639344262295,Homocystinuria_due_to_methylene_tetrahydrofolate_reductase_deficiency,2.815496,23.0,2.815496,23.0,11792285_T_G,MTHFR,0.0,0.0,0.0,0.0,0.0,0.0,0.0,0.0,0.0060240963855421,0.0,0.0036231884057971
rs113615972,11792317,C,T,MTHFR,0.001639344262295,Homocystinuria_due_to_methylene_tetrahydrofolate_reductase_deficiency,0.357782,4.953,0.357782,4.953,11792317_C_T,MTHFR,0.0,0.0,0.0,0.0,0.0,0.0,0.0,0.0,0.0,0.1666666666666666,0.0
rs45449298,11792354,C,A,MTHFR,0.0049180327868852,Schizophrenia,2.378272,22.0,2.378272,22.0,11792354_C_A,MTHFR,0.0,0.0,0.0,0.0048543689320388,0.0163043478260869,0.0,0.0,0.0,0.0,0.0,0.0072463768115942
rs45449298,11792354,C,A,MTHFR,0.0049180327868852,Thrombophilia_due_to_thrombin_defect,2.378272,22.0,2.378272,22.0,11792354_C_A,MTHFR,0.0,0.0,0.0,0.0048543689320388,0.0163043478260869,0.0,0.0,0.0,0.0,0.0,0.0072463768115942
rs45449298,11792354,C,A,MTHFR,0.0049180327868852,Homocystinuria_due_to_methylene_tetrahydrofolate_reductase_deficiency,2.378272,22.0,2.378272,22.0,11792354_C_A,MTHFR,0.0,0.0,0.0,0.0048543689320388,0.0163043478260869,0.0,0.0,0.0,0.0,0.0,0.0072463768115942
rs45449298,11792354,C,A,MTHFR,0.0049180327868852,"Neural_tube_defects,_folate-sensitive",2.378272,22.0,2.378272,22.0,11792354_C_A,MTHFR,0.0,0.0,0.0,0.0048543689320388,0.0163043478260869,0.0,0.0,0.0,0.0,0.0,0.0072463768115942
rs45496998,11792355,G,A,MTHFR,0.010655737704918,Intellectual_disability,4.165935,28.3,4.165935,28.3,11792355_G_A,MTHFR,0.0,0.25,0.0,0.0097087378640776,0.0217391304347826,0.0,0.0043103448275862,0.0,0.0,0.0,0.0072463768115942
rs45496998,11792355,G,A,MTHFR,0.010655737704918,Homocystinuria_due_to_methylene_tetrahydrofolate_reductase_deficiency,4.165935,28.3,4.165935,28.3,11792355_G_A,MTHFR,0.0,0.25,0.0,0.0097087378640776,0.0217391304347826,0.0,0.0043103448275862,0.0,0.0,0.0,0.0072463768115942
rs45496998,11792355,G,A,MTHFR,0.010655737704918,Homocystinuria_due_to_MTHFR_deficiency,4.165935,28.3,4.165935,28.3,11792355_G_A,MTHFR,0.0,0.25,0.0,0.0097087378640776,0.0217391304347826,0.0,0.0043103448275862,0.0,0.0,0.0,0.0072463768115942
rs35653697,11793961,C,T,MTHFR,0.0426229508196721,Homocystinuria_due_to_methylene_tetrahydrofolate_reductase_deficiency,0.09431,2.041,0.09431,2.041,11793961_C_T,MTHFR,0.0,0.0,0.1136363636363636,0.0339805825242718,0.0543478260869565,0.0,0.0603448275862069,0.0,0.0542168674698795,0.0,0.0253623188405797
rs35653697,11793961,C,T,MTHFR,0.0426229508196721,Homocystinuria_due_to_MTHFR_deficiency,0.09431,2.041,0.09431,2.041,11793961_C_T,MTHFR,0.0,0.0,0.1136363636363636,0.0339805825242718,0.0543478260869565,0.0,0.0603448275862069,0.0,0.0542168674698795,0.0,0.0253623188405797
rs545002537,11793982,C,T,MTHFR,0.001639344262295,Homocystinuria_due_to_methylene_tetrahydrofolate_reductase_deficiency,0.756379,8.972,0.756379,8.972,11793982_C_T,MTHFR,0.0,0.0,0.0,0.0,0.0,0.0,0.0086206896551724,0.0,0.0,0.0,0.0
rs146554888,11794036,C,T,MTHFR,0.001639344262295,Homocystinuria_due_to_methylene_tetrahydrofolate_reductase_deficiency,0.841493,9.813,0.841493,9.813,11794036_C_T,MTHFR,0.0,0.0,0.0,0.0,0.0,0.0,0.0,0.0,0.0120481927710843,0.0,0.0
rs79157191,11794045,G,A,MTHFR,0.001639344262295,Homocystinuria_due_to_methylene_tetrahydrofolate_reductase_deficiency,0.776093,9.157,0.776093,9.157,11794045_G_A,MTHFR,0.0,0.0,0.0,0.0,0.0,0.0,0.0,0.0,0.0,0.0,0.0072463768115942
rs4846051,11794400,G,A,MTHFR,0.6491803278688525,Homocystinuria_due_to_methylene_tetrahydrofolate_reductase_deficiency,0.337574,4.723,0.337574,4.723,11794400_G_A,MTHFR,0.85,0.5625,0.9090909090909092,0.6116504854368932,0.6956521739130435,0.45,0.625,0.75,0.6445783132530121,0.8333333333333334,0.6304347826086957
rs4846051,11794400,G,A,MTHFR,0.6491803278688525,Homocystinuria_due_to_MTHFR_deficiency,0.337574,4.723,0.337574,4.723,11794400_G_A,MTHFR,0.85,0.5625,0.9090909090909092,0.6116504854368932,0.6956521739130435,0.45,0.625,0.75,0.6445783132530121,0.8333333333333334,0.6304347826086957
rs1801131,11794419,T,G,MTHFR,0.1459016393442622,"Schizophrenia,_susceptibility_to",2.208532,20.9,2.208532,20.9,11794419_T_G,MTHFR,0.1,0.25,0.3863636363636363,0.1359223300970873,0.1847826086956521,0.025,0.1206896551724138,0.1666666666666666,0.1385542168674698,0.3333333333333333,0.1195652173913043
rs1801131,11794419,T,G,MTHFR,0.1459016393442622,Gastrointestinal_stromal_tumor,2.208532,20.9,2.208532,20.9,11794419_T_G,MTHFR,0.1,0.25,0.3863636363636363,0.1359223300970873,0.1847826086956521,0.025,0.1206896551724138,0.1666666666666666,0.1385542168674698,0.3333333333333333,0.1195652173913043
rs1801131,11794419,T,G,MTHFR,0.1459016393442622,Homocystinuria_due_to_methylene_tetrahydrofolate_reductase_deficiency,2.208532,20.9,2.208532,20.9,11794419_T_G,MTHFR,0.1,0.25,0.3863636363636363,0.1359223300970873,0.1847826086956521,0.025,0.1206896551724138,0.1666666666666666,0.1385542168674698,0.3333333333333333,0.1195652173913043
rs1801131,11794419,T,G,MTHFR,0.1459016393442622,"Neural_tube_defects,_folate-sensitive",2.208532,20.9,2.208532,20.9,11794419_T_G,MTHFR,0.1,0.25,0.3863636363636363,0.1359223300970873,0.1847826086956521,0.025,0.1206896551724138,0.1666666666666666,0.1385542168674698,0.3333333333333333,0.1195652173913043
rs1801131,11794419,T,G,MTHFR,0.1459016393442622,"MTHFR_deficiency,_thermolabile_type",2.208532,20.9,2.208532,20.9,11794419_T_G,MTHFR,0.1,0.25,0.3863636363636363,0.1359223300970873,0.1847826086956521,0.025,0.1206896551724138,0.1666666666666666,0.1385542168674698,0.3333333333333333,0.1195652173913043
rs1801131,11794419,T,G,MTHFR,0.1459016393442622,Homocystinuria_due_to_MTHFR_deficiency,2.208532,20.9,2.208532,20.9,11794419_T_G,MTHFR,0.1,0.25,0.3863636363636363,0.1359223300970873,0.1847826086956521,0.025,0.1206896551724138,0.1666666666666666,0.1385542168674698,0.3333333333333333,0.1195652173913043
rs149533586,11794424,A,G,MTHFR,0.0008196721311475,Homocystinuria_due_to_methylene_tetrahydrofolate_reductase_deficiency,0.303921,4.334,0.303921,4.334,11794424_A_G,MTHFR,0.0,0.0,0.0,0.0,0.0,0.0,0.0043103448275862,0.0,0.0,0.0,0.0
rs149533586,11794424,A,G,MTHFR,0.0008196721311475,Homocystinuria_due_to_MTHFR_deficiency,0.303921,4.334,0.303921,4.334,11794424_A_G,MTHFR,0.0,0.0,0.0,0.0,0.0,0.0,0.0043103448275862,0.0,0.0,0.0,0.0
rs45571736,11794441,C,T,MTHFR,0.0114754098360655,Homocystinuria_due_to_methylene_tetrahydrofolate_reductase_deficiency,3.924032,26.5,3.924032,26.5,11794441_C_T,MTHFR,0.0,0.0,0.0,0.0,0.0,0.0,0.0301724137931034,0.0,0.0240963855421686,0.0,0.0108695652173913
rs45571736,11794441,C,T,MTHFR,0.0114754098360655,Homocystinuria_due_to_MTHFR_deficiency,3.924032,26.5,3.924032,26.5,11794441_C_T,MTHFR,0.0,0.0,0.0,0.0,0.0,0.0,0.0301724137931034,0.0,0.0240963855421686,0.0,0.0108695652173913
rs200688214,11794442,C,G,MTHFR,0.001639344262295,Homocystinuria_due_to_methylene_tetrahydrofolate_reductase_deficiency,4.10945,27.8,4.10945,27.8,11794442_C_G,MTHFR,0.05,0.0,0.0,0.0,0.0054347826086956,0.0,0.0,0.0,0.0,0.0,0.0
rs12121543,11794614,C,A,MTHFR,0.1198686371100164,Homocystinuria_due_to_methylene_tetrahydrofolate_reductase_deficiency,0.397218,5.396,0.397218,5.396,11794614_C_A,MTHFR,0.1,0.125,0.2272727272727272,0.1213592233009708,0.1304347826086956,0.025,0.1043478260869565,0.1666666666666666,0.1385542168674698,0.25,0.1014492753623188
rs1994798,11794698,G,A,MTHFR,0.4229508196721311,Homocystinuria_due_to_methylene_tetrahydrofolate_reductase_deficiency,-0.687343,0.047,-0.687343,0.047,11794698_G_A,MTHFR,0.55,0.25,0.5681818181818182,0.3640776699029126,0.4565217391304347,0.425,0.4267241379310345,0.5833333333333334,0.4096385542168674,0.25,0.4202898550724637
rs113989925,11794740,A,G,MTHFR,0.0008196721311475,Homocystinuria_due_to_methylene_tetrahydrofolate_reductase_deficiency,0.585737,7.373,0.585737,7.373,11794740_A_G,MTHFR,0.0,0.0,0.0,0.0,0.0054347826086956,0.0,0.0,0.0,0.0,0.0,0.0
rs2066462,11794839,G,A,MTHFR,0.0754098360655737,Homocystinuria_due_to_methylene_tetrahydrofolate_reductase_deficiency,0.553217,7.05,0.553217,7.05,11794839_G_A,MTHFR,0.0,0.0625,0.2272727272727272,0.1019417475728155,0.0706521739130434,0.025,0.0560344827586206,0.125,0.036144578313253,0.25,0.0760869565217391
rs2066462,11794839,G,A,MTHFR,0.0754098360655737,Homocystinuria_due_to_MTHFR_deficiency,0.553217,7.05,0.553217,7.05,11794839_G_A,MTHFR,0.0,0.0625,0.2272727272727272,0.1019417475728155,0.0706521739130434,0.025,0.0560344827586206,0.125,0.036144578313253,0.25,0.0760869565217391
rs2066464,11794869,T,C,MTHFR,0.0032786885245901,Homocystinuria_due_to_methylene_tetrahydrofolate_reductase_deficiency,0.380731,5.212,0.380731,5.212,11794869_T_C,MTHFR,0.0,0.0,0.0,0.0048543689320388,0.0054347826086956,0.0,0.0,0.0,0.0060240963855421,0.0,0.0036231884057971
rs543016186,11795125,C,T,MTHFR,0.0008196721311475,Homocystinuria_due_to_methylene_tetrahydrofolate_reductase_deficiency,3.277557,24.1,3.277557,24.1,11795125_C_T,MTHFR,0.0,0.0,0.0,0.0048543689320388,0.0,0.0,0.0,0.0,0.0,0.0,0.0
rs371474040,11795244,G,C,MTHFR,0.0008196721311475,Homocystinuria_due_to_methylene_tetrahydrofolate_reductase_deficiency,0.763485,9.038,0.763485,9.038,11795244_G_C,MTHFR,0.0,0.0,0.0,0.0,0.0,0.025,0.0,0.0,0.0,0.0,0.0
rs142612062,11795341,T,G,MTHFR,0.0065573770491803,Homocystinuria_due_to_methylene_tetrahydrofolate_reductase_deficiency,2.618178,22.7,2.618178,22.7,11795341_T_G,MTHFR,0.0,0.0,0.0,0.0,0.0,0.05,0.021551724137931,0.0,0.0060240963855421,0.0,0.0
rs200789362,11796224,G,A,MTHFR,0.0008196721311475,Homocystinuria_due_to_methylene_tetrahydrofolate_reductase_deficiency,-0.420284,0.174,-0.420284,0.174,11796224_G_A,MTHFR,0.0,0.0,0.0,0.0,0.0,0.0,0.0043103448275862,0.0,0.0,0.0,0.0
rs200789362,11796224,G,A,MTHFR,0.0008196721311475,Homocystinuria_due_to_MTHFR_deficiency,-0.420284,0.174,-0.420284,0.174,11796224_G_A,MTHFR,0.0,0.0,0.0,0.0,0.0,0.0,0.0043103448275862,0.0,0.0,0.0,0.0
rs45486194,11796254,G,A,MTHFR,0.0040983606557377,Homocystinuria_due_to_methylene_tetrahydrofolate_reductase_deficiency,0.112288,2.203,0.112288,2.203,11796254_G_A,MTHFR,0.0,0.0,0.0,0.0097087378640776,0.0,0.0,0.0,0.0,0.0060240963855421,0.0,0.0072463768115942
rs34279942,11796278,G,A,MTHFR,0.0057377049180327,Homocystinuria_due_to_methylene_tetrahydrofolate_reductase_deficiency,0.860986,10.02,0.860986,10.02,11796278_G_A,MTHFR,0.0,0.0,0.0,0.0,0.0271739130434782,0.0,0.0,0.0,0.0,0.0,0.0072463768115942
rs34279942,11796278,G,A,MTHFR,0.0057377049180327,Homocystinuria_due_to_MTHFR_deficiency,0.860986,10.02,0.860986,10.02,11796278_G_A,MTHFR,0.0,0.0,0.0,0.0,0.0271739130434782,0.0,0.0,0.0,0.0,0.0,0.0072463768115942
rs150847674,11796319,C,T,MTHFR,0.001639344262295,Homocystinuria_due_to_methylene_tetrahydrofolate_reductase_deficiency,2.712708,22.9,2.712708,22.9,11796319_C_T,MTHFR,0.0,0.0,0.0,0.0097087378640776,0.0,0.0,0.0,0.0,0.0,0.0,0.0
rs1801133,11796321,G,A,MTHFR,0.0721311475409836,Neoplasm_of_stomach,4.039767,27.3,4.039767,27.3,11796321_G_A,MTHFR,0.15,0.0,0.0,0.0679611650485436,0.0597826086956521,0.125,0.0603448275862069,0.0833333333333333,0.072289156626506,0.0,0.0978260869565217
rs1801133,11796321,G,A,MTHFR,0.0721311475409836,Gastrointestinal_stromal_tumor,4.039767,27.3,4.039767,27.3,11796321_G_A,MTHFR,0.15,0.0,0.0,0.0679611650485436,0.0597826086956521,0.125,0.0603448275862069,0.0833333333333333,0.072289156626506,0.0,0.0978260869565217
rs1801133,11796321,G,A,MTHFR,0.0721311475409836,Thrombophilia_due_to_thrombin_defect,4.039767,27.3,4.039767,27.3,11796321_G_A,MTHFR,0.15,0.0,0.0,0.0679611650485436,0.0597826086956521,0.125,0.0603448275862069,0.0833333333333333,0.072289156626506,0.0,0.0978260869565217
rs1801133,11796321,G,A,MTHFR,0.0721311475409836,Homocystinuria_due_to_methylene_tetrahydrofolate_reductase_deficiency,4.039767,27.3,4.039767,27.3,11796321_G_A,MTHFR,0.15,0.0,0.0,0.0679611650485436,0.0597826086956521,0.125,0.0603448275862069,0.0833333333333333,0.072289156626506,0.0,0.0978260869565217
rs1801133,11796321,G,A,MTHFR,0.0721311475409836,"Neural_tube_defects,_folate-sensitive",4.039767,27.3,4.039767,27.3,11796321_G_A,MTHFR,0.15,0.0,0.0,0.0679611650485436,0.0597826086956521,0.125,0.0603448275862069,0.0833333333333333,0.072289156626506,0.0,0.0978260869565217
rs1801133,11796321,G,A,MTHFR,0.0721311475409836,"MTHFR_deficiency,_thermolabile_type",4.039767,27.3,4.039767,27.3,11796321_G_A,MTHFR,0.15,0.0,0.0,0.0679611650485436,0.0597826086956521,0.125,0.0603448275862069,0.0833333333333333,0.072289156626506,0.0,0.0978260869565217
rs1801133,11796321,G,A,MTHFR,0.0721311475409836,Homocystinuria_due_to_MTHFR_deficiency,4.039767,27.3,4.039767,27.3,11796321_G_A,MTHFR,0.15,0.0,0.0,0.0679611650485436,0.0597826086956521,0.125,0.0603448275862069,0.0833333333333333,0.072289156626506,0.0,0.0978260869565217
rs1801133,11796321,G,A,MTHFR,0.0721311475409836,carboplatin_response_-_Efficacy,4.039767,27.3,4.039767,27.3,11796321_G_A,MTHFR,0.15,0.0,0.0,0.0679611650485436,0.0597826086956521,0.125,0.0603448275862069,0.0833333333333333,0.072289156626506,0.0,0.0978260869565217
rs1801133,11796321,G,A,MTHFR,0.0721311475409836,cyclophosphamide_response_-_Toxicity/ADR,4.039767,27.3,4.039767,27.3,11796321_G_A,MTHFR,0.15,0.0,0.0,0.0679611650485436,0.0597826086956521,0.125,0.0603448275862069,0.0833333333333333,0.072289156626506,0.0,0.0978260869565217
rs1801133,11796321,G,A,MTHFR,0.0721311475409836,"methotrexate_response_-_Dosage,_Efficacy,_Toxicity/ADR",4.039767,27.3,4.039767,27.3,11796321_G_A,MTHFR,0.15,0.0,0.0,0.0679611650485436,0.0597826086956521,0.125,0.0603448275862069,0.0833333333333333,0.072289156626506,0.0,0.0978260869565217
rs17421511,11797731,G,A,MTHFR,0.0286885245901639,Homocystinuria_due_to_methylene_tetrahydrofolate_reductase_deficiency,0.314448,4.456,0.314448,4.456,11797731_G_A,MTHFR,0.15,0.0,0.0,0.0242718446601941,0.0434782608695652,0.0,0.0301724137931034,0.0416666666666666,0.0180722891566265,0.25,0.0181159420289855
rs144921426,11801288,G,A,MTHFR,0.0081967213114754,Homocystinuria_due_to_methylene_tetrahydrofolate_reductase_deficiency,0.242378,3.615,0.242378,3.615,11801288_G_A,MTHFR,0.0,0.0,0.0681818181818181,0.0242718446601941,0.0,0.0,0.0,0.0,0.0,0.0,0.0072463768115942
rs144921426,11801288,G,A,MTHFR,0.0081967213114754,Homocystinuria_due_to_MTHFR_deficiency,0.242378,3.615,0.242378,3.615,11801288_G_A,MTHFR,0.0,0.0,0.0681818181818181,0.0242718446601941,0.0,0.0,0.0,0.0,0.0,0.0,0.0072463768115942
rs45546035,11801360,G,A,MTHFR,0.0073770491803278,Homocystinuria_due_to_methylene_tetrahydrofolate_reductase_deficiency,0.772241,9.121,0.772241,9.121,11801360_G_A,MTHFR,0.0,0.0,0.0,0.0097087378640776,0.0108695652173913,0.0,0.0043103448275862,0.0,0.0,0.0,0.0144927536231884
rs1413355,11802878,T,C,MTHFR,0.0073770491803278,Homocystinuria_due_to_methylene_tetrahydrofolate_reductase_deficiency,2.089058,19.93,2.089058,19.93,11802878_T_C,MTHFR,0.1,0.0,0.0,0.0194174757281553,0.0054347826086956,0.0,0.0,0.0,0.0,0.0,0.0072463768115942
rs2066470,11803000,G,A,MTHFR,0.0622950819672131,Homocystinuria_due_to_methylene_tetrahydrofolate_reductase_deficiency,0.112742,2.207,0.112742,2.207,11803000_G_A,MTHFR,0.05,0.125,0.0227272727272727,0.0728155339805825,0.0815217391304347,0.0,0.0646551724137931,0.0416666666666666,0.0542168674698795,0.0,0.0615942028985507
rs2066470,11803000,G,A,MTHFR,0.0622950819672131,Homocystinuria_due_to_MTHFR_deficiency,0.112742,2.207,0.112742,2.207,11803000_G_A,MTHFR,0.05,0.125,0.0227272727272727,0.0728155339805825,0.0815217391304347,0.0,0.0646551724137931,0.0416666666666666,0.0542168674698795,0.0,0.0615942028985507
rs13306560,11806126,C,T,MTHFR,0.0016420361247947,Homocystinuria_due_to_methylene_tetrahydrofolate_reductase_deficiency,2.126613,20.3,2.126613,20.3,11806126_C_T,MTHFR,0.0,0.0,0.0,0.0,0.0,0.0,0.0086206896551724,0.0,0.0,0.0,0.0
rs2070744,150992991,C,T,NOS3,0.8540983606557377,"Metabolic_syndrome,_susceptibility_to",-0.182809,0.556,-0.182809,0.556,150992991_C_T,NOS3,0.9,0.8125,0.8863636363636364,0.9174757281553398,0.842391304347826,0.725,0.8232758620689655,0.8333333333333334,0.8313253012048193,1.0,0.8623188405797102
rs1799983,150999023,T,G,NOS3,0.9352459016393444,"Ischemic_heart_disease,_susceptibility_to",0.865839,10.07,0.865839,10.07,150999023_T_G,NOS3,0.9,1.0,0.9318181818181818,0.8980582524271845,0.9619565217391304,0.95,0.9224137931034484,1.0,0.9518072289156626,0.5833333333333334,0.9528985507246376
rs1799983,150999023,T,G,NOS3,0.9352459016393444,"Ischemic_stroke,_susceptibility_to",0.865839,10.07,0.865839,10.07,150999023_T_G,NOS3,0.9,1.0,0.9318181818181818,0.8980582524271845,0.9619565217391304,0.95,0.9224137931034484,1.0,0.9518072289156626,0.5833333333333334,0.9528985507246376
rs1799983,150999023,T,G,NOS3,0.9352459016393444,"Alzheimer_disease,_late-onset,_susceptibility_to",0.865839,10.07,0.865839,10.07,150999023_T_G,NOS3,0.9,1.0,0.9318181818181818,0.8980582524271845,0.9619565217391304,0.95,0.9224137931034484,1.0,0.9518072289156626,0.5833333333333334,0.9528985507246376
rs1799983,150999023,T,G,NOS3,0.9352459016393444,"Hypertension,_pregnancy-induced,_susceptibility_to",0.865839,10.07,0.865839,10.07,150999023_T_G,NOS3,0.9,1.0,0.9318181818181818,0.8980582524271845,0.9619565217391304,0.95,0.9224137931034484,1.0,0.9518072289156626,0.5833333333333334,0.9528985507246376
rs1799983,150999023,T,G,NOS3,0.9352459016393444,Hypertension_resistant_to_conventional_therapy,0.865839,10.07,0.865839,10.07,150999023_T_G,NOS3,0.9,1.0,0.9318181818181818,0.8980582524271845,0.9619565217391304,0.95,0.9224137931034484,1.0,0.9518072289156626,0.5833333333333334,0.9528985507246376
rs1799983,150999023,T,G,NOS3,0.9352459016393444,"Coronary_artery_spasm_1,_susceptibility_to",0.865839,10.07,0.865839,10.07,150999023_T_G,NOS3,0.9,1.0,0.9318181818181818,0.8980582524271845,0.9619565217391304,0.95,0.9224137931034484,1.0,0.9518072289156626,0.5833333333333334,0.9528985507246376
rs568879359,206768666,T,G,IL10,0.0016420361247947,Inflammatory_bowel_disease,3.360608,24.3,3.360608,24.3,206768666_T_G,IL10,0.0,0.0,0.0,0.0,0.0,0.0,0.0,0.0,0.0060240963855421,0.0,0.0036231884057971
rs3024493,206770623,C,A,IL10,0.0114754098360655,Inflammatory_bowel_disease,1.00535,11.69,1.00535,11.69,206770623_C_A,IL10,0.0,0.0,0.0,0.0194174757281553,0.0217391304347826,0.0,0.0086206896551724,0.0,0.0,0.0,0.0144927536231884
rs1554286,206770888,A,G,IL10,0.5573770491803278,Inflammatory_bowel_disease,0.637571,7.873,0.637571,7.873,206770888_A_G,IL10,0.7,0.6875,0.6818181818181818,0.5388349514563107,0.6086956521739131,0.45,0.5344827586206896,0.75,0.5120481927710844,0.9166666666666666,0.5289855072463768
rs5743626,206770940,G,A,IL10,0.0008196721311475,Inflammatory_bowel_disease,0.025197,1.501,0.025197,1.501,206770940_G_A,IL10,0.0,0.0,0.0,0.0,0.0,0.0,0.0,0.0,0.0,0.0,0.0036231884057971
rs139352858,206771057,A,G,IL10,0.001639344262295,Inflammatory_bowel_disease,1.781284,17.6,1.781284,17.6,206771057_A_G,IL10,0.0,0.0,0.0,0.0048543689320388,0.0,0.0,0.0,0.0,0.0,0.0,0.0036231884057971
rs1518111,206771300,T,C,IL10,0.5557377049180328,Inflammatory_bowel_disease,0.918671,10.64,0.918671,10.64,206771300_T_C,IL10,0.7,0.6875,0.6818181818181818,0.5339805825242718,0.6086956521739131,0.45,0.5344827586206896,0.75,0.5120481927710844,0.9166666666666666,0.5253623188405797
rs141219090,206772378,G,A,IL10,0.0024590163934426,Inflammatory_bowel_disease,0.540291,6.92,0.540291,6.92,206772378_G_A,IL10,0.0,0.0,0.0227272727272727,0.0097087378640776,0.0,0.0,0.0,0.0,0.0,0.0,0.0
rs139073251,206772380,C,T,IL10,0.0008196721311475,Inflammatory_bowel_disease,1.326013,14.57,1.326013,14.57,206772380_C_T,IL10,0.0,0.0,0.0,0.0,0.0,0.0,0.0043103448275862,0.0,0.0,0.0,0.0
rs1800872,206773062,T,G,IL10,0.5540983606557377,"Human_immunodeficiency_virus_type_1,_susceptibility_to",0.409019,5.526,0.409019,5.526,206773062_T_G,IL10,0.7,0.6875,0.6818181818181818,0.5339805825242718,0.6086956521739131,0.45,0.5344827586206896,0.75,0.5060240963855421,0.9166666666666666,0.5217391304347826
rs1800872,206773062,T,G,IL10,0.5540983606557377,Inflammatory_bowel_disease,0.409019,5.526,0.409019,5.526,206773062_T_G,IL10,0.7,0.6875,0.6818181818181818,0.5339805825242718,0.6086956521739131,0.45,0.5344827586206896,0.75,0.5060240963855421,0.9166666666666666,0.5217391304347826
rs1800872,206773062,T,G,IL10,0.5540983606557377,"Graft-versus-host_disease,_resistance_to",0.409019,5.526,0.409019,5.526,206773062_T_G,IL10,0.7,0.6875,0.6818181818181818,0.5339805825242718,0.6086956521739131,0.45,0.5344827586206896,0.75,0.5060240963855421,0.9166666666666666,0.5217391304347826
rs1800871,206773289,A,G,IL10,0.5540983606557377,Inflammatory_bowel_disease,-0.009394,1.278,-0.009394,1.278,206773289_A_G,IL10,0.7,0.6875,0.6818181818181818,0.5339805825242718,0.6086956521739131,0.45,0.5344827586206896,0.75,0.5060240963855421,0.9166666666666666,0.5217391304347826
rs1800797,22726602,A,G,IL6,0.9991803278688524,INTERLEUKIN_6_POLYMORPHISM,0.590679,7.422,0.590679,7.422,22726602_A_G,IL6,1.0,1.0,1.0,1.0,1.0,1.0,0.9956896551724138,1.0,1.0,1.0,1.0
rs1800795,22727026,C,G,IL6,0.9991803278688524,"Diabetes_mellitus_type_2,_susceptibility_to",1.936521,18.77,1.936521,18.77,22727026_C_G,IL6,1.0,1.0,1.0,1.0,1.0,1.0,0.9956896551724138,1.0,1.0,1.0,1.0
rs1800795,22727026,C,G,IL6,0.9991803278688524,"Diabetes_mellitus,_type_1,_susceptibility_to",1.936521,18.77,1.936521,18.77,22727026_C_G,IL6,1.0,1.0,1.0,1.0,1.0,1.0,0.9956896551724138,1.0,1.0,1.0,1.0
rs1800795,22727026,C,G,IL6,0.9991803278688524,"Intracranial_hemorrhage_in_brain_cerebrovascular_malformations,_susceptibility_to",1.936521,18.77,1.936521,18.77,22727026_C_G,IL6,1.0,1.0,1.0,1.0,1.0,1.0,0.9956896551724138,1.0,1.0,1.0,1.0
rs1800795,22727026,C,G,IL6,0.9991803278688524,"Rheumatoid_arthritis,_systemic_juvenile,_susceptibility_to",1.936521,18.77,1.936521,18.77,22727026_C_G,IL6,1.0,1.0,1.0,1.0,1.0,1.0,0.9956896551724138,1.0,1.0,1.0,1.0
rs1800795,22727026,C,G,IL6,0.9991803278688524,Kaposi_sarcoma,1.936521,18.77,1.936521,18.77,22727026_C_G,IL6,1.0,1.0,1.0,1.0,1.0,1.0,0.9956896551724138,1.0,1.0,1.0,1.0
rs1800795,22727026,C,G,IL6,0.9991803278688524,"Crohn_disease-associated_growth_failure,_susceptibility_to",1.936521,18.77,1.936521,18.77,22727026_C_G,IL6,1.0,1.0,1.0,1.0,1.0,1.0,0.9956896551724138,1.0,1.0,1.0,1.0
rs2067853,230702512,G,A,AGT,0.0573770491803278,Renal_dysplasia,0.366968,5.057,0.366968,5.057,230702512_G_A,AGT,0.1,0.0,0.0454545454545454,0.0631067961165048,0.0869565217391304,0.0,0.0474137931034482,0.125,0.0180722891566265,0.0,0.072463768115942
rs7079,230702585,G,T,AGT,0.0573770491803278,Renal_dysplasia,0.144434,2.518,0.144434,2.518,230702585_G_T,AGT,0.1,0.0,0.0454545454545454,0.0631067961165048,0.0869565217391304,0.0,0.0474137931034482,0.125,0.0180722891566265,0.0,0.072463768115942
rs5044,230702718,A,C,AGT,0.0237704918032786,Renal_dysplasia,0.046124,1.651,0.046124,1.651,230702718_A_C,AGT,0.05,0.0625,0.0,0.0097087378640776,0.0434782608695652,0.0,0.0344827586206896,0.0,0.036144578313253,0.0,0.0108695652173913
rs5043,230702974,A,G,AGT,0.0073770491803278,Renal_dysplasia,-0.094002,0.853,-0.094002,0.853,230702974_A_G,AGT,0.0,0.0,0.0,0.0,0.0108695652173913,0.0,0.0086206896551724,0.0833333333333333,0.0,0.0,0.0108695652173913
rs61751079,230702982,C,T,AGT,0.001639344262295,Renal_dysplasia,-0.017594,1.229,-0.017594,1.229,230702982_C_T,AGT,0.0,0.0,0.0,0.0048543689320388,0.0054347826086956,0.0,0.0,0.0,0.0,0.0,0.0
rs4753,230702983,G,C,AGT,0.0221311475409836,Renal_dysplasia,-0.406956,0.186,-0.406956,0.186,230702983_G_C,AGT,0.05,0.0625,0.1136363636363636,0.0388349514563106,0.0108695652173913,0.0,0.0043103448275862,0.0,0.0180722891566265,0.0833333333333333,0.0181159420289855
rs5042,230703101,G,A,AGT,0.0073770491803278,Renal_dysplasia,0.732078,8.748,0.732078,8.748,230703101_G_A,AGT,0.05,0.0,0.0,0.0145631067961165,0.0054347826086956,0.0,0.0,0.0,0.0,0.0,0.0144927536231884
rs143479528,230703157,G,A,AGT,0.0040983606557377,Renal_dysplasia,3.438488,24.5,3.438488,24.5,230703157_G_A,AGT,0.0,0.0,0.0,0.0145631067961165,0.0,0.0,0.0,0.0,0.0120481927710843,0.0,0.0
rs61751077,230703274,G,A,AGT,0.0057377049180327,Renal_dysplasia,3.033318,23.5,3.033318,23.5,230703274_G_A,AGT,0.0,0.0,0.0,0.0,0.0,0.0,0.0086206896551724,0.0,0.0240963855421686,0.0,0.0036231884057971
rs61731499,230704308,A,G,AGT,0.0065573770491803,Renal_dysplasia,0.986412,11.45,0.986412,11.45,230704308_A_G,AGT,0.05,0.0,0.0,0.0,0.0217391304347826,0.0,0.0,0.0,0.0,0.0833333333333333,0.0072463768115942
rs1926723,230704350,T,C,AGT,0.0401639344262295,Renal_dysplasia,-1.175317,0.003,-1.175317,0.003,230704350_T_C,AGT,0.0,0.0,0.0681818181818181,0.029126213592233,0.092391304347826,0.0,0.0387931034482758,0.0,0.0602409638554216,0.0833333333333333,0.0108695652173913
rs7080,230705941,T,C,AGT,1.0,Renal_dysplasia,0.104613,2.133,0.104613,2.133,230705941_T_C,AGT,1.0,1.0,1.0,1.0,1.0,1.0,1.0,1.0,1.0,1.0,1.0
rs11568041,230706034,G,A,AGT,0.0147540983606557,Renal_dysplasia,0.593741,7.452,0.593741,7.452,230706034_G_A,AGT,0.0,0.0,0.0,0.029126213592233,0.0108695652173913,0.0,0.0043103448275862,0.0,0.0301204819277108,0.0,0.0144927536231884
rs139685563,230706171,C,T,AGT,0.001639344262295,Renal_dysplasia,2.733758,22.9,2.733758,22.9,230706171_C_T,AGT,0.0,0.0,0.0,0.0,0.0108695652173913,0.0,0.0,0.0,0.0,0.0,0.0
rs543740975,230710008,G,A,AGT,0.0008196721311475,Renal_dysplasia,-0.662124,0.053,-0.662124,0.053,230710008_G_A,AGT,0.0,0.0,0.0,0.0,0.0,0.0,0.0,0.0,0.0060240963855421,0.0,0.0
rs699,230710048,A,G,AGT,0.931967213114754,"Hypertension,_essential,_susceptibility_to",-0.277922,0.347,-0.277922,0.347,230710048_A_G,AGT,0.85,0.9375,0.9545454545454546,0.9271844660194176,0.8967391304347826,0.975,0.9310344827586208,1.0,0.9698795180722892,1.0,0.9239130434782608
rs699,230710048,A,G,AGT,0.931967213114754,"Preeclampsia,_susceptibility_to",-0.277922,0.347,-0.277922,0.347,230710048_A_G,AGT,0.85,0.9375,0.9545454545454546,0.9271844660194176,0.8967391304347826,0.975,0.9310344827586208,1.0,0.9698795180722892,1.0,0.9239130434782608
rs699,230710048,A,G,AGT,0.931967213114754,Renal_dysplasia,-0.277922,0.347,-0.277922,0.347,230710048_A_G,AGT,0.85,0.9375,0.9545454545454546,0.9271844660194176,0.8967391304347826,0.975,0.9310344827586208,1.0,0.9698795180722892,1.0,0.9239130434782608
rs699,230710048,A,G,AGT,0.931967213114754,Susceptibility_to_progression_to_renal_failure_in_IgA_nephropathy,-0.277922,0.347,-0.277922,0.347,230710048_A_G,AGT,0.85,0.9375,0.9545454545454546,0.9271844660194176,0.8967391304347826,0.975,0.9310344827586208,1.0,0.9698795180722892,1.0,0.9239130434782608
rs4762,230710231,G,A,AGT,0.0491803278688524,Renal_dysplasia,3.567892,24.9,3.567892,24.9,230710231_G_A,AGT,0.05,0.0625,0.0,0.0485436893203883,0.0489130434782608,0.0,0.0689655172413793,0.0416666666666666,0.0843373493975903,0.0833333333333333,0.0253623188405797
rs5051,230714126,C,T,AGT,0.9491803278688524,Renal_dysplasia,0.14126,2.486,0.14126,2.486,230714126_C_T,AGT,0.85,0.9375,0.9772727272727272,0.9660194174757282,0.9021739130434784,0.975,0.9525862068965516,1.0,0.9698795180722892,1.0,0.9456521739130436
rs5050,230714140,T,G,AGT,0.1655737704918032,Renal_dysplasia,0.647358,7.965,0.647358,7.965,230714140_T_G,AGT,0.05,0.125,0.1363636363636363,0.1553398058252427,0.1793478260869565,0.125,0.1810344827586207,0.0833333333333333,0.2289156626506024,0.0833333333333333,0.144927536231884
rs11568020,230714272,C,T,AGT,0.0196721311475409,Renal_dysplasia,-0.398347,0.194,-0.398347,0.194,230714272_C_T,AGT,0.0,0.0,0.0,0.0097087378640776,0.0217391304347826,0.075,0.0258620689655172,0.0,0.0180722891566265,0.0,0.0217391304347826
rs5049,230714337,C,T,AGT,0.2819672131147541,Renal_dysplasia,-0.172536,0.585,-0.172536,0.585,230714337_C_T,AGT,0.35,0.5,0.3181818181818182,0.2766990291262136,0.3206521739130434,0.175,0.2586206896551724,0.25,0.2108433734939759,0.5833333333333334,0.3043478260869565
rs61757165,230714402,G,A,AGT,0.0049180327868852,Renal_dysplasia,-0.602465,0.072,-0.602465,0.072,230714402_G_A,AGT,0.0,0.0,0.0,0.0097087378640776,0.0,0.0,0.0043103448275862,0.0,0.0120481927710843,0.0,0.0036231884057971
rs1071676,112829856,C,G,IL1B,0.1418032786885246,,-0.204588,0.499,-0.204588,0.499,112829856_C_G,IL1B,0.25,0.125,0.1136363636363636,0.1359223300970873,0.1141304347826086,0.225,0.2068965517241379,0.0833333333333333,0.1024096385542168,0.3333333333333333,0.1159420289855072
rs1217401,113896329,A,G,AP4B1,0.7975409836065573,"Spastic_paraplegia_47,_autosomal_recessive|History_of_neurodevelopmental_disorder|not_specified",2.355377,21.9,2.355377,21.9,113896329_A_G,AP4B1,0.75,0.8125,0.5681818181818182,0.8155339805825242,0.7880434782608695,0.95,0.8318965517241379,0.2916666666666667,0.7771084337349398,0.6666666666666666,0.8405797101449275
rs1801133,11796321,G,A,MTHFR,0.0721311475409836,"Neoplasm_of_stomach|Gastrointestinal_stromal_tumor|Thrombophilia_due_to_thrombin_defect|Homocystinuria_due_to_methylene_tetrahydrofolate_reductase_deficiency|Neural_tube_defects,_folate-sensitive|MTHFR_deficiency,_thermolabile_type|Homocystinuria_due_to_MTHFR_deficiency|not_specified|none_provided|carboplatin_response_-_Efficacy|cyclophosphamide_response_-_Toxicity/ADR|methotrexate_response_-_Dosage,_Efficacy,_Toxicity/ADR|not_provided",4.039767,27.3,4.039767,27.3,11796321_G_A,MTHFR,0.15,0.0,0.0,0.0679611650485436,0.0597826086956521,0.125,0.0603448275862069,0.0833333333333333,0.072289156626506,0.0,0.0978260869565217
rs1808593,151011214,G,T,NOS3,0.7040983606557377,,0.701752,8.471,0.701752,8.471,151011214_G_T,NOS3,0.75,0.4375,0.7045454545454546,0.6844660194174758,0.6739130434782609,0.65,0.728448275862069,0.875,0.7891566265060241,0.1666666666666666,0.6956521739130435
rs1800896,206773552,T,C,IL10,0.3243021346469622,,0.396866,5.392,0.396866,5.392,206773552_T_C,IL10,0.3,0.3125,0.4318181818181818,0.3252427184466019,0.3260869565217391,0.4,0.3189655172413793,0.75,0.2771084337349397,0.4166666666666667,0.2883211678832116
rs1800795,22727026,C,G,IL6,0.9991803278688524,"Diabetes_mellitus_type_2,_susceptibility_to|Diabetes_mellitus,_type_1,_susceptibility_to|Intracranial_hemorrhage_in_brain_cerebrovascular_malformations,_susceptibility_to|Rheumatoid_arthritis,_systemic_juvenile,_susceptibility_to|Kaposi_sarcoma|Crohn_disease-associated_growth_failure,_susceptibility_to",1.936521,18.77,1.936521,18.77,22727026_C_G,IL6,1.0,1.0,1.0,1.0,1.0,1.0,0.9956896551724138,1.0,1.0,1.0,1.0
rs2043211,48234449,A,T,CARD8,0.1795081967213114,not_provided,-0.251061,0.396,-0.251061,0.396,48234449_A_T,CARD8,0.25,0.125,0.1818181818181818,0.1699029126213592,0.2119565217391304,0.25,0.1853448275862069,0.25,0.1265060240963855,0.0833333333333333,0.1775362318840579
