VAR_NAME,POS,REF,ALT,GENE,AFR_AF,DISEASE_PHENOTYPE,CADD_RAW_SCORE,CADD_PHRED_SCORE,ALFA_AF_East Asian,ALFA_AF_South Asian,ALFA_AF_European,ALFA_AF_Latin American 1,ALFA_AF_Latin American 2
rs139916479,110149349,G,A,COL4A1,0.0040983606557377,Brain_small_vessel_disease_1_with_or_without_ocular_anomalies,0.257986,3.798,0.0,0.0,0.0,0.00684931506849315,0.0
rs139916479,110149349,G,A,COL4A1,0.0040983606557377,"Angiopathy,_hereditary,_with_nephropathy,_aneurysms,_and_muscle_cramps",0.257986,3.798,0.0,0.0,0.0,0.00684931506849315,0.0
rs139916479,110149349,G,A,COL4A1,0.0040983606557377,Brain_small_vessel_disease_with_hemorrhage,0.257986,3.798,0.0,0.0,0.0,0.00684931506849315,0.0
chr13:110149715A-AAT,110149715,A,AAT,COL4A1,0.0008250825082508,Porencephalic_cyst,1.172573,13.42,,,,,
chr13:110149715A-AAT,110149715,A,AAT,COL4A1,0.0008250825082508,"Angiopathy,_hereditary,_with_nephropathy,_aneurysms,_and_muscle_cramps",1.172573,13.42,,,,,
chr13:110149715A-AAT,110149715,A,AAT,COL4A1,0.0008250825082508,Brain_small_vessel_disease_with_hemorrhage,1.172573,13.42,,,,,
rs13260,110149776,G,T,COL4A1,0.2663934426229508,Porencephalic_cyst,1.00375,11.67,0.004016064257028112,0.03977272727272727,0.091209449762652,0.13031161473087818,0.2265084075173096
rs13260,110149776,G,T,COL4A1,0.2663934426229508,Brain_small_vessel_disease_1_with_or_without_ocular_anomalies,1.00375,11.67,0.004016064257028112,0.03977272727272727,0.091209449762652,0.13031161473087818,0.2265084075173096
rs13260,110149776,G,T,COL4A1,0.2663934426229508,"Angiopathy,_hereditary,_with_nephropathy,_aneurysms,_and_muscle_cramps",1.00375,11.67,0.004016064257028112,0.03977272727272727,0.091209449762652,0.13031161473087818,0.2265084075173096
rs115834242,110150432,C,T,COL4A1,0.0073770491803278,Porencephalic_cyst,0.431413,5.772,0.0,0.0,2.0650064015198447e-05,0.0,0.0
rs115834242,110150432,C,T,COL4A1,0.0073770491803278,Brain_small_vessel_disease_1_with_or_without_ocular_anomalies,0.431413,5.772,0.0,0.0,2.0650064015198447e-05,0.0,0.0
rs115834242,110150432,C,T,COL4A1,0.0073770491803278,"Angiopathy,_hereditary,_with_nephropathy,_aneurysms,_and_muscle_cramps",0.431413,5.772,0.0,0.0,2.0650064015198447e-05,0.0,0.0
rs650724,110152462,G,A,COL4A1,0.2270491803278688,Brain_small_vessel_disease_1_with_or_without_ocular_anomalies,0.353629,4.906,0.0,0.061224489795918366,0.09547388781431335,0.18473895582329317,0.19745222929936307
rs650724,110152462,G,A,COL4A1,0.2270491803278688,"Angiopathy,_hereditary,_with_nephropathy,_aneurysms,_and_muscle_cramps",0.353629,4.906,0.0,0.061224489795918366,0.09547388781431335,0.18473895582329317,0.19745222929936307
rs650724,110152462,G,A,COL4A1,0.2270491803278688,Brain_small_vessel_disease_with_hemorrhage,0.353629,4.906,0.0,0.061224489795918366,0.09547388781431335,0.18473895582329317,0.19745222929936307
rs117566874,110161184,C,T,COL4A1,0.010655737704918,Brain_small_vessel_disease_1_with_or_without_ocular_anomalies,-0.080042,0.912,0.0,0.01020408163265306,0.007914731954411143,0.004,0.006369426751592357
rs117566874,110161184,C,T,COL4A1,0.010655737704918,"Angiopathy,_hereditary,_with_nephropathy,_aneurysms,_and_muscle_cramps",-0.080042,0.912,0.0,0.01020408163265306,0.007914731954411143,0.004,0.006369426751592357
rs117566874,110161184,C,T,COL4A1,0.010655737704918,Brain_small_vessel_disease_with_hemorrhage,-0.080042,0.912,0.0,0.01020408163265306,0.007914731954411143,0.004,0.006369426751592357
rs2275843,110161185,G,A,COL4A1,0.1196721311475409,Porencephalic_cyst,-0.866287,0.017,0.3029243483788938,0.20923913043478262,0.16295335587567744,0.17065868263473055,0.16153846153846155
rs2275843,110161185,G,A,COL4A1,0.1196721311475409,Brain_small_vessel_disease_1_with_or_without_ocular_anomalies,-0.866287,0.017,0.3029243483788938,0.20923913043478262,0.16295335587567744,0.17065868263473055,0.16153846153846155
rs2275843,110161185,G,A,COL4A1,0.1196721311475409,"Angiopathy,_hereditary,_with_nephropathy,_aneurysms,_and_muscle_cramps",-0.866287,0.017,0.3029243483788938,0.20923913043478262,0.16295335587567744,0.17065868263473055,0.16153846153846155
rs2275843,110161185,G,A,COL4A1,0.1196721311475409,Brain_small_vessel_disease_with_hemorrhage,-0.866287,0.017,0.3029243483788938,0.20923913043478262,0.16295335587567744,0.17065868263473055,0.16153846153846155
rs1133219,110161362,G,A,COL4A1,0.3483606557377049,Porencephalic_cyst,0.065531,1.8,0.21844660194174756,0.38783194609591753,0.35475366537820147,0.3106060606060606,0.23262883613202084
rs1133219,110161362,G,A,COL4A1,0.3483606557377049,Brain_small_vessel_disease_1_with_or_without_ocular_anomalies,0.065531,1.8,0.21844660194174756,0.38783194609591753,0.35475366537820147,0.3106060606060606,0.23262883613202084
rs1133219,110161362,G,A,COL4A1,0.3483606557377049,"Angiopathy,_hereditary,_with_nephropathy,_aneurysms,_and_muscle_cramps",0.065531,1.8,0.21844660194174756,0.38783194609591753,0.35475366537820147,0.3106060606060606,0.23262883613202084
rs1816884,110164824,G,C,COL4A1,0.171311475409836,Brain_small_vessel_disease_1_with_or_without_ocular_anomalies,-0.452258,0.149,0.7142857142857143,0.41836734693877553,0.3735502260664439,0.3493150684931507,0.4180327868852459
rs1816884,110164824,G,C,COL4A1,0.171311475409836,"Angiopathy,_hereditary,_with_nephropathy,_aneurysms,_and_muscle_cramps",-0.452258,0.149,0.7142857142857143,0.41836734693877553,0.3735502260664439,0.3493150684931507,0.4180327868852459
rs140722653,110166248,G,A,COL4A1,0.0163934426229508,Brain_small_vessel_disease_1_with_or_without_ocular_anomalies,-0.548845,0.094,0.0,0.0,0.00011662079582031068,0.003937007874015748,0.0031545741324921135
rs140722653,110166248,G,A,COL4A1,0.0163934426229508,"Angiopathy,_hereditary,_with_nephropathy,_aneurysms,_and_muscle_cramps",-0.548845,0.094,0.0,0.0,0.00011662079582031068,0.003937007874015748,0.0031545741324921135
rs140722653,110166248,G,A,COL4A1,0.0163934426229508,Brain_small_vessel_disease_with_hemorrhage,-0.548845,0.094,0.0,0.0,0.00011662079582031068,0.003937007874015748,0.0031545741324921135
rs3742207,110166251,T,G,COL4A1,0.2885245901639344,Porencephalic_cyst,0.813544,9.528,0.24738955823293174,0.3341058323677095,0.3431482791350031,0.2760898282694848,0.2109405745769382
rs3742207,110166251,T,G,COL4A1,0.2885245901639344,Brain_small_vessel_disease_1_with_or_without_ocular_anomalies,0.813544,9.528,0.24738955823293174,0.3341058323677095,0.3431482791350031,0.2760898282694848,0.2109405745769382
rs3742207,110166251,T,G,COL4A1,0.2885245901639344,"Angiopathy,_hereditary,_with_nephropathy,_aneurysms,_and_muscle_cramps",0.813544,9.528,0.24738955823293174,0.3341058323677095,0.3431482791350031,0.2760898282694848,0.2109405745769382
rs3742207,110166251,T,G,COL4A1,0.2885245901639344,Brain_small_vessel_disease_with_hemorrhage,0.813544,9.528,0.24738955823293174,0.3341058323677095,0.3431482791350031,0.2760898282694848,0.2109405745769382
rs188122235,110167148,G,A,COL4A1,0.0163934426229508,Brain_small_vessel_disease_1_with_or_without_ocular_anomalies,-0.674409,0.05,0.0,0.0,3.850596842510589e-05,0.00684931506849315,0.001639344262295082
rs188122235,110167148,G,A,COL4A1,0.0163934426229508,"Angiopathy,_hereditary,_with_nephropathy,_aneurysms,_and_muscle_cramps",-0.674409,0.05,0.0,0.0,3.850596842510589e-05,0.00684931506849315,0.001639344262295082
rs188122235,110167148,G,A,COL4A1,0.0163934426229508,Brain_small_vessel_disease_with_hemorrhage,-0.674409,0.05,0.0,0.0,3.850596842510589e-05,0.00684931506849315,0.001639344262295082
rs370539477,110167238,C,T,COL4A1,0.0090163934426229,Brain_small_vessel_disease_1_with_or_without_ocular_anomalies,0.017152,1.446,0.0,0.0,3.0507337014552e-05,0.002,0.0
rs370539477,110167238,C,T,COL4A1,0.0090163934426229,"Angiopathy,_hereditary,_with_nephropathy,_aneurysms,_and_muscle_cramps",0.017152,1.446,0.0,0.0,3.0507337014552e-05,0.002,0.0
rs370539477,110167238,C,T,COL4A1,0.0090163934426229,Brain_small_vessel_disease_with_hemorrhage,0.017152,1.446,0.0,0.0,3.0507337014552e-05,0.002,0.0
rs589985,110167239,G,A,COL4A1,0.5131147540983606,Porencephalic_cyst,-0.383196,0.208,0.64,0.6507936507936508,0.6569496855345912,0.6735294117647059,0.7716723549488055
rs589985,110167239,G,A,COL4A1,0.5131147540983606,Brain_small_vessel_disease_1_with_or_without_ocular_anomalies,-0.383196,0.208,0.64,0.6507936507936508,0.6569496855345912,0.6735294117647059,0.7716723549488055
rs589985,110167239,G,A,COL4A1,0.5131147540983606,"Angiopathy,_hereditary,_with_nephropathy,_aneurysms,_and_muscle_cramps",-0.383196,0.208,0.64,0.6507936507936508,0.6569496855345912,0.6735294117647059,0.7716723549488055
rs202002553,110175208,C,T,COL4A1,0.0024590163934426,Brain_small_vessel_disease_1_with_or_without_ocular_anomalies,-0.922287,0.012,0.0,0.0,7.7000077000077e-05,0.0,0.0
rs202002553,110175208,C,T,COL4A1,0.0024590163934426,"Angiopathy,_hereditary,_with_nephropathy,_aneurysms,_and_muscle_cramps",-0.922287,0.012,0.0,0.0,7.7000077000077e-05,0.0,0.0
rs202002553,110175208,C,T,COL4A1,0.0024590163934426,Brain_small_vessel_disease_with_hemorrhage,-0.922287,0.012,0.0,0.0,7.7000077000077e-05,0.0,0.0
rs874203,110175227,T,A,COL4A1,0.2598360655737705,Brain_small_vessel_disease_1_with_or_without_ocular_anomalies,-0.357579,0.236,0.3125,0.3673469387755102,0.3607509243347394,0.304,0.4251592356687898
rs874203,110175227,T,A,COL4A1,0.2598360655737705,"Angiopathy,_hereditary,_with_nephropathy,_aneurysms,_and_muscle_cramps",-0.357579,0.236,0.3125,0.3673469387755102,0.3607509243347394,0.304,0.4251592356687898
rs874203,110175227,T,A,COL4A1,0.2598360655737705,Brain_small_vessel_disease_with_hemorrhage,-0.357579,0.236,0.3125,0.3673469387755102,0.3607509243347394,0.304,0.4251592356687898
rs874204,110175233,C,T,COL4A1,0.2598360655737705,Brain_small_vessel_disease_1_with_or_without_ocular_anomalies,-0.109797,0.792,0.30952380952380953,0.35964912280701755,0.36034303534303536,0.29310344827586204,0.4206128133704735
rs874204,110175233,C,T,COL4A1,0.2598360655737705,"Angiopathy,_hereditary,_with_nephropathy,_aneurysms,_and_muscle_cramps",-0.109797,0.792,0.30952380952380953,0.35964912280701755,0.36034303534303536,0.29310344827586204,0.4206128133704735
rs874204,110175233,C,T,COL4A1,0.2598360655737705,Brain_small_vessel_disease_with_hemorrhage,-0.109797,0.792,0.30952380952380953,0.35964912280701755,0.36034303534303536,0.29310344827586204,0.4206128133704735
rs16975492,110181355,C,T,COL4A1,0.2011494252873563,Brain_small_vessel_disease_1_with_or_without_ocular_anomalies,-0.372625,0.219,0.3093220338983051,0.35833333333333334,0.3558695923374409,0.2878338278931751,0.39362745098039215
rs16975492,110181355,C,T,COL4A1,0.2011494252873563,"Angiopathy,_hereditary,_with_nephropathy,_aneurysms,_and_muscle_cramps",-0.372625,0.219,0.3093220338983051,0.35833333333333334,0.3558695923374409,0.2878338278931751,0.39362745098039215
rs16975492,110181355,C,T,COL4A1,0.2011494252873563,Brain_small_vessel_disease_with_hemorrhage,-0.372625,0.219,0.3093220338983051,0.35833333333333334,0.3558695923374409,0.2878338278931751,0.39362745098039215
rs78426988,110181361,C,T,COL4A1,0.0655737704918032,Brain_small_vessel_disease_1_with_or_without_ocular_anomalies,-0.16619,0.603,0.0,0.0,0.0013877949064176138,0.022988505747126436,0.006963788300835654
rs78426988,110181361,C,T,COL4A1,0.0655737704918032,"Angiopathy,_hereditary,_with_nephropathy,_aneurysms,_and_muscle_cramps",-0.16619,0.603,0.0,0.0,0.0013877949064176138,0.022988505747126436,0.006963788300835654
rs78426988,110181361,C,T,COL4A1,0.0655737704918032,Brain_small_vessel_disease_with_hemorrhage,-0.16619,0.603,0.0,0.0,0.0013877949064176138,0.022988505747126436,0.006963788300835654
rs61749897,110186467,A,G,COL4A1,0.081967213114754,Porencephalic_cyst,0.56253,7.144,0.10714285714285714,0.07142857142857142,0.06329087138685513,0.06,0.11146496815286625
rs61749897,110186467,A,G,COL4A1,0.081967213114754,Brain_small_vessel_disease_1_with_or_without_ocular_anomalies,0.56253,7.144,0.10714285714285714,0.07142857142857142,0.06329087138685513,0.06,0.11146496815286625
rs61749897,110186467,A,G,COL4A1,0.081967213114754,"Angiopathy,_hereditary,_with_nephropathy,_aneurysms,_and_muscle_cramps",0.56253,7.144,0.10714285714285714,0.07142857142857142,0.06329087138685513,0.06,0.11146496815286625
rs151186561,110192858,G,A,COL4A1,0.0008196721311475,Brain_small_vessel_disease_1_with_or_without_ocular_anomalies,-0.443475,0.156,0.0,0.0,0.00018717828731867103,0.0,0.0
rs151186561,110192858,G,A,COL4A1,0.0008196721311475,"Angiopathy,_hereditary,_with_nephropathy,_aneurysms,_and_muscle_cramps",-0.443475,0.156,0.0,0.0,0.00018717828731867103,0.0,0.0
rs995224,110198495,A,G,COL4A1,0.2065573770491803,Brain_small_vessel_disease_1_with_or_without_ocular_anomalies,-0.263335,0.373,0.028846153846153848,0.016666666666666666,0.2523040798356325,0.20175438596491227,0.016129032258064516
rs995224,110198495,A,G,COL4A1,0.2065573770491803,"Angiopathy,_hereditary,_with_nephropathy,_aneurysms,_and_muscle_cramps",-0.263335,0.373,0.028846153846153848,0.016666666666666666,0.2523040798356325,0.20175438596491227,0.016129032258064516
rs995224,110198495,A,G,COL4A1,0.2065573770491803,Brain_small_vessel_disease_with_hemorrhage,-0.263335,0.373,0.028846153846153848,0.016666666666666666,0.2523040798356325,0.20175438596491227,0.016129032258064516
rs74508743,110201433,G,C,COL4A1,0.0779967159277504,Brain_small_vessel_disease_1_with_or_without_ocular_anomalies,-0.207267,0.493,0.0,0.0,0.0014751636090548225,0.03,0.012738853503184714
rs74508743,110201433,G,C,COL4A1,0.0779967159277504,"Angiopathy,_hereditary,_with_nephropathy,_aneurysms,_and_muscle_cramps",-0.207267,0.493,0.0,0.0,0.0014751636090548225,0.03,0.012738853503184714
rs74508743,110201433,G,C,COL4A1,0.0779967159277504,Brain_small_vessel_disease_with_hemorrhage,-0.207267,0.493,0.0,0.0,0.0014751636090548225,0.03,0.012738853503184714
rs531373470,110201466,C,T,COL4A1,0.0008210180623973,Brain_small_vessel_disease_1_with_or_without_ocular_anomalies,-0.313988,0.291,0.0,0.0,7.523888345496953e-05,0.0,0.0
rs531373470,110201466,C,T,COL4A1,0.0008210180623973,"Angiopathy,_hereditary,_with_nephropathy,_aneurysms,_and_muscle_cramps",-0.313988,0.291,0.0,0.0,7.523888345496953e-05,0.0,0.0
rs115358624,110201535,G,C,COL4A1,0.0368852459016393,Brain_small_vessel_disease_1_with_or_without_ocular_anomalies,-0.565948,0.086,0.0,0.0,6.294850812035755e-05,0.00684931506849315,0.001639344262295082
rs115358624,110201535,G,C,COL4A1,0.0368852459016393,"Angiopathy,_hereditary,_with_nephropathy,_aneurysms,_and_muscle_cramps",-0.565948,0.086,0.0,0.0,6.294850812035755e-05,0.00684931506849315,0.001639344262295082
rs115358624,110201535,G,C,COL4A1,0.0368852459016393,Brain_small_vessel_disease_with_hemorrhage,-0.565948,0.086,0.0,0.0,6.294850812035755e-05,0.00684931506849315,0.001639344262295082
rs73611465,110203616,G,A,COL4A1,0.071311475409836,Porencephalic_cyst,0.680201,8.272,0.0,0.0,0.00011663711859662219,0.048,0.0015923566878980893
rs73611465,110203616,G,A,COL4A1,0.071311475409836,Brain_small_vessel_disease_1_with_or_without_ocular_anomalies,0.680201,8.272,0.0,0.0,0.00011663711859662219,0.048,0.0015923566878980893
rs73611465,110203616,G,A,COL4A1,0.071311475409836,"Angiopathy,_hereditary,_with_nephropathy,_aneurysms,_and_muscle_cramps",0.680201,8.272,0.0,0.0,0.00011663711859662219,0.048,0.0015923566878980893
rs73611465,110203616,G,A,COL4A1,0.071311475409836,Brain_small_vessel_disease_with_hemorrhage,0.680201,8.272,0.0,0.0,0.00011663711859662219,0.048,0.0015923566878980893
rs34843786,110205399,G,A,COL4A1,0.0139344262295081,Brain_small_vessel_disease_with_hemorrhage,2.258115,21.3,0.0003711952487008166,0.0,0.00010951836257879238,0.0026642984014209592,0.000980392156862745
rs482757,110205476,C,T,COL4A1,0.3885245901639344,Brain_small_vessel_disease_1_with_or_without_ocular_anomalies,-0.504945,0.116,0.7714285714285715,0.6912568306010929,0.6471322228584615,0.5902111324376199,0.5009036144578313
rs482757,110205476,C,T,COL4A1,0.3885245901639344,"Angiopathy,_hereditary,_with_nephropathy,_aneurysms,_and_muscle_cramps",-0.504945,0.116,0.7714285714285715,0.6912568306010929,0.6471322228584615,0.5902111324376199,0.5009036144578313
rs677877,110205548,A,G,COL4A1,0.3880597014925373,Porencephalic_cyst,0.888745,10.31,0.7580645161290323,0.66,0.6418077689243028,0.6130952380952381,0.5507462686567164
rs677877,110205548,A,G,COL4A1,0.3880597014925373,Brain_small_vessel_disease_1_with_or_without_ocular_anomalies,0.888745,10.31,0.7580645161290323,0.66,0.6418077689243028,0.6130952380952381,0.5507462686567164
rs677877,110205548,A,G,COL4A1,0.3880597014925373,"Angiopathy,_hereditary,_with_nephropathy,_aneurysms,_and_muscle_cramps",0.888745,10.31,0.7580645161290323,0.66,0.6418077689243028,0.6130952380952381,0.5507462686567164
rs140978802,110206692,T,C,COL4A1,0.001639344262295,Brain_small_vessel_disease_1_with_or_without_ocular_anomalies,0.942812,10.91,0.0,0.0,0.0,0.0,0.0
rs140978802,110206692,T,C,COL4A1,0.001639344262295,"Angiopathy,_hereditary,_with_nephropathy,_aneurysms,_and_muscle_cramps",0.942812,10.91,0.0,0.0,0.0,0.0,0.0
chr13:110859069G-T;chr13:110206722G-T,110206722,G,T,COL4A1,0.0573770491803278,Brain_small_vessel_disease_1_with_or_without_ocular_anomalies,-0.273664,0.355,,,,,
chr13:110859069G-T;chr13:110206722G-T,110206722,G,T,COL4A1,0.0573770491803278,"Angiopathy,_hereditary,_with_nephropathy,_aneurysms,_and_muscle_cramps",-0.273664,0.355,,,,,
chr13:110859069G-T;chr13:110206722G-T,110206722,G,T,COL4A1,0.0573770491803278,Brain_small_vessel_disease_with_hemorrhage,-0.273664,0.355,,,,,
rs598893,110207396,C,T,COL4A1,0.3836065573770492,Brain_small_vessel_disease_1_with_or_without_ocular_anomalies,-0.914186,0.013,0.7709923664122137,0.6521739130434783,0.647837555367541,0.5733695652173914,0.5003157562361856
rs598893,110207396,C,T,COL4A1,0.3836065573770492,"Angiopathy,_hereditary,_with_nephropathy,_aneurysms,_and_muscle_cramps",-0.914186,0.013,0.7709923664122137,0.6521739130434783,0.647837555367541,0.5733695652173914,0.5003157562361856
rs598893,110207396,C,T,COL4A1,0.3836065573770492,Brain_small_vessel_disease_with_hemorrhage,-0.914186,0.013,0.7709923664122137,0.6521739130434783,0.647837555367541,0.5733695652173914,0.5003157562361856
rs144773264,110209410,G,A,COL4A1,0.0049180327868852,Brain_small_vessel_disease_1_with_or_without_ocular_anomalies,0.492495,6.426,0.0,0.0,0.0002679970314174981,0.0,0.0
rs144773264,110209410,G,A,COL4A1,0.0049180327868852,"Angiopathy,_hereditary,_with_nephropathy,_aneurysms,_and_muscle_cramps",0.492495,6.426,0.0,0.0,0.0002679970314174981,0.0,0.0
rs645114,110209438,C,G,COL4A1,0.8786885245901639,Brain_small_vessel_disease_1_with_or_without_ocular_anomalies,-0.366529,0.226,0.7053571428571429,0.8775510204081632,0.832957442635811,0.8835616438356164,0.8704918032786885
rs645114,110209438,C,G,COL4A1,0.8786885245901639,"Angiopathy,_hereditary,_with_nephropathy,_aneurysms,_and_muscle_cramps",-0.366529,0.226,0.7053571428571429,0.8775510204081632,0.832957442635811,0.8835616438356164,0.8704918032786885
rs645114,110209438,C,G,COL4A1,0.8786885245901639,Brain_small_vessel_disease_with_hemorrhage,-0.366529,0.226,0.7053571428571429,0.8775510204081632,0.832957442635811,0.8835616438356164,0.8704918032786885
rs16975612,110210180,G,A,COL4A1,0.0795081967213114,Porencephalic_cyst,0.352933,4.898,0.0,0.01020408163265306,0.00011336840195900599,0.023622047244094488,0.0015772870662460567
rs16975612,110210180,G,A,COL4A1,0.0795081967213114,Brain_small_vessel_disease_1_with_or_without_ocular_anomalies,0.352933,4.898,0.0,0.01020408163265306,0.00011336840195900599,0.023622047244094488,0.0015772870662460567
rs16975612,110210180,G,A,COL4A1,0.0795081967213114,"Angiopathy,_hereditary,_with_nephropathy,_aneurysms,_and_muscle_cramps",0.352933,4.898,0.0,0.01020408163265306,0.00011336840195900599,0.023622047244094488,0.0015772870662460567
rs16975612,110210180,G,A,COL4A1,0.0795081967213114,Brain_small_vessel_disease_with_hemorrhage,0.352933,4.898,0.0,0.01020408163265306,0.00011336840195900599,0.023622047244094488,0.0015772870662460567
rs3832900,110211627,CAAAAT,C,COL4A1,0.1237704918032786,Porencephalic_cyst,0.389689,5.312,,,,,
rs3832900,110211627,CAAAAT,C,COL4A1,0.1237704918032786,"Angiopathy,_hereditary,_with_nephropathy,_aneurysms,_and_muscle_cramps",0.389689,5.312,,,,,
rs3832900,110211627,CAAAAT,C,COL4A1,0.1237704918032786,Brain_small_vessel_disease_with_hemorrhage,0.389689,5.312,,,,,
rs532625,110211878,A,T,COL4A1,0.3663934426229508,Porencephalic_cyst,0.178939,2.887,0.4375,0.5306122448979592,0.46795338674435544,0.488,0.4012738853503185
rs532625,110211878,A,T,COL4A1,0.3663934426229508,Brain_small_vessel_disease_1_with_or_without_ocular_anomalies,0.178939,2.887,0.4375,0.5306122448979592,0.46795338674435544,0.488,0.4012738853503185
rs532625,110211878,A,T,COL4A1,0.3663934426229508,"Angiopathy,_hereditary,_with_nephropathy,_aneurysms,_and_muscle_cramps",0.178939,2.887,0.4375,0.5306122448979592,0.46795338674435544,0.488,0.4012738853503185
rs9521650,110213918,G,A,COL4A1,0.0827868852459016,Porencephalic_cyst,-0.707082,0.042,0.22909698996655517,0.08356435643564357,0.15927981781952746,0.15078125,0.11552274541101357
rs9521650,110213918,G,A,COL4A1,0.0827868852459016,Brain_small_vessel_disease_1_with_or_without_ocular_anomalies,-0.707082,0.042,0.22909698996655517,0.08356435643564357,0.15927981781952746,0.15078125,0.11552274541101357
rs9521650,110213918,G,A,COL4A1,0.0827868852459016,"Angiopathy,_hereditary,_with_nephropathy,_aneurysms,_and_muscle_cramps",-0.707082,0.042,0.22909698996655517,0.08356435643564357,0.15927981781952746,0.15078125,0.11552274541101357
rs9521650,110213918,G,A,COL4A1,0.0827868852459016,Brain_small_vessel_disease_with_hemorrhage,-0.707082,0.042,0.22909698996655517,0.08356435643564357,0.15927981781952746,0.15078125,0.11552274541101357
rs41275104,110242745,A,G,COL4A1,0.3516393442622951,Porencephalic_cyst,0.371342,5.106,0.008771929824561403,0.23469387755102042,0.1930664225070751,0.2662337662337662,0.08603896103896104
rs41275104,110242745,A,G,COL4A1,0.3516393442622951,Brain_small_vessel_disease_1_with_or_without_ocular_anomalies,0.371342,5.106,0.008771929824561403,0.23469387755102042,0.1930664225070751,0.2662337662337662,0.08603896103896104
rs41275104,110242745,A,G,COL4A1,0.3516393442622951,"Angiopathy,_hereditary,_with_nephropathy,_aneurysms,_and_muscle_cramps",0.371342,5.106,0.008771929824561403,0.23469387755102042,0.1930664225070751,0.2662337662337662,0.08603896103896104
rs9515185,110307009,C,G,COL4A1,0.2161716171617161,Porencephalic_cyst,1.232203,13.89,0.4883720930232558,0.4897959183673469,0.40667880145617474,0.4931506849315068,0.3721311475409836
rs9515185,110307009,C,G,COL4A1,0.2161716171617161,Brain_small_vessel_disease_1_with_or_without_ocular_anomalies,1.232203,13.89,0.4883720930232558,0.4897959183673469,0.40667880145617474,0.4931506849315068,0.3721311475409836
rs9515185,110307009,C,G,COL4A1,0.2161716171617161,"Angiopathy,_hereditary,_with_nephropathy,_aneurysms,_and_muscle_cramps",1.232203,13.89,0.4883720930232558,0.4897959183673469,0.40667880145617474,0.4931506849315068,0.3721311475409836
rs9515185,110307009,C,G,COL4A1,0.2161716171617161,Brain_small_vessel_disease_with_hemorrhage,1.232203,13.89,0.4883720930232558,0.4897959183673469,0.40667880145617474,0.4931506849315068,0.3721311475409836
rs113651836,110307117,C,A,COL4A1,0.1070840197693575,Porencephalic_cyst,1.333655,14.63,0.02631578947368421,0.0,0.19783834586466165,0.0,0.0
rs113651836,110307117,C,A,COL4A1,0.1070840197693575,Brain_small_vessel_disease_1_with_or_without_ocular_anomalies,1.333655,14.63,0.02631578947368421,0.0,0.19783834586466165,0.0,0.0
rs113651836,110307117,C,A,COL4A1,0.1070840197693575,"Angiopathy,_hereditary,_with_nephropathy,_aneurysms,_and_muscle_cramps",1.333655,14.63,0.02631578947368421,0.0,0.19783834586466165,0.0,0.0
rs1143634,112832813,G,A,IL1B,0.1295081967213114,Antisynthetase_syndrome,0.244381,3.638,0.03322784810126582,0.1712761754247333,0.237324134081136,0.19170579029733958,0.13995215311004786
rs1143627,112836810,G,A,IL1B,0.3516393442622951,Gastric_cancer_susceptibility_after_h._pylori_infection,0.883589,10.26,0.505700325732899,0.41534391534391535,0.6649994402597195,0.585016835016835,0.44517743403093724
rs148748734,113895442,A,C,AP4B1,0.001639344262295,"Spastic_paraplegia_47,_autosomal_recessive",1.11666,12.93,0.0,0.0,0.0,0.0,0.0
rs1217401,113896329,A,G,AP4B1,0.7975409836065573,"Spastic_paraplegia_47,_autosomal_recessive",2.355377,21.9,0.05789892558694787,0.3274150439098893,0.3219236713827131,0.41921664626682986,0.1925287356321839
rs1217401,113896329,A,G,AP4B1,0.7975409836065573,History_of_neurodevelopmental_disorder,2.355377,21.9,0.05789892558694787,0.3274150439098893,0.3219236713827131,0.41921664626682986,0.1925287356321839
rs145803736,113897925,C,T,AP4B1,0.0008196721311475,History_of_neurodevelopmental_disorder,3.822708,25.9,0.0,0.0,3.267546725918181e-05,0.0,0.0
rs145182838,113898727,T,C,AP4B1,0.0131147540983606,"Spastic_paraplegia_47,_autosomal_recessive",2.169579,20.6,0.0,0.0,4.1757140471020544e-05,0.005263157894736842,0.0010330578512396695
rs149335605,113900051,A,T,AP4B1,0.0008196721311475,"Spastic_paraplegia_47,_autosomal_recessive",2.376991,22.0,0.0,0.0,0.0,0.0,0.0
rs149335605,113900051,A,T,AP4B1,0.0008196721311475,History_of_neurodevelopmental_disorder,2.376991,22.0,0.0,0.0,0.0,0.0,0.0
rs111785152,113900120,C,A,AP4B1,0.0081967213114754,"Spastic_paraplegia_47,_autosomal_recessive",2.17633,20.7,0.0,0.0,9.695935463853552e-06,0.003952569169960474,0.0
rs111785152,113900120,C,A,AP4B1,0.0081967213114754,History_of_neurodevelopmental_disorder,2.17633,20.7,0.0,0.0,9.695935463853552e-06,0.003952569169960474,0.0
rs3789613,113900413,C,G,AP4B1,0.0622950819672131,"Spastic_paraplegia_47,_autosomal_recessive",-0.008787,1.281,0.7678571428571429,0.21428571428571427,0.348740755546672,0.3424657534246575,0.5147540983606558
rs17464525,113901277,G,A,AP4B1,0.051639344262295,"Spastic_paraplegia_47,_autosomal_recessive",0.695035,8.409,0.17010309278350516,0.10864393338620143,0.18650383810188417,0.14524207011686144,0.10381723539618276
rs17464525,113901277,G,A,AP4B1,0.051639344262295,History_of_neurodevelopmental_disorder,0.695035,8.409,0.17010309278350516,0.10864393338620143,0.18650383810188417,0.14524207011686144,0.10381723539618276
rs34751342,113901822,T,G,AP4B1,0.001639344262295,"Spastic_paraplegia_47,_autosomal_recessive",0.220025,3.354,0.0,0.0196078431372549,0.039706343947267464,0.013461538461538462,0.0028328611898017
rs34751342,113901822,T,G,AP4B1,0.001639344262295,History_of_neurodevelopmental_disorder,0.220025,3.354,0.0,0.0196078431372549,0.039706343947267464,0.013461538461538462,0.0028328611898017
rs143769705,113901851,T,C,AP4B1,0.0008196721311475,"Spastic_paraplegia_47,_autosomal_recessive",1.25623,14.07,0.0,0.0,0.0,0.0,0.0
rs34249695,113902736,T,C,AP4B1,0.0245901639344262,"Spastic_paraplegia_47,_autosomal_recessive",1.557464,16.1,0.0,0.0,0.0,0.005791505791505791,0.002849002849002849
rs34249695,113902736,T,C,AP4B1,0.0245901639344262,History_of_neurodevelopmental_disorder,1.557464,16.1,0.0,0.0,0.0,0.005791505791505791,0.002849002849002849
rs55740775,11786035,G,GT,MTHFR,0.9311475409836064,"Neural_tube_defects,_folate-sensitive",0.030181,1.536,,,,,
rs774051202,11786602,ATTTTTTTT,A,MTHFR,0.1006711409395973,"Neural_tube_defects,_folate-sensitive",-0.183953,0.553,,,,,
rs755017633,11786602,ATTTT,A,MTHFR,0.3624161073825503,"Neural_tube_defects,_folate-sensitive",-0.173234,0.583,,,,,
rs755027235,11786602,A,ATT,MTHFR,0.0033557046979865,"Neural_tube_defects,_folate-sensitive",-0.121506,0.748,,,,,
rs4846049,11790308,T,G,MTHFR,0.4663934426229508,Homocystinuria_due_to_methylene_tetrahydrofolate_reductase_deficiency,0.028039,1.521,0.7896341463414634,0.5,0.665868741272691,0.6176470588235294,0.8065490013934046
rs45572531,11790692,C,T,MTHFR,0.0122950819672131,Homocystinuria_due_to_methylene_tetrahydrofolate_reductase_deficiency,-0.652897,0.056,0.0,0.0,7.133685261806249e-05,0.0,0.0
rs139586522,11790710,G,T,MTHFR,0.0049180327868852,Homocystinuria_due_to_methylene_tetrahydrofolate_reductase_deficiency,-0.053866,1.034,0.0,0.0,0.0,0.00684931506849315,0.0
rs2274976,11790870,C,T,MTHFR,0.0163934426229508,Homocystinuria_due_to_methylene_tetrahydrofolate_reductase_deficiency,0.590848,7.423,0.10367558929284858,0.1129217791411043,0.044419903061537515,0.03293010752688172,0.045454545454545456
rs2274976,11790870,C,T,MTHFR,0.0163934426229508,Homocystinuria_due_to_MTHFR_deficiency,0.590848,7.423,0.10367558929284858,0.1129217791411043,0.044419903061537515,0.03293010752688172,0.045454545454545456
rs554668389,11790881,C,T,MTHFR,0.0024590163934426,Homocystinuria_due_to_methylene_tetrahydrofolate_reductase_deficiency,0.763346,9.037,0.0,0.0,2.7265786890609663e-05,0.0,0.0
rs7518348,11791061,A,G,MTHFR,0.6368852459016393,Homocystinuria_due_to_methylene_tetrahydrofolate_reductase_deficiency,0.500134,6.506,0.9981549815498155,1.0,0.9973620922891928,0.913563829787234,0.9816528398213146
rs1476413,11792243,C,T,MTHFR,0.1418032786885246,Homocystinuria_due_to_methylene_tetrahydrofolate_reductase_deficiency,-0.02041,1.213,0.19987507807620236,0.41210264266564534,0.2680164992826399,0.21869488536155202,0.1592356687898089
rs145641996,11792285,T,G,MTHFR,0.001639344262295,Homocystinuria_due_to_methylene_tetrahydrofolate_reductase_deficiency,2.815496,23.0,0.0,0.0,2.3354663926386098e-05,0.002008032128514056,0.0
rs113615972,11792317,C,T,MTHFR,0.001639344262295,Homocystinuria_due_to_methylene_tetrahydrofolate_reductase_deficiency,0.357782,4.953,0.0,0.0,0.0,0.0,0.0
rs45449298,11792354,C,A,MTHFR,0.0049180327868852,Schizophrenia,2.378272,22.0,0.0,0.0,0.00033053329838038685,0.0,0.0
rs45449298,11792354,C,A,MTHFR,0.0049180327868852,Thrombophilia_due_to_thrombin_defect,2.378272,22.0,0.0,0.0,0.00033053329838038685,0.0,0.0
rs45449298,11792354,C,A,MTHFR,0.0049180327868852,Homocystinuria_due_to_methylene_tetrahydrofolate_reductase_deficiency,2.378272,22.0,0.0,0.0,0.00033053329838038685,0.0,0.0
rs45449298,11792354,C,A,MTHFR,0.0049180327868852,"Neural_tube_defects,_folate-sensitive",2.378272,22.0,0.0,0.0,0.00033053329838038685,0.0,0.0
rs45496998,11792355,G,A,MTHFR,0.010655737704918,Intellectual_disability,4.165935,28.3,0.0,0.0,0.0002531911641060919,0.002559726962457338,0.0
rs45496998,11792355,G,A,MTHFR,0.010655737704918,Homocystinuria_due_to_methylene_tetrahydrofolate_reductase_deficiency,4.165935,28.3,0.0,0.0,0.0002531911641060919,0.002559726962457338,0.0
rs45496998,11792355,G,A,MTHFR,0.010655737704918,Homocystinuria_due_to_MTHFR_deficiency,4.165935,28.3,0.0,0.0,0.0002531911641060919,0.002559726962457338,0.0
rs35653697,11793961,C,T,MTHFR,0.0426229508196721,Homocystinuria_due_to_methylene_tetrahydrofolate_reductase_deficiency,0.09431,2.041,0.0,0.0,0.00012346822236626847,0.01764705882352941,0.0030211480362537764
rs35653697,11793961,C,T,MTHFR,0.0426229508196721,Homocystinuria_due_to_MTHFR_deficiency,0.09431,2.041,0.0,0.0,0.00012346822236626847,0.01764705882352941,0.0030211480362537764
rs545002537,11793982,C,T,MTHFR,0.001639344262295,Homocystinuria_due_to_methylene_tetrahydrofolate_reductase_deficiency,0.756379,8.972,0.0,0.0,0.0,0.002,0.0
rs146554888,11794036,C,T,MTHFR,0.001639344262295,Homocystinuria_due_to_methylene_tetrahydrofolate_reductase_deficiency,0.841493,9.813,0.0,0.0,0.0,0.0,0.0
rs79157191,11794045,G,A,MTHFR,0.001639344262295,Homocystinuria_due_to_methylene_tetrahydrofolate_reductase_deficiency,0.776093,9.157,0.0,0.0,1.70450671575646e-05,0.0,0.0
rs4846051,11794400,G,A,MTHFR,0.6491803278688525,Homocystinuria_due_to_methylene_tetrahydrofolate_reductase_deficiency,0.337574,4.723,0.9984423676012462,0.9998021369212505,0.9977648988027046,0.8906497622820919,0.9821630804077011
rs4846051,11794400,G,A,MTHFR,0.6491803278688525,Homocystinuria_due_to_MTHFR_deficiency,0.337574,4.723,0.9984423676012462,0.9998021369212505,0.9977648988027046,0.8906497622820919,0.9821630804077011
rs1801131,11794419,T,G,MTHFR,0.1459016393442622,"Schizophrenia,_susceptibility_to",2.208532,20.9,0.21449704142011836,0.41043890865954924,0.31410643611218797,0.2190923317683881,0.19203187250996015
rs1801131,11794419,T,G,MTHFR,0.1459016393442622,Gastrointestinal_stromal_tumor,2.208532,20.9,0.21449704142011836,0.41043890865954924,0.31410643611218797,0.2190923317683881,0.19203187250996015
rs1801131,11794419,T,G,MTHFR,0.1459016393442622,Homocystinuria_due_to_methylene_tetrahydrofolate_reductase_deficiency,2.208532,20.9,0.21449704142011836,0.41043890865954924,0.31410643611218797,0.2190923317683881,0.19203187250996015
rs1801131,11794419,T,G,MTHFR,0.1459016393442622,"Neural_tube_defects,_folate-sensitive",2.208532,20.9,0.21449704142011836,0.41043890865954924,0.31410643611218797,0.2190923317683881,0.19203187250996015
rs1801131,11794419,T,G,MTHFR,0.1459016393442622,"MTHFR_deficiency,_thermolabile_type",2.208532,20.9,0.21449704142011836,0.41043890865954924,0.31410643611218797,0.2190923317683881,0.19203187250996015
rs1801131,11794419,T,G,MTHFR,0.1459016393442622,Homocystinuria_due_to_MTHFR_deficiency,2.208532,20.9,0.21449704142011836,0.41043890865954924,0.31410643611218797,0.2190923317683881,0.19203187250996015
rs149533586,11794424,A,G,MTHFR,0.0008196721311475,Homocystinuria_due_to_methylene_tetrahydrofolate_reductase_deficiency,0.303921,4.334,0.0,0.0,0.0,0.0,0.0
rs149533586,11794424,A,G,MTHFR,0.0008196721311475,Homocystinuria_due_to_MTHFR_deficiency,0.303921,4.334,0.0,0.0,0.0,0.0,0.0
rs45571736,11794441,C,T,MTHFR,0.0114754098360655,Homocystinuria_due_to_methylene_tetrahydrofolate_reductase_deficiency,3.924032,26.5,0.0,0.0,0.0,0.0,0.0015151515151515152
rs45571736,11794441,C,T,MTHFR,0.0114754098360655,Homocystinuria_due_to_MTHFR_deficiency,3.924032,26.5,0.0,0.0,0.0,0.0,0.0015151515151515152
rs200688214,11794442,C,G,MTHFR,0.001639344262295,Homocystinuria_due_to_methylene_tetrahydrofolate_reductase_deficiency,4.10945,27.8,0.0,0.0,3.761095230931247e-05,0.0,0.0
rs12121543,11794614,C,A,MTHFR,0.1198686371100164,Homocystinuria_due_to_methylene_tetrahydrofolate_reductase_deficiency,0.397218,5.396,0.20038910505836577,0.29081632653061223,0.24304227420860172,0.15924276169265034,0.13764177693761814
rs1994798,11794698,G,A,MTHFR,0.4229508196721311,Homocystinuria_due_to_methylene_tetrahydrofolate_reductase_deficiency,-0.687343,0.047,0.7868852459016393,0.5306122448979592,0.5943473140683033,0.6130952380952381,0.755223880597015
rs113989925,11794740,A,G,MTHFR,0.0008196721311475,Homocystinuria_due_to_methylene_tetrahydrofolate_reductase_deficiency,0.585737,7.373,0.0,0.0,0.0,0.0,0.0
rs2066462,11794839,G,A,MTHFR,0.0754098360655737,Homocystinuria_due_to_methylene_tetrahydrofolate_reductase_deficiency,0.553217,7.05,0.09821428571428571,0.14285714285714285,0.09844266755976054,0.074,0.06050955414012739
rs2066462,11794839,G,A,MTHFR,0.0754098360655737,Homocystinuria_due_to_MTHFR_deficiency,0.553217,7.05,0.09821428571428571,0.14285714285714285,0.09844266755976054,0.074,0.06050955414012739
rs2066464,11794869,T,C,MTHFR,0.0032786885245901,Homocystinuria_due_to_methylene_tetrahydrofolate_reductase_deficiency,0.380731,5.212,0.0,0.0,3.796579282066858e-05,0.0,0.0
rs543016186,11795125,C,T,MTHFR,0.0008196721311475,Homocystinuria_due_to_methylene_tetrahydrofolate_reductase_deficiency,3.277557,24.1,0.0,0.0,0.00035330695308083665,0.0,0.0
rs371474040,11795244,G,C,MTHFR,0.0008196721311475,Homocystinuria_due_to_methylene_tetrahydrofolate_reductase_deficiency,0.763485,9.038,0.0,0.0,0.0,0.0,0.0
rs142612062,11795341,T,G,MTHFR,0.0065573770491803,Homocystinuria_due_to_methylene_tetrahydrofolate_reductase_deficiency,2.618178,22.7,0.0,0.0,0.0,0.0,0.0
rs200789362,11796224,G,A,MTHFR,0.0008196721311475,Homocystinuria_due_to_methylene_tetrahydrofolate_reductase_deficiency,-0.420284,0.174,0.0,0.0,0.0001237521656628991,0.0,0.0
rs200789362,11796224,G,A,MTHFR,0.0008196721311475,Homocystinuria_due_to_MTHFR_deficiency,-0.420284,0.174,0.0,0.0,0.0001237521656628991,0.0,0.0
rs45486194,11796254,G,A,MTHFR,0.0040983606557377,Homocystinuria_due_to_methylene_tetrahydrofolate_reductase_deficiency,0.112288,2.203,0.0,0.0,0.00016962952910842718,0.002,0.0
rs34279942,11796278,G,A,MTHFR,0.0057377049180327,Homocystinuria_due_to_methylene_tetrahydrofolate_reductase_deficiency,0.860986,10.02,0.0,0.0,0.0004410143329658214,0.001968503937007874,0.0
rs34279942,11796278,G,A,MTHFR,0.0057377049180327,Homocystinuria_due_to_MTHFR_deficiency,0.860986,10.02,0.0,0.0,0.0004410143329658214,0.001968503937007874,0.0
rs150847674,11796319,C,T,MTHFR,0.001639344262295,Homocystinuria_due_to_methylene_tetrahydrofolate_reductase_deficiency,2.712708,22.9,0.0,0.0,6.36407606343711e-06,0.0,0.0
rs1801133,11796321,G,A,MTHFR,0.0721311475409836,Neoplasm_of_stomach,4.039767,27.3,0.3863065326633166,0.16743207041714506,0.3484283238663714,0.2903225806451613,0.4527493782812932
rs1801133,11796321,G,A,MTHFR,0.0721311475409836,Gastrointestinal_stromal_tumor,4.039767,27.3,0.3863065326633166,0.16743207041714506,0.3484283238663714,0.2903225806451613,0.4527493782812932
rs1801133,11796321,G,A,MTHFR,0.0721311475409836,Thrombophilia_due_to_thrombin_defect,4.039767,27.3,0.3863065326633166,0.16743207041714506,0.3484283238663714,0.2903225806451613,0.4527493782812932
rs1801133,11796321,G,A,MTHFR,0.0721311475409836,Homocystinuria_due_to_methylene_tetrahydrofolate_reductase_deficiency,4.039767,27.3,0.3863065326633166,0.16743207041714506,0.3484283238663714,0.2903225806451613,0.4527493782812932
rs1801133,11796321,G,A,MTHFR,0.0721311475409836,"Neural_tube_defects,_folate-sensitive",4.039767,27.3,0.3863065326633166,0.16743207041714506,0.3484283238663714,0.2903225806451613,0.4527493782812932
rs1801133,11796321,G,A,MTHFR,0.0721311475409836,"MTHFR_deficiency,_thermolabile_type",4.039767,27.3,0.3863065326633166,0.16743207041714506,0.3484283238663714,0.2903225806451613,0.4527493782812932
rs1801133,11796321,G,A,MTHFR,0.0721311475409836,Homocystinuria_due_to_MTHFR_deficiency,4.039767,27.3,0.3863065326633166,0.16743207041714506,0.3484283238663714,0.2903225806451613,0.4527493782812932
rs1801133,11796321,G,A,MTHFR,0.0721311475409836,carboplatin_response_-_Efficacy,4.039767,27.3,0.3863065326633166,0.16743207041714506,0.3484283238663714,0.2903225806451613,0.4527493782812932
rs1801133,11796321,G,A,MTHFR,0.0721311475409836,cyclophosphamide_response_-_Toxicity/ADR,4.039767,27.3,0.3863065326633166,0.16743207041714506,0.3484283238663714,0.2903225806451613,0.4527493782812932
rs1801133,11796321,G,A,MTHFR,0.0721311475409836,"methotrexate_response_-_Dosage,_Efficacy,_Toxicity/ADR",4.039767,27.3,0.3863065326633166,0.16743207041714506,0.3484283238663714,0.2903225806451613,0.4527493782812932
rs17421511,11797731,G,A,MTHFR,0.0286885245901639,Homocystinuria_due_to_methylene_tetrahydrofolate_reductase_deficiency,0.314448,4.456,0.1076923076923077,0.20192307692307693,0.16798505822896068,0.10714285714285714,0.09701492537313433
rs144921426,11801288,G,A,MTHFR,0.0081967213114754,Homocystinuria_due_to_methylene_tetrahydrofolate_reductase_deficiency,0.242378,3.615,0.0,0.0,6.99724774921864e-05,0.002,0.0
rs144921426,11801288,G,A,MTHFR,0.0081967213114754,Homocystinuria_due_to_MTHFR_deficiency,0.242378,3.615,0.0,0.0,6.99724774921864e-05,0.002,0.0
rs45546035,11801360,G,A,MTHFR,0.0073770491803278,Homocystinuria_due_to_methylene_tetrahydrofolate_reductase_deficiency,0.772241,9.121,0.0,0.0,1.694628029147602e-05,0.0,0.0015772870662460567
rs1413355,11802878,T,C,MTHFR,0.0073770491803278,Homocystinuria_due_to_methylene_tetrahydrofolate_reductase_deficiency,2.089058,19.93,0.007537688442211055,0.0,0.0,0.0,0.0
rs2066470,11803000,G,A,MTHFR,0.0622950819672131,Homocystinuria_due_to_methylene_tetrahydrofolate_reductase_deficiency,0.112742,2.207,0.11877394636015326,0.125,0.09439179948928342,0.054249547920433995,0.06867088607594937
rs2066470,11803000,G,A,MTHFR,0.0622950819672131,Homocystinuria_due_to_MTHFR_deficiency,0.112742,2.207,0.11877394636015326,0.125,0.09439179948928342,0.054249547920433995,0.06867088607594937
rs13306560,11806126,C,T,MTHFR,0.0016420361247947,Homocystinuria_due_to_methylene_tetrahydrofolate_reductase_deficiency,2.126613,20.3,0.001893939393939394,0.03977272727272727,0.05390942926242922,0.04657534246575343,0.024429443908711025
rs2070744,150992991,C,T,NOS3,0.8540983606557377,"Metabolic_syndrome,_susceptibility_to",-0.182809,0.556,0.90625,0.7551020408163265,0.6265827024854291,0.6506849315068494,0.7426229508196721
rs1799983,150999023,T,G,NOS3,0.9352459016393444,"Ischemic_heart_disease,_susceptibility_to",0.865839,10.07,0.8571428571428571,0.3333333333333333,0.6791666666666667,0.7638888888888888,0.24
rs1799983,150999023,T,G,NOS3,0.9352459016393444,"Ischemic_stroke,_susceptibility_to",0.865839,10.07,0.8571428571428571,0.3333333333333333,0.6791666666666667,0.7638888888888888,0.24
rs1799983,150999023,T,G,NOS3,0.9352459016393444,"Alzheimer_disease,_late-onset,_susceptibility_to",0.865839,10.07,0.8571428571428571,0.3333333333333333,0.6791666666666667,0.7638888888888888,0.24
rs1799983,150999023,T,G,NOS3,0.9352459016393444,"Hypertension,_pregnancy-induced,_susceptibility_to",0.865839,10.07,0.8571428571428571,0.3333333333333333,0.6791666666666667,0.7638888888888888,0.24
rs1799983,150999023,T,G,NOS3,0.9352459016393444,Hypertension_resistant_to_conventional_therapy,0.865839,10.07,0.8571428571428571,0.3333333333333333,0.6791666666666667,0.7638888888888888,0.24
rs1799983,150999023,T,G,NOS3,0.9352459016393444,"Coronary_artery_spasm_1,_susceptibility_to",0.865839,10.07,0.8571428571428571,0.3333333333333333,0.6791666666666667,0.7638888888888888,0.24
rs568879359,206768666,T,G,IL10,0.0016420361247947,Inflammatory_bowel_disease,3.360608,24.3,0.0,0.0,0.0,0.0,0.0
rs3024493,206770623,C,A,IL10,0.0114754098360655,Inflammatory_bowel_disease,1.00535,11.69,0.027479892761394103,0.1076923076923077,0.15032568638916463,0.0796812749003984,0.04743223965763196
rs1554286,206770888,A,G,IL10,0.5573770491803278,Inflammatory_bowel_disease,0.637571,7.873,0.2789473684210526,0.6563885530028214,0.817239263803681,0.7675,0.6654867256637168
rs5743626,206770940,G,A,IL10,0.0008196721311475,Inflammatory_bowel_disease,0.025197,1.501,0.0,0.0,0.0,0.0,0.0
rs139352858,206771057,A,G,IL10,0.001639344262295,Inflammatory_bowel_disease,1.781284,17.6,0.0,0.0,0.0,0.0,0.0
rs1518111,206771300,T,C,IL10,0.5557377049180328,Inflammatory_bowel_disease,0.918671,10.64,0.29504906333630687,0.6035714285714285,0.7848426544078718,0.7349137931034483,0.6613861386138614
rs141219090,206772378,G,A,IL10,0.0024590163934426,Inflammatory_bowel_disease,0.540291,6.92,0.0,0.0,6.044852807834129e-06,0.0012626262626262627,0.0
rs139073251,206772380,C,T,IL10,0.0008196721311475,Inflammatory_bowel_disease,1.326013,14.57,0.0,0.0,6.227425582264292e-05,0.0,0.0
rs1800872,206773062,T,G,IL10,0.5540983606557377,"Human_immunodeficiency_virus_type_1,_susceptibility_to",0.409019,5.526,0.23958333333333334,0.6224489795918368,0.7624326694225229,0.7202380952380952,0.6388059701492538
rs1800872,206773062,T,G,IL10,0.5540983606557377,Inflammatory_bowel_disease,0.409019,5.526,0.23958333333333334,0.6224489795918368,0.7624326694225229,0.7202380952380952,0.6388059701492538
rs1800872,206773062,T,G,IL10,0.5540983606557377,"Graft-versus-host_disease,_resistance_to",0.409019,5.526,0.23958333333333334,0.6224489795918368,0.7624326694225229,0.7202380952380952,0.6388059701492538
rs1800871,206773289,A,G,IL10,0.5540983606557377,Inflammatory_bowel_disease,-0.009394,1.278,0.2937703583061889,0.5846994535519126,0.7619309069938301,0.7013618677042801,0.6250758955676988
rs1800797,22726602,A,G,IL6,0.9991803278688524,INTERLEUKIN_6_POLYMORPHISM,0.590679,7.422,0.996,0.8387096774193549,0.6086150490730643,0.723404255319149,0.8516587677725118
rs1800795,22727026,C,G,IL6,0.9991803278688524,"Diabetes_mellitus_type_2,_susceptibility_to",1.936521,18.77,1.0,0.8571428571428571,0.5599888002239956,0.8287671232876712,0.819672131147541
rs1800795,22727026,C,G,IL6,0.9991803278688524,"Diabetes_mellitus,_type_1,_susceptibility_to",1.936521,18.77,1.0,0.8571428571428571,0.5599888002239956,0.8287671232876712,0.819672131147541
rs1800795,22727026,C,G,IL6,0.9991803278688524,"Intracranial_hemorrhage_in_brain_cerebrovascular_malformations,_susceptibility_to",1.936521,18.77,1.0,0.8571428571428571,0.5599888002239956,0.8287671232876712,0.819672131147541
rs1800795,22727026,C,G,IL6,0.9991803278688524,"Rheumatoid_arthritis,_systemic_juvenile,_susceptibility_to",1.936521,18.77,1.0,0.8571428571428571,0.5599888002239956,0.8287671232876712,0.819672131147541
rs1800795,22727026,C,G,IL6,0.9991803278688524,Kaposi_sarcoma,1.936521,18.77,1.0,0.8571428571428571,0.5599888002239956,0.8287671232876712,0.819672131147541
rs1800795,22727026,C,G,IL6,0.9991803278688524,"Crohn_disease-associated_growth_failure,_susceptibility_to",1.936521,18.77,1.0,0.8571428571428571,0.5599888002239956,0.8287671232876712,0.819672131147541
rs2067853,230702512,G,A,AGT,0.0573770491803278,Renal_dysplasia,0.366968,5.057,0.10038610038610038,0.2054794520547945,0.31822009197486884,0.23008849557522124,0.15183501136732705
rs7079,230702585,G,T,AGT,0.0573770491803278,Renal_dysplasia,0.144434,2.518,0.11148648648648649,0.29475982532751094,0.3313646700373126,0.259478672985782,0.16327420761849376
rs5044,230702718,A,C,AGT,0.0237704918032786,Renal_dysplasia,0.046124,1.651,0.0,0.0,0.00013735005951835913,0.0029498525073746312,0.0009074410163339383
rs5043,230702974,A,G,AGT,0.0073770491803278,Renal_dysplasia,-0.094002,0.853,0.0,0.0,0.0,0.006493506493506494,0.0
rs61751079,230702982,C,T,AGT,0.001639344262295,Renal_dysplasia,-0.017594,1.229,0.0,0.0,0.00010181225819588678,0.0,0.0
rs4753,230702983,G,C,AGT,0.0221311475409836,Renal_dysplasia,-0.406956,0.186,0.0,0.0,0.0,0.0,0.0
rs5042,230703101,G,A,AGT,0.0073770491803278,Renal_dysplasia,0.732078,8.748,0.0,0.0,0.0001258970162407151,0.006493506493506494,0.0
rs143479528,230703157,G,A,AGT,0.0040983606557377,Renal_dysplasia,3.438488,24.5,0.0,0.0,6.221846146188497e-06,0.0,0.0
rs61751077,230703274,G,A,AGT,0.0057377049180327,Renal_dysplasia,3.033318,23.5,0.0,0.0,1.2727666127862134e-05,0.0,0.0010526315789473684
rs61731499,230704308,A,G,AGT,0.0065573770491803,Renal_dysplasia,0.986412,11.45,0.0,0.0,2.6267954146659243e-05,0.0049261083743842365,0.0
rs1926723,230704350,T,C,AGT,0.0401639344262295,Renal_dysplasia,-1.175317,0.003,0.25,0.02727272727272727,0.05526684813989936,0.039473684210526314,0.14543446244477173
rs7080,230705941,T,C,AGT,1.0,Renal_dysplasia,0.104613,2.133,1.0,0.9814814814814815,0.9173100186957,0.9469387755102041,0.9592069279854147
rs11568041,230706034,G,A,AGT,0.0147540983606557,Renal_dysplasia,0.593741,7.452,0.0,0.0,2.311230267871588e-05,0.0038314176245210726,0.0
rs139685563,230706171,C,T,AGT,0.001639344262295,Renal_dysplasia,2.733758,22.9,0.0,0.0,0.0005091649694501018,0.001256281407035176,0.0
rs543740975,230710008,G,A,AGT,0.0008196721311475,Renal_dysplasia,-0.662124,0.053,0.0,0.0,0.00010906909527185472,0.0,0.0
rs699,230710048,A,G,AGT,0.931967213114754,"Hypertension,_essential,_susceptibility_to",-0.277922,0.347,0.8218436873747496,0.6154729988510149,0.4213554077054,0.5827725437415882,0.6804365846919038
rs699,230710048,A,G,AGT,0.931967213114754,"Preeclampsia,_susceptibility_to",-0.277922,0.347,0.8218436873747496,0.6154729988510149,0.4213554077054,0.5827725437415882,0.6804365846919038
rs699,230710048,A,G,AGT,0.931967213114754,Renal_dysplasia,-0.277922,0.347,0.8218436873747496,0.6154729988510149,0.4213554077054,0.5827725437415882,0.6804365846919038
rs699,230710048,A,G,AGT,0.931967213114754,Susceptibility_to_progression_to_renal_failure_in_IgA_nephropathy,-0.277922,0.347,0.8218436873747496,0.6154729988510149,0.4213554077054,0.5827725437415882,0.6804365846919038
rs4762,230710231,G,A,AGT,0.0491803278688524,Renal_dysplasia,3.567892,24.9,0.09133252328878089,0.12759415833973867,0.12494265890650534,0.08538251366120218,0.12810493999441808
rs5051,230714126,C,T,AGT,0.9491803278688524,Renal_dysplasia,0.14126,2.486,0.8430493273542601,0.5089285714285714,0.4164575203614048,0.5661290322580645,0.6910385550538382
rs5050,230714140,T,G,AGT,0.1655737704918032,Renal_dysplasia,0.647358,7.965,0.0625,0.044642857142857144,0.13373798272771711,0.11611374407582939,0.0319634703196347
rs11568020,230714272,C,T,AGT,0.0196721311475409,Renal_dysplasia,-0.398347,0.194,0.06569343065693431,0.03636724960254372,0.04273808136146404,0.04310344827586207,0.06457781700500147
rs5049,230714337,C,T,AGT,0.2819672131147541,Renal_dysplasia,-0.172536,0.585,0.1885245901639344,0.19230769230769232,0.12378167641325535,0.15584415584415584,0.09740259740259741
rs61757165,230714402,G,A,AGT,0.0049180327868852,Renal_dysplasia,-0.602465,0.072,0.0,0.0,0.0003053745928338762,0.0,0.001639344262295082
rs1071676,112829856,C,G,IL1B,0.1418032786885246,,-0.204588,0.499,0.03488372093023256,0.1326530612244898,0.23689894282141638,0.1780821917808219,0.14262295081967213
rs1217401,113896329,A,G,AP4B1,0.7975409836065573,"Spastic_paraplegia_47,_autosomal_recessive|History_of_neurodevelopmental_disorder|not_specified",2.355377,21.9,0.05789892558694787,0.3274150439098893,0.3219236713827131,0.41921664626682986,0.1925287356321839
rs1801133,11796321,G,A,MTHFR,0.0721311475409836,"Neoplasm_of_stomach|Gastrointestinal_stromal_tumor|Thrombophilia_due_to_thrombin_defect|Homocystinuria_due_to_methylene_tetrahydrofolate_reductase_deficiency|Neural_tube_defects,_folate-sensitive|MTHFR_deficiency,_thermolabile_type|Homocystinuria_due_to_MTHFR_deficiency|not_specified|none_provided|carboplatin_response_-_Efficacy|cyclophosphamide_response_-_Toxicity/ADR|methotrexate_response_-_Dosage,_Efficacy,_Toxicity/ADR|not_provided",4.039767,27.3,0.3863065326633166,0.16743207041714506,0.3484283238663714,0.2903225806451613,0.4527493782812932
rs1808593,151011214,G,T,NOS3,0.7040983606557377,,0.701752,8.471,0.8133802816901409,0.8210526315789474,0.7458576429404901,0.7317073170731707,0.8469023678235484
rs1800896,206773552,T,C,IL10,0.3243021346469622,,0.396866,5.392,0.0604257983719474,0.2903905053598775,0.47317210849995545,0.3566371681415929,0.28363384188626906
rs1800795,22727026,C,G,IL6,0.9991803278688524,"Diabetes_mellitus_type_2,_susceptibility_to|Diabetes_mellitus,_type_1,_susceptibility_to|Intracranial_hemorrhage_in_brain_cerebrovascular_malformations,_susceptibility_to|Rheumatoid_arthritis,_systemic_juvenile,_susceptibility_to|Kaposi_sarcoma|Crohn_disease-associated_growth_failure,_susceptibility_to",1.936521,18.77,1.0,0.8571428571428571,0.5599888002239956,0.8287671232876712,0.819672131147541
rs2043211,48234449,A,T,CARD8,0.1795081967213114,not_provided,-0.251061,0.396,0.45534351145038165,0.3467153284671533,0.3234116036212781,0.2936708860759494,0.28752642706131076
