,ID,REF,ALT,PVALUE_IH_Recent African_ALFA_African Others,PVALUE_IH_Recent African_ALFA_East Asian,PVALUE_IH_Recent African_ALFA_European,PVALUE_IH_Recent African_ALFA_South Asian
0,rs1000989,T,C,1.0,1.0,4.800459385148745e-15,2.1597063405802534e-05
1,rs1000990,T,C,1.0,1.0,1.6797125066913632e-16,1.0
2,rs1005573,C,T,1.0,4.429829770788287e-30,9.820575152297196e-64,0.17509426018469534
3,rs1007311,A,G,1.0,1.0,6.873836247705039e-14,1.0
4,rs1008140,T,C,1.0,1.0,3.4338497533443656e-221,3.8974422536595097e-07
5,rs1010089,G,A,1.0,1.0,8.962333961407694e-66,1.021754413758747e-38
6,rs10159289,A,G,1.0,0.0013993573341725084,4.086578877787738e-77,1.0
7,rs1018041,C,T,1.0,1.176638579867211e-182,3.808104347092672e-157,4.0792649742317954e-08
8,rs1018042,G,A,1.0,1.7709979888908927e-07,1.0,1.0
9,rs10401484,C,A,1.0,1.0,5.746585895539978e-230,0.4554734752090682
10,rs10401861,C,T,1.0,1.0,3.2515524754797786e-82,1.0
11,rs10401862,C,T,1.0,1.0,1.0,1.0
12,rs10403848,G,A,1.0,1.0,0.03815167759880287,2.08929474207755e-28
13,rs10405717,C,T,1.0,3.4173898723141427e-35,1.0,9.491991085335271e-25
14,rs10406631,C,A,1.0,0.0006358506892638503,1.2941339576400246e-121,2.1463904948851184e-06
15,rs10406657,A,G,1.0,1.0,1.3564339132198935e-38,2.0934999086464465e-05
16,rs10409426,C,T,1.0,1.0,1.0649524112920291e-68,0.004797520920129871
17,rs10409908,C,T,1.0,0.00025633051113613714,1.1619452729624185e-10,1.0
18,rs10410274,G,T,1.0,0.00028297258625772036,3.897276529327631e-12,1.0
19,rs10410473,A,G,1.0,0.008504960343837471,1.2742091256132526e-257,1.0
20,rs10410871,G,A,1.0,8.931127391393366e-07,1.1223188987919222e-28,0.015039224116185152
21,rs10410962,T,A,1.0,1.0,2.0566795962277708e-08,1.0
22,rs10413553,C,A,1.0,0.006021335694085805,0.0002731504565272016,3.207095262096482e-06
23,rs10416565,A,G,1.0,0.0007091830336479487,1.6411628542843325e-276,1.0008979652104979e-51
24,rs10416739,G,A,1.0,1.0,9.691108170746492e-73,1.0
25,rs10418189,C,T,1.0,1.1823600747343666e-25,2.982646040659563e-82,1.3004485668167228e-06
26,rs10418239,G,C,1.0,0.027318876569903856,3.3330680348831498e-37,1.0
27,rs10419565,G,A,1.0,0.062464732437203574,0.022907014644902315,1.0
28,rs10420204,G,C,1.0,1.0,4.0035961893796173e-54,1.0
29,rs10420505,G,A,1.0,0.0017104681723093757,6.525389110568369e-05,1.2293697171639181e-05
30,rs10421339,C,G,1.0,1.0,1.1914747578361826e-163,3.0476857819361808e-12
31,rs10421737,C,G,1.0,0.8160095930543577,1.0950411175113672e-248,0.30012796277112497
32,rs10423192,C,T,1.0,1.0,1.4605535263252726e-73,0.00010561376557383056
33,rs10424564,A,T,1.0,1.0,3.207198020255503e-08,1.0
34,rs10488736,C,T,1.0,2.4177312907698585e-18,1.7200993203453874e-80,2.2150935473046103e-42
35,rs10492497,T,C,1.0,1.0,1.0,1.0
36,rs10492498,T,C,1.0,4.372532866094841e-11,1.7995126151865088e-13,3.29200395817031e-20
37,rs10495299,G,A,1.0,2.3803458304358643e-48,3.726999798316647e-19,5.082286201918508e-22
38,rs1049982,T,C,1.0,0.00040703102711094123,4.3757862298043095e-12,1.0
39,rs10500299,C,T,1.0,1.0,7.123858002298444e-09,2.1201957315979234e-06
40,rs1051038,A,G,1.0,3.5924623610516594e-42,1.0,1.0
41,rs1059004,C,A,1.0,0.022144767040597698,0.0,6.762023010615878e-34
42,rs1062806,G,T,1.0,9.354434004850115e-35,3.472237703698032e-32,1.620729485259778e-05
43,rs1062808,T,C,1.0,9.484413151284617e-53,3.7765992110962517e-34,3.1650226517109544e-32
44,rs1064791,T,A,1.0,1.0,4.888364222921635e-161,2.0582294383807098e-07
45,rs1071676,C,G,1.0,1.0,3.396848587515681e-15,1.0
46,rs10745340,T,C,1.0,0.0,7.166205403414305e-167,2.950937072441566e-62
47,rs10746518,A,T,1.0,0.010011030122405241,1.650510544449125e-66,1.0
48,rs1078499,A,G,1.0,1.0,3.827002213352188e-91,1.0
49,rs10836235,C,T,1.0,2.1288149372898934e-12,1.0,1.0
50,rs10836244,G,T,1.0,1.6919875476525055e-41,7.399746966950214e-13,1.0
51,rs10851240,T,G,4.4632173631428455e-28,1.0160144505536725e-38,1.355928460468072e-187,4.897054870379544e-41
52,rs10858022,A,G,1.0,1.3747605537487433e-206,1.1936056976611675e-173,9.795365432143728e-06
53,rs10864769,A,G,1.0,1.143017584122662e-11,1.0,1.0
54,rs10864770,G,A,1.0,7.645980926583572e-57,1.4409643017974367e-06,1.0
55,rs10864771,T,G,1.0,9.638839473077373e-20,1.1165601714058188e-05,1.0
56,rs10864772,C,T,1.0,1.7081874309388718e-14,0.0,1.0141517498063856e-09
57,rs10864773,C,T,1.0,3.7748878367030965e-17,3.3556221607220643e-09,1.0
58,rs10864775,C,T,1.0,0.00035949921690597755,7.3606221972388e-153,1.0
59,rs10864776,C,T,1.0,1.0,1.4733181773712544e-16,1.0
60,rs10864777,G,T,1.0,1.0,4.008743167380198e-25,1.0
61,rs11032699,T,G,1.0,2.129512305085885e-15,0.06908013127584565,1.0
62,rs11032700,C,A,1.0,2.668622943347241e-67,9.083636007507002e-17,1.0
63,rs11032701,T,C,1.0,1.0,1.0,1.0
64,rs11069829,G,A,1.0,1.5116541755690338e-31,1.0,1.0
65,rs11069830,A,C,1.0,4.395760521359654e-11,5.544548103212028e-09,1.0
66,rs11069831,C,T,1.0,2.384222342843889e-10,2.4897124249855603e-08,4.390489193551631e-07
67,rs11069835,T,C,1.0,1.8335794602001315e-07,2.5172937926996567e-300,2.5246167223897596e-34
68,rs11083921,C,G,1.0,1.0,8.103534909255422e-64,0.37290026691864236
69,rs11083922,T,C,1.0,1.0,0.000928085741168087,1.0
70,rs11083923,A,G,1.0,1.0,2.7689393971514143e-178,2.1641000970568647e-11
71,rs11083924,T,C,1.0,2.1742165594053924e-06,5.630288552827334e-33,0.02610893229203183
72,rs11083925,A,C,1.0,3.345624877499543e-24,2.361764039473264e-28,1.0
73,rs11102695,C,T,1.0,3.667247372764301e-09,2.868414719923745e-11,1.0
74,rs1111051,T,C,1.0,1.0,1.433295419264157e-33,1.0
75,rs11121832,T,C,1.0,0.04371546194607023,1.0786500699978588e-08,1.0
76,rs11122573,C,T,1.0,4.521641429262687e-16,1.0,1.0
77,rs11122574,C,T,1.0,4.4400576093274584e-34,1.0,1.0200097891693792e-05
78,rs11122575,A,G,1.0,4.878767418907586e-19,3.0420589903437346e-06,1.0
79,rs11122576,T,C,1.0,4.705183260201421e-150,0.00014362487222703194,1.0
80,rs11122577,C,A,1.0,1.0,5.3407493968164255e-11,1.0
81,rs11122578,G,A,1.0,2.944754552472416e-26,0.00016800842587346782,1.0
82,rs11122580,T,C,1.0,1.0,2.968769609792911e-15,1.0
83,rs11122581,G,A,0.23776340669032278,1.0,1.5942230167280407e-297,2.71046904247591e-08
84,rs11122582,C,T,1.9697235791389783e-06,1.0,5.98834343414e-312,2.6582479515583323e-08
85,rs11122583,G,T,0.23539244162006362,1.0,1.3589747816521865e-298,2.6582479515583323e-08
86,rs11122585,T,C,1.0,1.0,3.656129203577366e-54,1.0
87,rs11122586,G,A,1.0,0.08137195354944202,1.5690958489272815e-127,1.0
88,rs11122587,C,G,1.0,0.7329423038451736,1.5124219469042785e-109,1.0
89,rs11122588,C,G,1.0,3.456824865504173e-06,1.0,1.0
90,rs111404271,C,T,1.0,1.0,1.9318597926078204e-27,0.040904565060917115
91,rs111430925,T,C,1.0,1.0,2.319350297064489e-64,1.0
92,rs111476490,G,A,1.0,1.0,1.0,1.0
93,rs111624511,G,T,1.0,0.00017216816016559568,2.2776134623858144e-183,8.163626568073805e-17
94,rs112260270,G,A,1.753378323479973e-40,1.841562697675637e-24,9.118747211991627e-135,1.2666549640259595e-07
95,rs112528625,C,G,1.0,4.586477075815592e-14,1.9609368574227658e-18,0.011213746241989411
96,rs1125297,A,G,1.0,1.0,9.22907243727772e-159,1.0
97,rs112585763,T,C,1.0,1.0,0.7577789936241518,1.0
98,rs112790627,G,A,1.5399278947702546e-25,2.9445612227480786e-06,1.3123368544478549e-98,4.918674263691179e-13
99,rs113210977,C,T,1.0,1.0,5.947549931350434e-178,1.0
100,rs113305434,G,C,1.0,1.0,6.363447521756351e-115,1.0
101,rs1133219,G,A,1.0,2.0624005584336013e-06,1.0,1.0
102,rs113420011,G,A,1.0,1.0,3.826504148366574e-91,1.0
103,rs113469456,T,G,1.0,1.0,1.913576782096611e-114,1.0
104,rs113496274,T,A,1.0,1.0,1.7828884832485563e-67,1.0
105,rs113849099,C,T,1.0,0.14549713646142007,4.0103918927627687e-233,1.0
106,rs113878290,G,A,1.0,0.885083768950964,3.45568831130707e-229,1.0
107,rs114198011,T,G,1.0,1.0,1.8357663672615092e-59,1.0
108,rs1143627,G,A,1.0,2.4597233568202972e-23,3.72478766057599e-142,1.0
109,rs1143629,G,A,1.0,1.0,1.2205121287948584e-16,1.0
110,rs1143630,T,G,1.0,1.0,1.289853035295656e-133,1.0
111,rs1143633,C,T,1.0,1.4821389688934715e-176,2.657837083022966e-66,0.014224008908268153
112,rs1143634,G,A,1.0,2.2771701091274713e-10,7.649682038154071e-23,0.8378278132421924
113,rs1143637,C,T,1.0,1.0,1.393362459573795e-13,1.0
114,rs1143639,C,T,1.0,1.0,1.2189637782625e-18,1.0
115,rs1143642,A,G,1.0,3.0483346588594414e-06,1.3362867838214854e-67,1.0
116,rs1143643,C,T,1.0,2.4827116514168376e-18,6.521776616463068e-84,1.0
117,rs1143914,A,G,1.0,7.246991629262369e-09,8.032964266360382e-20,4.890827959885535e-50
118,rs114424782,A,G,1.0,1.0,1.0,1.0
119,rs114517289,A,C,1.0,0.00044198622251580776,9.19829853828393e-11,0.1076756918593314
120,rs11568018,G,C,1.0,1.0,2.9202309020669567e-15,1.0
121,rs11568020,C,T,1.0,0.0013565299298336027,0.00029463659088936687,0.7129861917880139
122,rs11568056,C,T,1.0,3.286773984081932e-19,5.505720529362552e-07,1.0
123,rs11604331,A,G,1.0,1.0,6.891880197123004e-177,1.0226298839583976e-15
124,rs11665831,T,C,1.0,6.3541388932879155e-105,2.481319273152371e-34,6.233798185309751e-09
125,rs11665981,C,T,1.0,2.1742165594053924e-06,5.711895699723602e-33,0.02610893229203183
126,rs11666976,T,C,1.0,0.0012136127137578603,4.7569451153562345e-32,1.0
127,rs11669386,G,A,1.0,1.0,1.0546706058950522e-176,9.845018074577462e-17
128,rs11669584,C,T,1.0,1.5979444382991997e-09,2.076667456204157e-33,0.1523184732164354
129,rs11670259,C,T,1.0,1.0,9.776370812511436e-36,2.956411838339467e-28
130,rs11670750,C,T,1.0,0.1180590186679278,1.5807273055369067e-15,1.0
131,rs11672725,C,T,1.0,0.13486417773902323,2.1117224261093732e-16,1.0699847054890707e-05
132,rs118114021,A,T,3.2666515724523246e-11,4.398986333207292e-15,0.0,1.2282196532889392e-51
133,rs118197292,A,G,1.0,1.0,1.0,1.0
134,rs11838757,G,A,0.2433589792469215,1.3159501178999707e-12,0.3596952769172593,0.06285958318291318
135,rs11839478,C,T,1.0,1.0,1.0,1.0
136,rs11842085,C,T,1.0,2.313021390645254e-10,7.502931381968798e-53,1.0
137,rs11842434,T,C,1.0,1.8012174594149927e-18,1.0,1.0
138,rs11843610,T,C,1.0,2.3372321997643897e-10,4.070673455801208e-53,1.0
139,rs1192195,G,A,1.0,1.0,1.4925891395430225e-48,0.3331878919553404
140,rs1192197,G,A,1.0,1.0,8.606706812468094e-93,1.0
141,rs1192198,T,C,1.0,4.2013161939738716e-100,4.485406241176561e-157,1.6496220024038358e-175
142,rs1192201,G,A,1.0,3.8700190894933225e-21,1.0,1.0
143,rs1192202,A,C,1.0,2.316140408353006e-17,2.1387801666758904e-213,9.492739771894584e-90
144,rs1192203,T,C,1.0,1.0,4.834524870236921e-45,1.0
145,rs1192204,T,C,1.0,1.0,1.1127859377246073e-05,1.0
146,rs1192205,C,G,1.0,1.0,1.502476164003845e-14,1.0
147,rs1193068,G,C,1.0,1.0,1.0,0.20546824713514486
148,rs1193069,C,T,1.0,2.606498848983199e-06,1.0,1.0
149,rs1193070,A,C,1.0,9.299394278152958e-06,1.0,1.0
150,rs1193071,C,T,1.0,1.0,4.826224292967046e-09,1.0
151,rs1193127,T,C,1.0,1.0,1.9511329418013148e-40,1.0
152,rs12020579,A,T,1.0,3.844287750613511e-08,6.573695902230435e-85,1.0
153,rs12028675,A,G,1.0,3.163397064260965e-09,1.0,1.0
154,rs12038690,G,A,1.0,0.010011030122405241,1.9102056190084772e-66,1.0
155,rs12041561,A,C,0.0001980374109742564,1.0,1.4189604087229669e-134,0.0070933353417304236
156,rs12042306,G,A,1.0,0.7223930222160568,6.579473803059263e-124,1.0
157,rs12042687,C,T,1.0,1.0,3.495743806226322e-129,1.0
158,rs1204421,A,G,1.0,1.0,1.648085975906175e-109,1.0
159,rs12045511,A,G,1.0,1.885072753647099e-16,1.6581047780491146e-39,0.05803247283737553
160,rs12052070,C,G,1.0,1.0,6.817339662217393e-159,3.0735900668003433e-07
161,rs12059975,G,A,1.0,1.0,2.439075028898214e-60,1.0
162,rs12121543,C,A,1.0,0.023532887959063675,7.170605689609235e-34,7.723313788737697e-06
163,rs1213026,A,G,1.0,1.0,1.1824222583418986e-57,0.8006249421271421
164,rs12136482,C,T,1.0,1.0,1.6600401695724197e-218,0.37663981914442746
165,rs1217397,G,A,1.0,0.0,1.5093807694664023e-218,3.4165143040730617e-40
166,rs1217398,C,G,1.0,1.0,2.8499019951488984e-230,1.7691901050264413e-38
167,rs1217401,A,G,1.0,0.0,0.0,2.295945754674844e-254
168,rs1217402,C,G,1.0,1.0,6.039935363543709e-110,5.430302836777888e-26
169,rs12184772,A,G,1.0,1.0,1.0,1.0
170,rs12270780,G,A,1.0,1.0,3.9799064531582415e-12,1.0
171,rs12428227,A,G,1.0,1.0,1.3750943585860732e-23,1.0
172,rs12428406,T,C,0.09592337453947039,0.4455811566263835,1.0,1.0
173,rs12428423,T,C,1.0,1.0,1.0,1.0
174,rs12428957,C,T,1.0,1.0,2.8033647192121036e-65,0.00851445513854267
175,rs12429386,A,G,1.0,1.0,1.0,1.0
176,rs12429420,A,G,1.0,1.0,1.0,1.0
177,rs12430280,C,T,1.0,1.0,7.806794357555568e-38,0.0024685514064091254
178,rs12430390,A,G,1.0,1.0,1.3569258143222951e-09,1.0
179,rs12431029,T,C,1.0,1.0,1.4204434152752847e-42,1.0
180,rs12431296,C,T,5.613574258111365e-06,1.0,0.0021135475622452837,1.0
181,rs12460602,T,C,1.0,7.832586284742644e-07,5.535131882833391e-75,2.1784245447513986e-09
182,rs12460905,T,C,1.0,5.364076743650183e-16,1.0117883862928815e-52,1.0
183,rs12463216,T,C,1.0,3.5567747826167874e-13,1.1038829870018352e-06,1.0
184,rs12583583,C,T,1.0,1.1605292046258893e-20,1.4643462870762701e-108,1.0485843206047765e-21
185,rs12609126,T,C,1.0,0.0012136127137578603,2.483283496661686e-29,1.0
186,rs12610708,G,C,1.0,8.931127391393366e-07,1.973783431284994e-31,0.03358373365239748
187,rs12723373,G,A,1.0,1.0,1.0869316052263005e-65,1.0
188,rs12803540,T,C,1.0,1.0,3.6632908182903935e-06,1.0
189,rs12855875,A,G,1.0,1.0,1.0953250555368564e-50,4.2979106450684135e-06
190,rs12858728,C,T,1.0,1.0,1.0,1.0
191,rs12859913,C,T,1.0,1.0,1.0,1.0
192,rs12865767,A,T,1.0,1.0,1.0,1.0
193,rs12867220,A,T,1.0,1.0,1.5704281445220125e-82,0.025339263606621365
194,rs12868126,G,A,1.0,2.181697936052915e-25,5.2249790481976675e-83,6.124854301535057e-59
195,rs12868203,A,T,1.0,1.0,1.0,1.0
196,rs12868210,A,T,1.0,1.0,0.10140279085707021,1.0
197,rs12869358,T,C,1.0,1.0,1.0,1.0
198,rs12869391,T,A,1.0,1.0,1.0,1.0
199,rs12873154,A,G,1.0,0.01631942174861864,1.3331406192878207e-90,4.642243887770703e-32
200,rs12873869,A,G,0.0030774631646469743,0.01977319540361638,1.0,0.07858703605198746
201,rs12874003,G,A,1.0,1.0,3.7324351882474645e-08,4.789153474065095e-31
202,rs12874407,G,A,1.0,9.588415792535923e-22,0.026644377794807193,1.0
203,rs12875702,C,T,1.0,1.0,9.603142230340425e-09,0.3711834115936406
204,rs12973411,C,T,1.0,1.0,8.110425620586609e-07,1.0
205,rs12984288,T,C,1.0,1.0,1.6841555362712626e-07,1.0
206,rs12984612,T,G,1.0,1.0,3.470501859155585e-06,1.0
207,rs12984829,T,G,1.0,7.198422119785644e-25,3.583641213973038e-106,2.4529179170962902e-06
208,rs12984859,T,C,1.0,1.0,4.9396372200757086e-08,1.0
209,rs12984929,G,T,1.0,1.0,0.01430331942221717,1.0
210,rs1310183,T,C,1.0,1.8736040214123981e-44,1.1736230523845399e-307,5.992496620491452e-25
211,rs1316406,A,G,1.0,1.0,8.18311736836744e-284,0.8900482786452663
212,rs1317181,G,T,1.0,1.515787326074628e-10,0.0,0.016737042846902014
213,rs1317764,G,T,1.0,1.0,0.0,3.798687275476774e-54
214,rs13260,G,T,1.0,2.247629254816393e-49,7.718987025190775e-86,4.072591342615645e-10
215,rs1326882,C,T,1.0,1.8272963231696528e-13,1.5516148030058533e-22,0.665614747889203
216,rs1326886,A,G,1.0,0.001129415281850985,2.3042077279411847e-52,1.0
217,rs1326888,A,G,1.0,1.0,0.0,3.8539693680863245e-121
218,rs1326889,C,T,1.0,2.073535254743145e-07,0.0,2.276543382821752e-22
219,rs13306553,A,G,1.0,1.0,1.0,1.0
220,rs13306556,C,T,1.0,1.0,1.0,1.0
221,rs13306561,A,G,1.0,5.185079495834986e-06,7.364786938902375e-21,1.0
222,rs13346264,A,G,1.0,0.00011154869130407018,2.876339959185243e-275,0.1687897195369002
223,rs13376410,T,G,7.575182113056521e-05,1.0,2.6577458548174845e-220,0.1233609631336832
224,rs1347170,A,C,1.0,1.0,2.7190260973442635e-59,0.00584825835557668
225,rs1373744,T,C,1.0,1.9434198050281552e-05,0.0,3.5184325991392204e-09
226,rs1373749,A,G,1.0,4.6821900888835423e-07,1.0,1.0
227,rs139623643,G,A,1.0,1.0,3.904110624608877e-18,1.0
228,rs1408034,T,C,1.0,1.0,1.0,1.0
229,rs1408035,A,T,1.0,7.642357362735946e-05,4.1721454120566e-12,1.0
230,rs1408036,A,C,1.0,2.1924527949820497e-15,1.0,1.0
231,rs1410142,A,G,1.0,1.0,5.154517059357269e-103,1.0
232,rs1410143,G,A,1.0,0.0026754318805833972,8.446370411240344e-104,0.4703166786512142
233,rs1410144,G,T,1.0,1.0,2.0339727489340613e-159,1.0
234,rs1411040,C,T,1.0,1.0,1.0,1.0
235,rs1421673,T,C,1.0,0.0017104681723093757,6.523626036547328e-05,4.1171391592863526e-05
236,rs1421674,T,C,1.0,1.0,3.172536617779876e-08,1.0
237,rs142443772,A,G,0.2868194312043753,3.0818956855542674e-06,5.32115201129564e-134,2.8019984489009795e-10
238,rs142819532,A,G,1.0,1.0,7.183510489118016e-112,0.00127994596541866
239,rs144171665,A,G,1.0,1.0,1.741113528271071e-14,1.0
240,rs1445085,C,G,1.0,1.0,9.106530933156063e-39,0.042972669822496354
241,rs146910239,T,C,1.0,1.0,0.5876693311726194,1.0
242,rs1470425,A,G,1.0,9.848067565512018e-10,1.0,1.0
243,rs1470427,G,A,1.0,1.0,8.774059271675874e-17,1.0
244,rs1470428,T,C,1.0,1.0,2.1775909393815617e-198,2.925755137401281e-87
245,rs1474347,C,A,1.0,2.3198413190483917e-11,4.157596594956721e-165,1.0
246,rs1474348,C,G,1.0,1.0,0.0,1.158203266246548e-14
247,rs1476413,C,T,1.0,0.0005986898091232688,8.089369610932891e-33,8.145329329282413e-99
248,rs1518110,A,C,1.0,0.00034538136448150934,6.898317983798355e-82,1.0
249,rs1518111,T,C,1.0,1.3559650820776276e-73,1.0519444798016336e-90,1.0
250,rs1524107,C,T,1.0,5.2420732548610584e-42,0.00018928738845974813,3.037576710332035e-12
251,rs1532323,C,T,1.0,0.0013903078227573455,0.0,1.910822702084142e-10
252,rs1537514,G,C,1.0,1.0,1.0,1.0
253,rs1537515,C,A,1.0,1.0,1.0,1.0
254,rs1537516,G,A,1.0,1.0,0.06776113166522928,0.13882665503246983
255,rs1541861,C,A,1.0,0.0006658869834921614,9.249980133347702e-168,2.1701682879668685e-07
256,rs1549141,C,T,1.0,2.8901092236787086e-05,6.016864017139596e-167,0.41331632711738114
257,rs1549758,T,C,1.0,1.0,4.942765409156636e-100,1.0
258,rs1554286,A,G,1.0,1.068416834622483e-09,3.659525417123994e-122,5.1929739414226885e-09
259,rs1554606,T,G,1.0,2.4930366174592935e-51,4.1205540080303135e-24,0.0755641130158764
260,rs1560689,G,A,1.0,0.1445328312573076,3.517505897392238e-232,1.0
261,rs1562173,G,A,1.0,1.0,5.599618945568665e-13,1.0
262,rs1562174,C,G,1.0,1.0,1.6843189503597574e-16,1.0
263,rs16852352,T,G,1.0,3.554918827773617e-19,1.0,1.0
264,rs16852515,A,C,0.025602530501167252,2.511656388238172e-25,1.9833792904140572e-228,3.4030221646851075e-16
265,rs16925614,C,T,1.0,2.4067038642642493e-43,3.1499024511661712e-40,2.0242703394210838e-15
266,rs16975414,A,G,1.0,3.169720031009779e-17,1.2375076979304361e-26,2.071948845274215e-06
267,rs16975420,C,A,1.0,3.529809209898073e-26,3.279903167550746e-24,5.812187803520865e-26
268,rs16975424,A,G,1.0,0.0008084973072190935,7.569012187976629e-77,9.404146499426526e-13
269,rs16975450,T,C,1.0,1.0,5.5771679338217194e-49,0.0012408445576708492
270,rs16975472,C,T,1.0,1.0,1.222906483291942e-15,1.0
271,rs16975491,C,T,1.0,1.0,1.9661176882367792e-15,1.0
272,rs16975492,C,T,1.0,1.0,2.713043327314451e-35,1.0
273,rs16975617,C,T,1.0,1.0,3.6029097223699574e-50,2.685608662043242e-46
274,rs16975654,G,A,1.0,4.143844757562967e-05,1.1714195920733655e-66,0.03141037320684359
275,rs16975708,G,A,1.0,2.2820877958178355e-38,9.281284568562443e-31,0.00010569116439073154
276,rs16981771,G,A,1.0,0.0003808762793534834,6.910388836814827e-110,3.622191716272498e-07
277,rs16981829,T,C,1.0,1.298396020264627e-63,2.392508732324567e-81,5.708188578372415e-14
278,rs16981832,C,A,0.058424659260684075,4.539535981865354e-05,1.908866217961001e-287,0.003388335397168743
279,rs16981845,T,C,1.0,0.010001040239039919,7.356969818200108e-245,1.0
280,rs16981853,T,C,1.0,1.552624191376664e-08,2.2976188477410008e-42,0.0026364922128429137
281,rs16981877,G,A,1.0,0.013488209858918335,0.0001954248324012364,1.6923629270099308e-06
282,rs16981882,T,C,1.0,1.0,3.0217800927602552e-05,1.0
283,rs17037388,A,G,1.0,1.0,1.6894439193122102e-08,1.0
284,rs17037390,G,A,1.0,0.062460533492086294,1.8086415122164554e-07,1.0
285,rs17037396,C,T,1.0,1.0,1.0,1.0
286,rs17037397,C,A,1.0,4.047204350080208e-17,0.0005708535844208363,0.03473997732525627
287,rs17294094,G,A,1.0,1.0,1.208080510090967e-184,5.973693042577975e-20
288,rs17360062,A,T,1.0,1.0,3.454558377934188e-11,1.0
289,rs17367504,A,G,1.0,1.0,3.001546849913741e-07,1.7910283193643962e-12
290,rs17367629,C,T,1.0,1.0,1.0,1.0
291,rs17421511,G,A,1.0,0.1562114259038612,4.3102647960295114e-69,5.776704947569278e-08
292,rs17421560,G,A,1.0,1.0,0.001923390715955072,1.0
293,rs17464525,G,A,1.0,3.7613331375001044e-13,5.811736458970206e-54,2.87307604666932e-09
294,rs17588591,T,G,1.0,4.282053333710865e-06,6.981962252044383e-39,0.025012728588284787
295,rs17592979,G,T,1.0,1.0,1.0,1.0
296,rs17787522,G,A,1.0,1.0,1.0116448932349842e-75,0.06869713665250418
297,rs1778817,G,A,1.0,0.1978052173195743,5.35587932047201e-50,1.0
298,rs1785856,A,G,1.0,1.0,2.553295250952206e-15,1.0
299,rs17881482,G,A,1.0,0.3314256112361478,4.02294220876819e-29,6.419395013096647e-06
300,rs17881488,C,A,1.0,7.994642072677038e-13,1.0,1.0
301,rs17884666,A,T,1.0,1.0,1.0,1.0
302,rs17885743,G,A,1.0,1.0,1.0,1.0
303,rs17886200,C,A,1.0,1.8670782051355904e-05,4.815921852846499e-25,8.179965590725443e-06
304,rs1799983,T,G,1.0,1.0,4.718135883709861e-131,1.0
305,rs1800610,G,A,1.0,1.0,7.884695689728778e-26,1.0
306,rs1800779,G,A,1.0,1.0,4.0367427900456617e-82,1.0
307,rs1800780,A,G,1.0,1.0,1.0,1.0
308,rs1800783,A,T,1.0,1.0,1.0,1.0
309,rs1800795,C,G,1.0,1.0,0.0,3.5202613919405388e-12
310,rs1800796,G,C,1.0,8.76002353907192e-30,4.596037235899593e-13,1.7661481077873413e-09
311,rs1800797,A,G,1.0,1.0,0.0,3.1131027798473034e-24
312,rs1800871,A,G,1.0,2.299492454919413e-75,5.36976664631214e-72,1.0
313,rs1800872,T,G,1.0,7.1789751457473305e-06,5.2611125848973765e-65,1.0
314,rs1800893,C,T,1.0,2.6923128263660885e-44,3.0811193542830957e-14,1.0
315,rs1800896,T,C,1.0,1.0499424003084695e-119,1.543458822074633e-31,1.0
316,rs1801131,T,G,1.0,0.1725436643640792,5.142660334086066e-54,7.269530637298592e-94
317,rs1801133,G,A,1.0,1.9860144357565972e-127,2.0197285316699894e-145,6.666597767982913e-18
318,rs1808593,G,T,0.17258892536129972,0.00039619936090685905,0.10691869618236222,1.0
319,rs1816884,G,C,1.0,4.5660784313060485e-29,5.1509227901508176e-61,0.0003649939024980552
320,rs1822851,G,A,1.0,1.0,2.5517523893563022e-08,1.0
321,rs183390210,C,A,1.0,1.0,0.00015208588449428388,1.0
322,rs1838557,G,A,1.0,1.0,2.138821895715399e-06,1.0
323,rs183903980,A,G,1.0,2.2933831635468646e-05,7.180153839356213e-09,1.0
324,rs1854054,G,A,1.0,1.0,2.6958097954857688e-11,1.0
325,rs1857367,G,A,1.0,1.0,2.080463213846007e-25,1.0
326,rs1888002,C,T,1.0,1.552404503860115e-13,1.0202157216043366e-159,2.8902791385029987e-09
327,rs1888006,A,G,1.0,0.0007694765297681133,2.521813860456092e-278,6.971664915519193e-05
328,rs1888007,A,G,1.0,0.004654389854595855,5.895048689704752e-193,0.0712034049385596
329,rs1891964,C,T,1.0,1.0,4.48710550115631e-16,1.0
330,rs191618273,C,T,1.9195535801482196e-14,1.1901616616688608e-21,4.1267308288837284e-207,8.466853278178512e-58
331,rs1926722,C,A,1.0,4.878767418907586e-19,3.0254399744874063e-06,1.0
332,rs1926723,T,C,1.0,5.200556418779952e-08,1.0,1.0
333,rs1961495,C,T,1.0,7.450899959127565e-05,1.0,1.0
334,rs1965756,C,G,1.0,1.0,1.0619208567828479e-75,4.3780135172747565e-05
335,rs1965758,G,A,1.0,1.0,4.165884919628754e-36,1.0
336,rs1965759,G,A,1.0,1.0,5.727214959525873e-165,8.927481114617001e-10
337,rs1965760,A,G,1.0,1.0,1.225266982206322e-164,2.879243516260066e-10
338,rs1966625,T,C,1.0,1.0,3.410352502646811e-39,1.2644487839428855e-34
339,rs1968414,A,G,1.0,1.0,2.0289743067303046e-77,4.370602063208913e-05
340,rs1968415,A,G,1.0,1.0,8.763888135698386e-77,6.620342101803453e-07
341,rs1968416,T,A,1.0,1.0,6.919954970550498e-74,4.370602063208913e-05
342,rs1968440,A,G,1.0,4.32539249207075e-06,1.5058496253003722e-205,7.460084147483215e-06
343,rs1968441,T,G,1.0,1.5532781026407156e-14,6.010422628365531e-214,4.0461787661569513e-22
344,rs1968442,C,T,1.0,1.0,8.373663692470673e-76,4.3780135172747565e-05
345,rs1968443,G,A,1.0,1.0,9.557642219405334e-79,2.477831635891086e-05
346,rs1968444,C,T,1.0,1.0,7.561491375033345e-76,4.3780135172747565e-05
347,rs1971783,A,G,1.0,8.432562101276426e-07,4.923177748809172e-33,0.017495171412366457
348,rs1971784,T,C,1.0,7.731742558088026e-32,1.1995673612576532e-30,5.9325791530352586e-05
349,rs1971785,G,C,1.0,1.0,2.9534585589312236e-35,0.01979757661178874
350,rs1972619,C,T,1.0,0.005039446370321697,1.0,2.516167198450686e-06
351,rs1975514,T,C,0.03201221389414944,1.0,1.0,1.0
352,rs1977412,T,C,0.0010661072409661092,0.16179810226034813,0.0,6.61368219073204e-13
353,rs1977413,G,A,1.0,1.0,6.61439941594703e-270,0.00015846384743103395
354,rs1977414,C,T,1.0,1.0,3.8314083595409665e-08,1.0
355,rs1977892,G,T,1.0,1.0,5.312424175189898e-06,1.0
356,rs1977893,T,C,1.0,0.0871405739927916,1.0,1.0
357,rs1981316,C,A,1.0,2.069604600539122e-34,2.7622351055551512e-14,1.6754771709835875e-10
358,rs1981317,T,G,1.0,1.0,1.0,1.0
359,rs1982314,C,T,1.0,1.0,3.2353190055864986e-08,1.0
360,rs1982315,T,C,1.0,0.11003765863997282,1.0,1.0
361,rs1983899,C,G,1.0,0.15419161589713548,6.169512986936937e-64,0.2727235729518498
362,rs1983900,C,G,1.0,0.15419161589713548,3.209870270941455e-64,0.2727235729518498
363,rs1987664,G,T,1.0,0.2798699354338698,3.9754534306726024e-95,4.507378824740471e-06
364,rs1994798,G,A,1.0,2.2482388364108548e-11,1.8712226265289582e-37,1.0
365,rs199564578,A,G,1.0,0.023502984137586922,1.4977195391562237e-19,1.0
366,rs199878134,C,A,1.108831996185655e-09,6.376706514760858e-07,4.3642982651697095e-42,1.0
367,rs200368481,C,T,1.0,1.0,6.868226197493805e-10,0.3733989501651467
368,rs200412364,A,G,1.0,0.17433322978201926,1.0,1.0
369,rs200424218,G,A,1.0,1.0,3.793618229231358e-94,1.0
370,rs2004776,C,T,1.0,1.0,3.2310425439878653e-98,0.000710451703103513
371,rs2005447,C,T,1.0,0.407857704263839,2.852556716784837e-35,1.0
372,rs200580841,A,G,1.0,1.0,1.0,1.0
373,rs2006765,G,A,1.0,1.0,0.0,5.773478704377748e-11
374,rs2007183,G,T,1.0,7.202035008266925e-07,5.052350158048552e-115,1.8976211037578557e-97
375,rs2008521,T,C,1.0,0.5984202143325859,4.685545022688487e-83,8.846558298857137e-11
376,rs2008527,T,C,1.0,8.337446028410773e-22,1.234527895079617e-17,1.0
377,rs2009130,C,G,1.0,2.394997696674442e-28,1.492905212057653e-49,0.0003852690107785537
378,rs2009373,T,C,1.0,0.03710192708643943,0.004853564717684371,1.0
379,rs2009530,C,A,1.0,1.0,9.373528332890784e-69,0.004797520920129871
380,rs201032735,G,A,1.0,0.026126051191727995,4.3576906328654864e-120,1.0
381,rs201132588,T,C,0.001587877838792618,1.0,6.101455365388693e-28,1.0
382,rs2015209,G,A,1.0,1.0,0.05737966998258457,1.0
383,rs2015211,A,T,1.0,1.0,0.057030544918091286,1.0
384,rs2015216,G,A,1.0,1.0,0.3428147799234891,1.0
385,rs202135160,A,G,1.1461706379702003e-05,3.410016077972128e-16,2.6004802527890675e-46,0.15864024150144532
386,rs202157991,A,G,1.0,1.1844555648561348e-11,0.000993523658807297,1.0
387,rs2029765,G,A,1.0,1.0,9.11878904826441e-174,1.0
388,rs2029766,G,A,1.0,6.125552008134377e-11,4.784214015334e-312,1.0642052416234853e-08
389,rs2029767,A,G,1.0,2.0665515996349133e-12,0.0,2.1388674143541022e-10
390,rs2043210,G,A,1.0,1.0,1.7921180676006124e-177,3.466011144368467e-11
391,rs2043211,A,T,1.0,9.309156457532507e-70,6.2483259593132364e-30,0.00012989310963910128
392,rs2066462,G,A,1.0,1.0,1.0,1.0
393,rs2066470,G,A,1.0,0.19354129501677655,0.017621562397506885,1.0
394,rs2066992,G,T,1.0,3.9658100032511326e-199,0.006018057049832598,1.3462584823686778e-73
395,rs2067853,G,A,1.0,1.0,4.429610117308275e-142,0.00012813282614822298
396,rs2069832,A,G,1.0,1.0,0.0,1.6416168871179457e-28
397,rs2069833,C,T,1.0,1.0,0.0,1.0
398,rs2069835,T,C,1.0,1.9526822399423167e-16,5.9088710587505755e-05,1.0
399,rs2069837,A,G,1.0,1.0,3.225433889899319e-08,1.0
400,rs2069840,C,G,1.0,1.0,4.446415455945139e-61,1.0
401,rs2069845,G,A,1.0,6.087392745843324e-09,1.2871439939898082e-29,1.0
402,rs2069849,C,T,1.0,3.691721895074502e-28,3.678079981197808e-123,9.972070928873711e-08
403,rs2070744,C,T,1.0,1.0,6.298471485970321e-80,1.0
404,rs2071404,C,A,1.0,1.0,2.821663043206658e-24,1.0
405,rs2071405,C,T,1.0,0.008521949446386196,1.2190978925460687e-48,0.03323333261080728
406,rs2071406,A,G,1.0,2.7577628813521965e-24,0.0,1.035134312939197e-08
407,rs2073058,A,G,1.0,7.05653319239529e-05,1.0608571956634891e-26,1.0
408,rs2073059,G,C,1.0,1.0,1.0,1.0
409,rs2076556,A,G,1.0,2.851767149538402e-23,3.804318385660299e-44,1.2609531338993762e-07
410,rs2077360,A,G,1.0,6.012388453269872e-12,0.0,1.2118827781856214e-08
411,rs2131937,C,T,1.0,0.6435468548177445,0.09983790454279888,1.0
412,rs2131938,C,T,1.0,0.6435468548177445,0.08890349680796429,1.0
413,rs2131940,A,G,1.0,1.0,1.0,1.0
414,rs2148579,T,G,1.0,2.5578381810291643e-19,4.672394848807912e-40,1.1429464499539505e-21
415,rs2148580,A,C,1.0,0.010011030122405241,1.9102056190084772e-66,1.0
416,rs2148582,A,G,1.0,7.970156857919936e-05,0.0,1.6048195869548583e-24
417,rs2166207,A,C,1.0,0.00024213343226745228,8.859771224493247e-32,1.0
418,rs2166208,G,A,1.0,0.24699186341633425,3.2199232715023824e-51,1.0
419,rs2172725,G,A,1.0,0.026977553672266095,1.0,1.0
420,rs2179625,A,C,1.0,5.885500675940347e-16,3.865322543185155e-65,0.01790267363013349
421,rs2182575,T,C,1.0,0.010011030122405241,1.9102056190084772e-66,1.0
422,rs2184227,C,T,1.0,1.0,1.0,1.0
423,rs2220833,T,C,1.0,1.0,1.0,1.0
424,rs2222202,G,A,1.0,8.688798123453244e-08,2.2769536972716195e-59,1.0
425,rs2241966,T,C,1.0,1.0,1.632847272676918e-73,0.06382275547188686
426,rs2241967,C,T,1.0,5.0700188983512004e-14,6.920273386792056e-58,0.6107343505882283
427,rs2256314,G,A,1.0,4.073298020299442e-05,1.906645545633432e-36,0.004549639318869825
428,rs2274976,C,T,1.0,1.2228833859505888e-32,2.2156434035054174e-05,3.2478511493279707e-38
429,rs2275842,C,T,1.0,1.0,0.004767128969044882,1.0
430,rs2275843,G,A,1.0,1.601782548129385e-49,4.458834073315845e-05,0.015772225790094616
431,rs2275845,G,A,1.0,1.0,1.0,1.0
432,rs2278673,G,T,1.0,1.0,0.0015927544843613041,1.0
433,rs2284364,G,A,1.0,1.0,1.0,1.0
434,rs2284365,T,C,1.0,4.087449461458833e-10,6.147535906181638e-11,0.9866799507396534
435,rs2284367,T,C,1.0,5.598676143505822e-40,1.8587949996570356e-13,1.0
436,rs2284368,T,C,1.0,2.9306684671808897e-39,1.6784543668899483e-13,1.0
437,rs2284369,A,G,1.0,2.5548673738666165e-38,1.1560850558064177e-10,4.2066783836443004e-10
438,rs2288876,A,G,1.0,1.0,4.107141838702666e-33,0.4117258866990455
439,rs2288877,T,C,1.0,1.0,4.942688403195358e-33,1.4735656361084034e-27
440,rs2289799,C,G,1.0,1.0,9.207643795939329e-08,1.0
441,rs2289800,C,T,1.0,1.0,2.3016894727954874e-34,1.0
442,rs2298239,C,T,1.0,0.0015101630884300362,1.0,1.0
443,rs2298241,G,C,1.0,0.49058430078913196,5.1741491673986245e-20,0.007172162789731357
444,rs2300181,C,T,1.0,2.1533234087625655e-05,1.7211375724252203e-26,5.429272931368854e-43
445,rs2300182,T,A,1.0,4.148023954181641e-05,2.3795202327608962e-46,0.0002732728078952321
446,rs2304134,G,A,1.0,1.0,1.0921667052347006e-10,1.0
447,rs2304135,G,A,1.0,1.0,4.3784866381944105e-10,1.0
448,rs2305079,G,A,1.0,3.1573868059367513e-22,5.3646337341309095e-68,0.8446785566526044
449,rs2305080,T,C,1.0,1.0,1.0,1.0
450,rs2305081,G,A,1.0,3.2353669685593696e-17,1.84998866231111e-61,2.395714928408031e-05
451,rs2386515,A,G,1.0,5.072628039068531e-07,2.524068330018141e-149,0.01108933079562093
452,rs2391815,C,T,1.0,0.38705921520976894,0.3324921036123945,1.0
453,rs2391816,C,T,1.0,0.13547338534893788,0.06388489288489867,1.0
454,rs2391823,G,A,1.0,3.8200449190879557e-28,2.8930415938924824e-200,8.380701299640259e-47
455,rs2420388,G,A,1.0,3.618201969946809e-35,5.129288597384152e-06,1.0
456,rs2436159,G,A,1.0,0.14707871454657612,7.532146842372905e-105,1.3338083171413278e-09
457,rs2436462,T,C,1.0,0.010644755453333885,1.7217340663305796e-61,1.0
458,rs2464906,A,G,1.0,1.0,2.1370339770774874e-38,1.0
459,rs2478516,T,C,1.0,1.0,1.1494273104401283e-17,0.5541544877636905
460,rs2478517,A,G,1.0,1.0,4.354535916294876e-241,2.931888316646168e-41
461,rs2478518,G,C,1.0,1.0,8.7525141630093e-106,1.0
462,rs2478519,A,G,1.0,1.0,4.058715125824066e-203,1.0
463,rs2478520,G,A,1.0,1.0,2.3141354945419277e-187,0.3942181458540873
464,rs2478523,A,G,1.0,9.360002764296838e-82,0.0,5.910527301275915e-188
465,rs2478524,G,C,0.046868260722000524,6.421525831455011e-07,8.388405469673383e-35,0.6302543743045791
466,rs2478525,C,G,1.0,1.0,1.4472672066139606e-173,1.0
467,rs2478527,A,C,1.0,1.0,6.961497685616433e-231,1.0
468,rs2478528,T,C,1.0,1.0,7.890794458002881e-275,1.1404982072695621e-07
469,rs2478532,T,C,1.0,1.0,1.1926029982926327e-24,1.0
470,rs2478533,G,A,1.0,1.0,5.721717379731158e-20,1.0
471,rs2478534,C,A,1.0,1.0,3.139608795747899e-204,2.7103195362475756e-08
472,rs2478535,A,G,1.0,1.0,2.1183177046848163e-153,0.24527222625080566
473,rs2478536,T,C,1.0,1.0,3.185970894674721e-263,0.00016272740574232823
474,rs2478539,G,T,1.0,1.0,3.1718582110632536e-265,5.4614122345046985e-05
475,rs2478540,C,T,1.0,1.3490716571870713e-85,2.800641555152864e-169,1.0
476,rs2478541,T,C,1.0,1.4268151572270023e-29,0.0,2.776287560432615e-21
477,rs2478543,T,C,1.0,1.0,0.0,5.6559539390011744e-11
478,rs2478545,G,A,1.0,9.706972745983722e-71,1.5132378083111672e-178,3.1076680844833575e-90
479,rs2479137,T,C,1.0,1.0,4.48436516774515e-24,1.0
480,rs2493125,G,T,1.0,0.13797533053131097,8.325836340660968e-63,1.0
481,rs2493126,G,C,1.0,1.0,1.1432294760896002e-189,1.0
482,rs2493127,A,G,1.0,1.0,3.4954750447655656e-25,1.0
483,rs2493128,G,T,1.0,1.0,5.5401033310906265e-109,1.0
484,rs2493129,G,A,1.0,1.0,1.3350709446028712e-24,1.0
485,rs2493130,G,A,1.0,1.0,1.0174473776589216e-21,1.0
486,rs2493131,C,T,1.0,0.2737867154976744,8.09299203006086e-31,1.0
487,rs2493132,T,C,1.0,1.0,2.6325301208665625e-150,4.515673166794946e-09
488,rs2493133,T,C,1.0,1.0,7.49188888259598e-309,1.921539032022944e-08
489,rs2493134,T,C,1.0,0.13017129622977994,0.0,1.2831414774813223e-130
490,rs2493135,C,G,1.0,1.0,0.0,2.312369721137014e-12
491,rs2493136,C,T,1.0,1.0,0.0,2.6440309682948555e-12
492,rs2493137,T,C,1.0,1.0,6.80285254190038e-175,5.358106377869726e-70
493,rs2493138,A,G,1.0,1.0,1.0,1.0
494,rs2493141,G,A,1.0,1.0,0.0,0.003428595529226373
495,rs2493150,C,T,1.0,1.0,6.547301951821335e-196,1.0
496,rs2493151,G,A,1.0,2.1999558479660173e-136,0.0,2.602101197207974e-106
497,rs2493152,T,G,1.0,1.0,6.543479413853086e-53,1.0
498,rs2566508,T,G,1.0,1.0,3.1186082450273335e-13,1.0
499,rs2566511,C,T,1.0,1.0,7.169294510677235e-22,1.0
500,rs274878,T,C,1.0,1.0,0.0,7.193282180306573e-102
501,rs274879,G,C,1.0,1.0,0.0,0.17808217786961308
502,rs274880,C,T,1.0,1.0,2.0014179881148785e-176,1.0
503,rs2847468,C,T,1.0,0.05511794491228461,5.02069558591584e-23,1.0
504,rs2853792,G,A,1.0,1.2506729283809733e-16,4.3792263102718574e-119,4.713036315033194e-05
505,rs2853795,A,G,1.0,8.64803361524255e-68,6.734649462223493e-73,9.998593351119966e-18
506,rs2853796,G,T,1.0,1.0,5.874568815166353e-13,1.0
507,rs28641646,A,G,1.0,1.0,5.876438373333333e-74,0.00015696194468319685
508,rs2892050,C,T,1.0,1.0,0.05458624072481281,1.0
509,rs2892051,T,C,1.0,1.0,0.008863787658657987,1.0
510,rs3014,T,C,1.0,1.3191653866796501e-06,7.746151519058737e-34,0.016709696459541228
511,rs3024490,A,C,1.0,3.5043196552290295e-12,1.79811081820704e-65,1.0
512,rs3024493,C,A,1.0,1.0,3.529803564885807e-81,1.9632242145354037e-09
513,rs3024494,T,C,1.0,1.0,2.2152577862202464e-135,1.0
514,rs3024496,A,G,1.0,6.158735624167784e-71,2.8471124899911556e-05,0.5809972789312863
515,rs3024498,T,C,1.0,1.905960981478728e-11,8.834851217584664e-51,0.5098061245746449
516,rs3078168,C,T,3.3736637941355916e-13,4.5166227632082085e-13,4.5664270123350465e-134,7.708701303377497e-06
517,rs3093661,G,A,1.0,1.0,1.0,1.0
518,rs3093662,A,G,1.0,1.8625172932902442e-14,1.0,0.0005905371646305837
519,rs3093664,A,G,1.0,1.0,0.09730575632277687,1.0
520,rs3136557,G,A,1.0,1.0,4.959921705541044e-46,1.0
521,rs3136558,A,G,1.0,6.122574254981866e-31,8.904857026057763e-07,1.0
522,rs34097827,C,T,1.0,1.0,4.763331934115725e-47,0.0001654408836806728
523,rs34171526,C,A,1.0,0.01728869809092291,5.936256285490819e-07,1.0
524,rs34173149,G,A,1.0,0.01728869809092291,5.936256285490819e-07,1.0
525,rs34633933,A,T,1.0,1.0,1.0,1.0
526,rs34644236,C,T,1.0,0.5321442897212569,2.8549355645554944e-83,1.345197086877096e-05
527,rs34808582,T,C,1.0,0.03284020143375112,1.0,1.0
528,rs34906261,C,T,1.0,1.0,3.842804369029825e-21,2.0814602661742814e-05
529,rs34966754,G,C,1.0,1.0,0.0056464280596491955,1.0
530,rs35340437,T,A,1.0,0.5962886260505551,1.4959327025964143e-05,1.0
531,rs35345744,A,G,1.0,1.0,9.990984009940124e-23,1.0
532,rs35402290,C,T,1.0,0.0015669663662156454,1.5257256628538966e-06,1.0
533,rs35446263,A,C,1.0,1.0,8.678374105718519e-60,1.0
534,rs35464336,C,T,1.0,1.0,1.0,1.0
535,rs35486774,C,T,1.0,0.15103846239233135,5.78986395031236e-81,1.6274705736808958e-12
536,rs35614915,T,C,1.0,1.0,1.0,1.0
537,rs35784668,A,T,1.0,1.0,1.8103041784399019e-06,1.0
538,rs35806534,A,G,1.0,1.0,2.0281332681170397e-144,1.4891082046965043e-15
539,rs35837081,G,A,1.0,1.0,3.867486428065719e-17,1.0
540,rs36085600,C,T,1.0,0.0696537751069214,1.6969181252784951e-06,1.0
541,rs370240,G,C,1.0,1.0,1.233527086510024e-07,1.0
542,rs371101435,C,T,1.0,0.3396781419198904,7.081327512429282e-224,1.3190887323362995e-22
543,rs3730305,C,A,1.0,5.0628317429226105e-08,1.1053773754037117e-94,1.0
544,rs3737325,A,G,1.0,0.5838947140595857,7.461680526731544e-224,4.815691350134841e-09
545,rs3737326,A,G,1.0,1.0,4.174636083931311e-80,2.2054686997963616e-05
546,rs3737327,C,T,1.0,1.0,5.939795277634339e-83,2.0026464483737345e-05
547,rs3737328,C,T,1.0,1.0,1.0,1.0
548,rs3737965,G,A,1.0,2.5088396726911914e-09,0.0016907374295586368,0.029228418704769537
549,rs3737966,C,T,1.0,8.825299530726336e-53,2.3524814304365845e-88,0.001907210434201903
550,rs3737967,G,A,1.0,3.158991312621674e-19,0.00013418475123343524,6.977160948061322e-07
551,rs3742207,T,G,1.0,1.0,0.004689427172443462,1.0
552,rs3745715,G,A,0.0035128365011310283,1.0,2.9913241427783034e-09,1.0
553,rs3745716,C,G,1.0,1.976964243606945e-06,1.4107850382964307e-33,0.02500653048882204
554,rs3745717,G,T,1.0,1.6326668057136064e-06,2.344957725391734e-34,0.0231501054934915
555,rs3745718,T,C,1.0,1.0,1.4576793737214921e-176,1.4371168534605428e-19
556,rs3753582,A,C,1.0,1.0,1.0,1.0
557,rs3753584,T,C,1.0,1.0,0.05016346563717835,1.0
558,rs3753585,G,A,1.0,1.0,0.03210586651904526,1.0
559,rs3753588,C,T,1.0,1.0,1.0,1.0
560,rs3758730,A,T,1.0,1.0,1.0,1.0
561,rs3783099,C,T,0.02668782662439522,1.0,6.5759124985676435e-49,1.0
562,rs3783101,A,G,1.0,1.0190964274366695e-36,1.0,2.2446412435883958e-21
563,rs3783105,T,A,0.0013515403778445567,0.0013515403778445567,1.0,1.0
564,rs3783106,T,G,1.0,1.0,1.8752189434782868e-17,1.7262938036985429e-37
565,rs3783111,C,T,1.0,1.0,1.0,1.0
566,rs3783112,C,T,1.0,1.0,1.4817651927951195e-06,1.0
567,rs3783113,C,T,1.0,1.0,0.24956955139584477,1.0
568,rs3786738,T,C,1.0,9.180331050978511e-07,0.0,8.875173189829779e-26
569,rs3786739,G,C,1.0,2.1742165594053924e-06,1.9555175260931222e-32,0.02610893229203183
570,rs3786740,T,G,1.0,0.0012973834853199657,0.0066138386172461625,1.0
571,rs3786741,A,G,1.0,1.0,6.992415526013351e-66,0.0047638370305543515
572,rs3786742,C,A,0.02391310241140791,0.00275707162467379,9.883470326850203e-121,3.0872797752159225e-07
573,rs3789613,C,G,1.0,4.463666381682985e-65,5.7203481556339804e-157,0.008773198464361344
574,rs3789657,G,A,1.0,1.0,1.5244266376892715e-26,1.0
575,rs3789661,A,G,1.0,0.13907634362246069,7.962265861551034e-47,1.0
576,rs3789662,A,G,1.0,5.419200699531665e-102,1.0,1.0
577,rs3789664,C,T,1.0,1.0,0.16715050758799171,1.0
578,rs3789667,G,A,1.0,1.0,1.040871194809566e-90,1.0
579,rs3789669,A,G,0.014746606669202326,1.0,1.805021512646108e-108,1.560287350653574e-06
580,rs3789670,C,T,1.0,1.0,2.174382202828378e-40,1.0
581,rs3789671,G,T,1.0,1.0,5.909887980911849e-97,0.13858437252495534
582,rs3789678,C,T,1.0,1.0,4.1254978103027355e-27,1.0
583,rs3789679,G,A,1.0,1.0,4.264758884351687e-36,0.3811823606498916
584,rs3793342,G,A,0.4357684016628446,1.0,0.0022351172966701576,1.0
585,rs3816296,G,A,1.0,1.1348056769306617e-21,1.751840166679078e-68,0.3593951112001852
586,rs3818762,G,C,1.0,1.0,1.6729309124902663e-45,7.153565408750521e-06
587,rs3825474,G,A,1.0,0.6303590663306478,1.2246305052696897e-37,1.0
588,rs3825476,G,A,1.0,5.305175918673079e-14,1.1116878946047758e-29,1.0
589,rs3825478,A,G,1.0,2.566414425137379e-34,2.672236071794859e-83,1.4382467105147443e-41
590,rs3825483,C,T,1.0,1.0,0.554493267852282,1.0
591,rs3826822,G,A,1.0,1.0,2.8180788490458278e-155,2.0582294383807098e-07
592,rs3826823,T,G,1.0,1.0,3.765149523799896e-166,7.258054197549404e-11
593,rs3827749,G,A,1.0,0.45432668365705403,6.543296794380699e-130,1.0
594,rs3827750,C,T,1.0,1.2953338681337054e-06,1.602109951964378e-95,0.002379833485368357
595,rs3848539,T,C,1.0,1.0,1.5043709302313863e-163,1.0
596,rs3889728,C,T,1.0,3.174214977788267e-65,1.9353216398369532e-17,1.0
597,rs391152,C,T,1.0,1.6414282398928693e-16,9.515059034890982e-47,0.1887972124301405
598,rs3917356,C,T,1.0,0.003685286931152279,1.0641680997123324e-52,1.0
599,rs3918156,T,G,1.0,1.0,0.014136754967502227,1.0
600,rs3918167,A,G,2.1065447622025027e-16,1.0,4.56651515054944e-33,9.938599250004512e-09
601,rs3918169,A,G,1.0,3.495483422859155e-26,0.0,2.862245552669056e-13
602,rs3918174,A,G,1.0,1.0,2.039978713763598e-07,1.0
603,rs3918176,C,T,1.0,1.0,1.0,1.0
604,rs3918181,G,A,1.0,1.0,1.0,1.0
605,rs3918182,G,A,0.05369547495945993,0.0023241832970526044,8.344307961669793e-13,0.019604008730240978
606,rs3918184,C,T,1.0,1.0,1.0,1.0
607,rs3918186,A,T,1.0,0.15573789045047054,2.2415081416815916e-62,1.0
608,rs3918188,C,A,1.0,1.0,1.0,1.0
609,rs3918196,G,A,1.0,5.0734628573148635e-18,1.0,1.0
610,rs3918211,T,C,1.0,5.102495393803816e-32,0.0,2.4815871185756266e-11
611,rs397131,T,C,1.0,1.0,3.3498020258257063e-49,0.9429130558948998
612,rs4003411,C,T,1.0,1.0,1.9215849498716334e-97,1.0
613,rs4028824,G,A,1.0,1.0,2.006725432836164e-195,1.0
614,rs409135,A,G,0.0028672089558269918,1.0,2.0138718726330163e-12,1.0
615,rs41275098,C,T,1.0,1.0,1.0,1.0
616,rs41275104,A,G,1.0,4.21333035643566e-15,2.6244036074300946e-41,1.0
617,rs41275106,A,G,1.0,0.00442974548612971,1.0,1.0
618,rs4142040,T,C,1.0,1.2408940037460928e-07,7.379794152449689e-15,0.008752746725162104
619,rs4145072,C,T,1.0,1.0,0.04514246619383262,1.0
620,rs4145073,T,G,1.0,1.0,1.0953502801397886e-65,1.0
621,rs4259658,T,C,1.0,0.04711265034476104,2.7247440779800247e-151,2.4264045877904414e-18
622,rs4303079,T,A,1.0,1.0,1.2490112010936081e-114,1.0
623,rs4347733,C,T,1.0,2.1432291957552396e-09,1.2374646153560768e-33,0.006388824014133518
624,rs4365166,A,G,1.0,1.2289786014715007e-18,2.2611111684907294e-11,1.0
625,rs4377029,C,A,1.0,1.0,4.544994297667274e-06,0.003930849917154684
626,rs4389238,T,C,1.0,2.2542076466074773e-05,1.0,1.0
627,rs4423519,C,T,1.0,1.6326668057136064e-06,7.5431144647305795e-31,0.0231501054934915
628,rs4433919,A,G,1.0,0.048014655009765615,1.8683345354478357e-21,1.0
629,rs4494405,C,A,1.0,1.0,4.063638315173498e-83,1.0
630,rs45553335,T,C,1.0,1.0,0.4711568801301784,1.0
631,rs45603435,A,G,1.0,1.0,0.041584815788567486,1.0
632,rs4597433,T,A,1.0,2.1742165594053924e-06,5.630288552827334e-33,0.02610893229203183
633,rs4628514,T,C,1.0,1.0,4.805412706092972e-204,1.0
634,rs472457,T,C,1.0,1.0,1.0,1.0
635,rs473499,G,A,1.0,1.0,1.0,1.0
636,rs475520,C,T,1.0,3.984817657112056e-12,1.6778374446850343e-68,1.0
637,rs4755372,C,T,1.0,0.0028323362785968274,0.003140559844258013,1.0
638,rs4755373,A,G,1.0,1.0,4.844642856007165e-19,1.0
639,rs4755374,A,C,1.0,3.0734867324802673e-22,3.74629546735686e-42,1.5746452312537925e-06
640,rs4756146,T,C,1.0,1.355747647765985e-20,1.566343495561592e-43,9.542229320559588e-06
641,rs4756147,T,C,0.0014855047217191045,1.0265167505970734e-36,3.170524397793756e-119,7.95513015402751e-09
642,rs4756148,C,T,1.0,3.4127091790065986e-05,1.5995390721748397e-10,1.0
643,rs4762,G,A,1.0,0.001295112740868929,2.979048760862518e-19,5.378943441560514e-16
644,rs476241,G,A,1.0,1.2127474665808919e-13,1.0,1.0
645,rs4771661,A,G,1.0,1.0,1.0,1.0
646,rs4771662,A,G,1.0,1.2662032580600512e-14,0.0,1.4793098244628794e-270
647,rs4773131,T,C,1.0,1.0,1.0,1.0
648,rs4773132,G,A,1.0,1.0,1.1110860101809672e-05,1.0
649,rs4773134,C,A,1.0,0.8836288251861187,1.2176652870968914e-83,0.008675611087960446
650,rs4773135,C,A,1.0,2.5621737014384826e-07,1.6466825734081631e-83,3.9942832538728196e-23
651,rs4773139,G,A,1.0,6.915624095766416e-18,7.54736426349976e-94,9.606749090514197e-112
652,rs4773140,A,G,1.0,1.0,1.0,1.0
653,rs4773142,A,G,1.0,0.00039708239291775296,5.82542355098957e-101,1.9264641555617686e-10
654,rs478111,T,C,1.0,1.9901354537334626e-07,2.4069015146698737e-82,0.00023852830137695104
655,rs479871,A,G,1.0,1.0,5.2229251718226845e-96,1.0
656,rs4801751,T,C,1.0,2.1789930440839012e-35,2.0265344117524817e-187,1.6700346979237636e-07
657,rs4802436,A,G,1.0,7.087955600809041e-07,3.472308828326695e-152,3.6332901323307384e-140
658,rs4802439,C,T,1.0,0.016204416662105044,6.904061229756432e-34,1.0
659,rs4802441,A,G,1.0,1.0,1.245394972327343e-22,1.0
660,rs4802442,G,A,1.0,1.0,1.257393682606692e-168,3.459304407056559e-122
661,rs4802443,T,A,1.0,1.0,8.009353893758688e-150,1.0
662,rs4802445,T,C,0.1423932373672975,1.0,7.295661842352976e-168,0.0003211259418064106
663,rs4802447,T,C,1.0,1.0,1.1615010963213712e-32,4.5726137420728985e-29
664,rs4802448,A,G,1.0,0.0036166801795882585,1.0837752752995546e-34,1.0
665,rs4802449,G,A,1.0,9.517261574046418e-67,8.14878168855128e-59,0.00014992128315959838
666,rs480496,A,G,1.0,0.023951850937385916,8.5110796656552e-310,2.278198094785946e-22
667,rs480575,A,G,1.0,1.4907589429818118e-60,0.003725203866742629,8.283465471264739e-12
668,rs482322,T,C,1.0,7.33024103829258e-49,1.0,1.0
669,rs482757,C,T,1.0,2.9299685255117925e-150,2.1687657894046357e-100,4.3055107297472763e-23
670,rs483018,A,T,1.0,0.00023587277435319534,1.0,1.0
671,rs484214,A,G,1.0,7.33024103829258e-49,1.0,1.0
672,rs4845884,G,A,1.0,1.1126410477657978e-14,0.0,7.259883841998904e-11
673,rs4845885,T,C,1.0,1.0,1.0,1.0
674,rs4846048,G,A,1.0,2.3080667268422862e-184,2.15956048257956e-41,5.697071143464887e-08
675,rs4846049,T,G,1.0,6.985947012145645e-24,1.3918600933814143e-53,1.0
676,rs4846050,T,C,1.0,1.0,2.5358284343959725e-260,1.0
677,rs4846051,G,A,1.0,1.0506743548269583e-92,0.0,0.0
678,rs4846052,T,C,1.0,5.860993767366953e-140,0.0,6.156286104452002e-10
679,rs4846866,T,C,1.0,3.1137570840350157e-12,1.0,6.100385789280611e-07
680,rs4846868,G,A,1.0,2.778112645123808e-06,8.874428923706726e-49,1.0
681,rs4846869,A,G,1.0,1.0,1.7191160660729798e-186,1.0
682,rs4847006,A,G,1.0,9.691590262039464e-08,2.6647570787953527e-63,1.8537392676763373e-06
683,rs4847007,G,A,1.0,1.0,3.799296007770044e-129,1.0
684,rs4847008,G,T,1.0,0.00020178192613959847,6.120422921292784e-75,1.0
685,rs486256,T,C,1.0,1.0,1.0641164221125217e-19,0.03553892894881287
686,rs490727,A,G,1.0,1.0,3.66016907822484e-05,1.0
687,rs492560,C,T,1.0,8.009253456393417e-105,2.4837965396693184e-83,7.054092659207324e-92
688,rs494024,T,C,1.0,1.0,1.8360781147034281e-289,4.212650755936565e-40
689,rs494558,C,T,1.0,3.686200197576863e-12,0.0,2.0760152388084845e-37
690,rs496916,G,C,0.210232720961339,1.0,1.0,1.0
691,rs497888,C,T,1.0,3.3181975377727246e-18,1.0,7.391718266132757e-15
692,rs499406,T,C,1.0,1.0,3.3877107314096523e-287,1.2204707412869547e-38
693,rs5018499,G,A,1.0,1.0,1.0,1.0
694,rs5026043,A,G,1.0,0.11349004539273036,9.110021232691694e-61,1.0
695,rs5046,G,A,1.0,1.0,1.0,1.0
696,rs5049,C,T,1.0,1.0,1.310209986392119e-49,1.0
697,rs5050,T,G,0.22480378535497597,1.0,0.926465438630431,0.8353002152852371
698,rs505050,G,T,1.0,0.00029008492900684944,1.443264395188357e-07,1.0
699,rs5051,C,T,1.0,4.2684813987525383e-08,0.0,7.491655493175033e-31
700,rs505156,G,A,1.0,2.1058466977801806e-28,0.0,2.152181638030421e-22
701,rs508370,T,C,1.0,1.0,8.256830014e-315,2.3710730235814005e-08
702,rs511426,C,T,1.0,0.1318177659439711,7.534781305081828e-141,1.0
703,rs511895,T,C,1.0,1.0,2.0464539281128155e-233,4.483522888726576e-129
704,rs521699,C,A,1.0,4.5847570826978765e-27,0.0,4.1495493921247015e-09
705,rs521969,G,A,1.0,7.816306393978834e-21,1.2504817819614283e-62,0.0142983650039691
706,rs524154,A,G,1.0,9.746292941785974e-70,2.2546177003568396e-15,1.0
707,rs524167,G,A,1.0,1.0,8.749238883191544e-232,7.300753965304725e-27
708,rs525938,T,C,1.0,9.082542335029435e-09,1.3004490448410154e-08,1.0
709,rs529041,T,C,1.0,3.48347007034913e-14,7.387351405359173e-57,6.034058259269588e-40
710,rs532625,A,T,1.0,1.0,3.4103964871704335e-13,1.0
711,rs533425,A,G,1.0,1.0,1.740890415545223e-289,1.307630232929266e-32
712,rs536195,C,T,1.0,9.56221533253802e-12,1.9766917849285949e-63,1.0
713,rs537532,C,G,1.0,2.6182991182216266e-08,5.519820699649156e-87,0.00044188843216212296
714,rs538390,G,T,0.0001698815566768011,1.0,4.728125614029475e-60,0.0015746978076788265
715,rs540519,G,A,1.0,2.2412366930520784e-19,7.956779644391731e-105,8.31532492477254e-74
716,rs543701,A,G,1.0,2.4465248818039727e-09,1.0,1.0
717,rs544012,T,G,1.0,1.0,3.074499076103852e-42,0.1675743635842063
718,rs547695,G,A,1.0,1.0,1.0634968822846878e-08,1.0
719,rs548186450,A,G,0.001587877838792618,1.0,9.475644605517586e-25,1.0
720,rs551212,A,G,1.0,0.000477639591265958,1.0,1.0
721,rs551929,G,T,1.0,0.0009809094275705047,1.0,1.0
722,rs552125,T,C,1.0,1.3157400432640683e-38,3.6176256108715555e-08,2.2844755921095944e-11
723,rs552260,G,A,1.0,1.0,0.006785293748129036,1.0
724,rs552463,T,C,1.0,6.7253111623111095e-06,0.011736854408277694,1.0
725,rs554576,A,T,1.0,1.0,6.306423422002502e-100,0.5045280450204721
726,rs554882,C,T,1.0,1.0,1.8060674126467905e-14,1.0
727,rs556099,G,A,1.0,1.0,3.620597946109541e-05,1.0
728,rs557643638,C,A,3.142390113058078e-40,9.74289048380796e-59,1.0842758209154732e-64,1.5284800173821284e-24
729,rs558140698,C,A,1.0,1.0,5.966645771510426e-09,1.0
730,rs55890324,C,T,1.0,1.0,7.103288483282876e-250,0.805645839444104
731,rs56012561,G,A,1.0,1.0,9.333950190305969e-166,7.894314446521918e-08
732,rs56066148,A,G,1.0,2.4944390629242875e-11,8.519230042601315e-47,1.0
733,rs560807,A,T,1.0,1.0,0.0,2.0020509892047515e-12
734,rs56081954,T,G,1.0,1.8399803618253444e-08,2.6869233198348732e-21,1.0
735,rs561168,C,T,1.0,3.5385046963740195e-27,3.5805016887212085e-74,2.4791484269269334e-89
736,rs561437,T,C,1.0,7.422190881973706e-205,1.4788671849905025e-172,5.81108471160132e-123
737,rs56249281,T,C,1.0,1.0,2.924273790311213e-125,1.842244547200043e-06
738,rs56281756,A,G,1.0,0.0013470773269021207,0.04246322647079472,1.0
739,rs562992,T,G,1.0,9.641177955095859e-20,6.610337130921053e-63,4.098114776146995e-92
740,rs56345112,G,A,1.0,1.2867182541270152e-09,1.673019062598226e-170,3.644714374506334e-13
741,rs56366911,T,C,1.0,3.7468197658615817e-08,6.2166847580024245e-22,1.0
742,rs563877,A,G,1.0,1.0,1.7921357605338147e-34,1.0
743,rs565470,A,G,1.0,1.2462010661156377e-06,1.0,1.0
744,rs565510,C,T,1.0,1.0,1.0,1.0
745,rs566979,A,C,1.0,9.095811034426539e-08,3.959188725546181e-104,0.00010550330964739236
746,rs57014315,G,A,1.0,0.00010804465007371636,1.0,1.0
747,rs571979103,A,T,1.0,1.0,1.0,1.0
748,rs57225762,C,T,1.0,1.0,0.6553082699904954,1.0
749,rs57268081,A,C,1.0,1.0,2.2023800815226794e-24,1.0
750,rs572713,G,A,1.0,0.0014360109167347085,0.0002628986525598242,1.0
751,rs573928484,A,G,4.098532140476628e-29,3.994298319604682e-37,3.3608759001341826e-151,7.743350285788322e-51
752,rs574430,A,G,1.0,3.79941074827178e-25,0.13357641068026774,2.1578052030480002e-13
753,rs57541979,C,T,1.0,0.7526533462552938,0.13796794374605056,1.0
754,rs576210,C,G,1.0,1.0,1.8269889760221818e-49,1.0
755,rs578937,G,C,1.0,0.16661691596154632,0.0,1.995449237878251e-15
756,rs57930203,C,G,1.0,1.0,0.006364327601694472,1.0
757,rs57931605,T,C,1.0,0.7526533462552938,0.009489490932220719,1.0
758,rs58108667,T,C,1.0,1.9748323969700517e-12,2.0909421426814718e-79,0.0010323123876094017
759,rs58249067,C,T,1.0,0.00016550106764084778,3.908837593831462e-12,7.471390471894791e-06
760,rs58345886,C,T,1.0,1.0,5.672832744950905e-290,0.11572092325691251
761,rs583900,G,A,1.0,1.0,1.7363188913165952e-109,0.09011042394718748
762,rs58455864,T,C,1.0,1.0,3.9239343596778023e-45,1.0
763,rs585659,A,G,0.0004810081059396742,0.04595719614726368,1.1802784924960073e-149,9.052194731031458e-06
764,rs58683082,G,A,1.0,1.0,1.0,1.0
765,rs58715265,A,C,1.0,0.7650014409193067,1.0,1.0
766,rs587409,C,T,1.0,0.8663956713089781,3.00836929942526e-22,5.257676664072371e-06
767,rs587596,G,C,1.0,2.0281639597343566e-07,2.1812805036456184e-76,0.0005928531681689713
768,rs58775672,A,T,1.0,0.7526533462552938,0.009481859345006201,1.0
769,rs58783524,A,C,1.0,1.993847372610835e-06,9.876587228573983e-44,1.0
770,rs58988373,C,G,1.0,1.0,1.0,1.0
771,rs589985,G,A,1.0,1.0,6.76859283224626e-30,1.0
772,rs59054477,A,G,1.0,1.0,2.0019554372485263e-142,1.459177337494558e-11
773,rs591037,C,G,7.315758443633982e-05,1.0,3.365730951215795e-79,0.0019387403695815264
774,rs59245704,T,G,1.0,0.09549980528347661,1.0,1.0
775,rs593564,A,G,1.0,2.8915158340750726e-14,3.504432227917585e-20,1.0
776,rs594377,C,G,1.0,5.039081413827249e-05,0.00021237951796694208,1.0
777,rs59504364,A,G,1.0,1.0,1.0,1.0
778,rs59516573,C,T,1.0,0.771563945847901,1.0,1.0
779,rs595325,C,A,1.0,6.134285009752156e-125,1.0,1.0
780,rs59550488,C,T,1.0,1.0,6.866949942268043e-195,1.0
781,rs597060,T,C,1.0,1.0,1.5834569138591258e-104,1.0
782,rs59828072,T,G,1.0,1.0,0.5199112118534344,1.0
783,rs598819,A,G,1.0,4.563563034291269e-13,4.168765070635502e-226,0.0021820220801897668
784,rs598893,C,T,1.0,2.896868045526452e-53,1.6369626512669124e-104,1.1749984577183302e-08
785,rs599483,A,G,1.0,5.692168117918381e-31,1.0,3.7361226445492774e-13
786,rs599739,T,C,1.0,1.0,1.0,1.0
787,rs600892,C,T,1.0,0.9884284009230608,1.0,1.0
788,rs60232894,C,T,1.0,1.0,5.181368818800524e-05,0.0022584900023652713
789,rs604733,C,T,1.0,3.984817657112056e-12,1.8445002015500688e-66,1.0
790,rs605143,C,T,1.0,1.0,1.0,1.0
791,rs608628,G,A,1.0,1.0,2.544236473332649e-131,1.0
792,rs60970147,A,T,1.0,0.000264724158314947,1.0953835747817377e-40,2.517251859353408e-08
793,rs611586,T,A,1.0,1.0,0.006785293748129036,1.0
794,rs61187741,C,T,1.0,1.0,2.5609092963535927e-17,1.0
795,rs61302238,T,G,1.0,1.0,1.4582395926341534e-111,1.0
796,rs613116,A,C,1.0,1.0,0.15514490768287928,1.4654714362556148e-05
797,rs613415,T,C,1.0,1.0,3.3542504102107735e-60,1.0
798,rs613430,G,C,0.006111013313558339,1.0,0.2785301375062802,1.0
799,rs614282,T,C,1.0,3.4492584543464687e-08,5.967744571842816e-10,1.0
800,rs614786,G,A,1.0,0.1775958965803808,9.384074602281242e-09,1.0
801,rs615250,A,C,1.0,1.0,1.0,1.0
802,rs615687,G,A,1.0,1.0,2.6163268323804048e-64,1.0
803,rs615742,T,C,1.0,0.21586641180752025,1.0,1.0
804,rs61600176,T,C,1.0,1.0,1.371208150188071e-37,0.008946155794204286
805,rs616008,C,T,1.0,5.902923501043927e-07,1.4110509080991421e-30,4.4841371360884533e-13
806,rs616089,T,C,1.0,1.0,1.0,1.0
807,rs616466,T,C,1.0,0.01533385577919011,1.0,1.0
808,rs616468,T,G,0.3572112091669845,2.0841486909653657e-10,1.0,0.3059214770371685
809,rs617478,C,T,1.0,1.0,2.674783476524257e-21,1.0
810,rs61749897,A,G,1.0,1.0,1.0,1.0
811,rs61762468,G,C,1.0,4.521641429262687e-16,1.0,1.0
812,rs61826454,G,A,1.0,1.0,7.93529215713698e-15,1.0
813,rs61829762,A,G,0.0012779118014194554,1.0,1.4515528716025899e-58,1.0
814,rs61829763,G,A,1.0,1.0,0.4622211870040741,1.0
815,rs619152,A,G,1.0,2.9087293919094997e-19,1.0,0.2544011625284333
816,rs619197,T,C,1.0,1.0,1.0,1.0
817,rs61963269,G,A,1.0,1.0,1.0,1.0
818,rs61963270,A,G,1.0,1.0,4.298644739505019e-10,1.0
819,rs61963271,G,A,5.603366320159926e-07,4.383304916286335e-10,5.523304557442365e-294,1.0330743011240557e-14
820,rs61963272,A,G,5.390879594776157e-18,6.1225735094265745e-30,1.504625876802441e-124,1.462547944151958e-09
821,rs61963273,G,A,1.1692309705822112e-08,1.0430637279990145e-08,1.0318155114902464e-17,0.0014841034243464287
822,rs61963276,T,C,1.0,1.0,1.742846149914342e-40,0.422656496352082
823,rs61963280,G,A,1.6058999865802693e-39,4.232408545506391e-56,0.0,4.469521071609595e-59
824,rs61963290,T,A,1.0,1.0,1.52082633846948e-21,1.0
825,rs61963293,T,A,1.0,0.012175796878523465,1.0,1.0
826,rs61963295,T,C,1.0,3.5924762860989426e-08,7.252016227121404e-27,1.0
827,rs61963304,A,G,1.0,1.0,6.445433037775965e-41,0.008629140785762213
828,rs61963326,C,T,1.0,1.0,7.822125473901651e-63,1.1769032382310451e-05
829,rs61963327,C,G,1.0,1.0,2.7406129838126e-59,1.9719904199672638e-06
830,rs61963333,G,A,1.0,1.4064744825350864e-06,5.084805863670135e-129,2.4644518662608318e-05
831,rs61963337,G,A,1.0,0.22600664229049527,0.0008503588860616716,1.0
832,rs61963358,G,T,1.0,1.0,3.3534226530434727e-46,1.0
833,rs61964261,C,T,1.0,1.0,1.5582640169649856e-58,1.0
834,rs61964262,C,T,1.0,0.003394338308902709,1.0,1.0
835,rs61964980,C,T,1.0,1.0,4.9665864971332606e-79,0.0029567940030040224
836,rs620908,A,G,1.0,4.880647905768577e-36,4.1664574545225976e-103,7.083431239293136e-09
837,rs621006,T,C,1.0,5.240884218591733e-13,4.879995858397597e-154,3.1224928497797563e-12
838,rs62129798,G,A,1.0,0.001808862548487894,1.0,1.2939642744349987e-06
839,rs62129799,A,C,1.0,0.001808862548487894,1.0,1.2939642744349987e-06
840,rs62129827,C,T,1.0,0.005039446370321697,0.00012631871632397458,2.516167198450686e-06
841,rs62131031,G,A,1.0,0.007455767752144963,5.4513243521900874e-24,1.0
842,rs621504,G,T,1.0,0.0019835521027128118,0.3889916294818617,1.0
843,rs621929,A,G,1.0,0.002713956140989966,0.00046207606533032336,1.0
844,rs622253,A,T,1.0,1.0,3.9875157508890154e-05,1.0
845,rs622486,G,A,1.0,9.943737652932674e-79,1.1442236157126236e-45,4.098979122245984e-09
846,rs623157,A,C,1.0,0.03265461481148821,1.0,1.0
847,rs624388,A,C,1.0,1.0,3.795266416659352e-133,1.0
848,rs625000,C,T,1.0,0.009726219915111581,2.4738298306406195e-244,0.0015511348928202104
849,rs625053,C,A,1.0,0.7539420616212605,0.011326609807705916,1.0
850,rs62621208,G,C,1.0,1.0,4.1168451612774774e-167,7.926255207748959e-10
851,rs626444,T,C,1.0,0.030337634129427485,2.9046705011627857e-06,4.852683479059535e-30
852,rs626679,T,C,1.0,0.00015291778282741276,1.006223605123e-312,1.419451333053377e-05
853,rs626680,A,G,1.0,0.00044670690566011987,1.0327636293876806e-294,7.085611390208134e-05
854,rs627527,G,A,1.0,7.292448336309565e-05,0.005209846442865486,1.0
855,rs627603,G,A,1.0,0.22396460645914973,2.3900855104156158e-43,1.0
856,rs630487,C,T,1.0,1.0,7.162649819700093e-129,1.0
857,rs630943,A,G,1.0,1.0,1.0,0.00017235106429937632
858,rs631428,C,T,1.0,0.041441350120592545,0.006166288518340512,1.5149540745255056e-05
859,rs633133,T,C,1.0,1.0,1.0,1.0
860,rs635230,A,T,1.0,1.962673082046318e-15,1.3978447420229064e-49,1.0
861,rs636138,G,C,1.0,0.002754128237905298,5.1450344384089074e-82,3.610066803356786e-22
862,rs636762,C,T,1.0,1.0,1.6764787608169154e-144,1.0
863,rs637369,C,G,1.0,1.0,4.902722675144862e-93,1.0
864,rs637677,C,T,1.0,1.0,3.03931215329487e-24,1.0
865,rs638634,C,T,1.0,1.0,2.665063529410651e-29,1.0
866,rs639562,T,C,1.0,0.0001445500493954783,3.654872663157745e-127,1.0
867,rs639655,G,T,1.0,1.0,1.9873640256444666e-56,1.2502310215638816e-07
868,rs640112,T,G,1.0,1.0,4.265663493757083e-46,1.0
869,rs641314,T,C,1.0,1.0,1.4508565096332254e-85,0.0009108360870565324
870,rs641692,A,G,1.0,1.0,0.006785293748129036,1.0
871,rs644582,A,G,1.0,1.0,1.0,0.2402973159266196
872,rs645098,C,T,1.0,1.0,1.0099188666171183e-18,1.0
873,rs645114,C,G,1.0,0.00833938722905317,0.0007434757208577304,1.0
874,rs645511,A,G,1.0,1.6150656403715445e-17,6.781581509797636e-263,2.7741167685329473e-06
875,rs648031,G,A,1.0,1.0,6.086583132223465e-135,1.0
876,rs648243,A,G,1.0,1.0,1.0,1.0
877,rs648263,A,G,0.006824920125020503,1.0,5.823718473778113e-28,1.0
878,rs6484722,C,T,1.0,2.4286037386063594e-40,3.361588505523806e-14,1.0
879,rs648705,A,C,1.0,8.020992097971056e-19,1.8623153977241156e-102,4.377739039039808e-102
880,rs648735,A,G,1.0,2.4947372888613028e-08,2.2898255296762107e-86,0.00042811026002513905
881,rs649104,G,A,1.0,2.4947372888613028e-08,9.234466907226825e-85,0.00042811026002513905
882,rs6492246,C,T,1.0,4.532058402315338e-18,1.2138830404048315e-105,1.250093865017772e-97
883,rs6492247,T,C,1.0,0.7018440681362773,2.1239176933227027e-124,1.0
884,rs6492249,T,C,1.0,1.7143608264633732e-37,1.9333515884651304e-28,1.0
885,rs6492250,C,G,1.0,3.584509036276475e-08,4.844553732173365e-27,1.0
886,rs6492251,C,T,1.0,3.584509036276475e-08,4.933267272710056e-27,1.0
887,rs6492252,A,G,1.0,1.0250675263341862e-05,2.2030022105304582e-64,7.935998438571366e-50
888,rs6492253,C,T,1.0,2.2902362559161553e-12,2.8507830793323032e-133,1.0
889,rs6492254,T,C,1.0,1.0,1.0,1.0
890,rs6492255,C,T,1.0,8.310137122885513e-05,8.489111972405739e-113,0.015231657702817859
891,rs6492256,G,T,1.0,1.0,3.8695155110809654e-88,1.0
892,rs6492257,T,C,1.0,1.0,8.217963316384927e-48,2.2256417346021032e-05
893,rs6509361,T,A,1.0,0.9503407765429295,1.4361736608732952e-61,1.0
894,rs6509362,T,C,1.0,1.0,7.088487899824631e-73,4.326024638235645e-05
895,rs6509363,A,G,1.0,0.37341134549633265,1.6087416349116853e-47,1.0
896,rs6509364,T,C,1.0,1.0,1.6569179880833588e-15,1.0
897,rs6509365,A,G,1.0,0.03453064814232364,1.0,1.0
898,rs6509366,G,A,1.0,2.4933788243445626e-13,2.0052685116311447e-29,5.345927512559226e-26
899,rs6509367,G,A,1.0,1.0,1.116936881320185e-150,1.0
900,rs6509368,A,G,1.0,2.9395417536275356e-05,4.0456151875983223e-81,1.0
901,rs6517137,T,C,1.0,1.3995116837760274e-08,1.0482527047292595e-62,0.14563623881622706
902,rs652211,G,T,1.0,0.006188272120627021,4.000723102345368e-256,0.0005657030073797827
903,rs6541003,G,A,1.0,8.275766186501801e-48,1.6732663837455946e-39,0.5208738635406872
904,rs6541004,T,C,1.0,3.8038870487540566e-14,0.0,2.0476616976458647e-16
905,rs6541005,A,T,1.0,3.064663164321215e-09,3.0430911912185497e-84,0.08149974830890769
906,rs6541006,A,T,1.0,1.0,1.503431172267911e-184,1.0
907,rs6541328,A,G,1.0,9.751718827207305e-08,1.8220367731380828e-273,1.3938097416210843e-05
908,rs655676,A,T,1.0,1.0,1.0,1.0
909,rs656019,A,G,1.0,1.0,6.221562159132989e-163,0.3206032255483771
910,rs656034,G,A,1.0,1.72255440235623e-06,9.200882220387417e-25,1.0
911,rs660433,G,A,1.0,0.002009775711573852,1.0,1.0
912,rs660906,G,A,1.0,1.0,2.8805690480646975e-107,0.6527264759112925
913,rs662163,T,C,1.0,5.458224089466478e-06,6.331106303157694e-07,1.0
914,rs663853,G,A,1.0,1.0,1.3421334643686983e-09,1.0
915,rs664445,T,C,1.0,1.0,3.6476698762435966e-84,1.0
916,rs664532,T,C,1.0,2.0088443590214607e-18,6.55845281567399e-28,1.0
917,rs6657006,G,A,1.0,1.0,1.0,1.0
918,rs665713,A,G,1.0,3.241425905077428e-06,2.5196229397000676e-59,0.005822493230457528
919,rs6660955,A,G,1.0,1.0,1.771357446934258e-09,1.0
920,rs6661817,G,C,1.0,1.6066186801432098e-52,6.228471047871464e-169,0.008773198464361344
921,rs6662197,G,A,1.0,0.00019196857220629817,6.557020913838117e-139,1.0
922,rs6662726,C,T,1.0,1.0854784570582043e-09,8.642967332729086e-99,1.0
923,rs666338,G,C,1.0,0.02725314031640139,3.943197380312395e-216,0.0069571310233109826
924,rs6663784,G,A,1.0,0.01491055402732924,2.3964478294702427e-84,1.0
925,rs66656189,G,A,1.0,1.0,4.303301869579464e-67,1.0
926,rs6666488,A,G,1.0,1.0,3.0097039304371874e-11,1.0
927,rs6671074,G,A,1.0,5.644034029230199e-21,1.773761898470063e-17,1.0
928,rs667968,A,G,1.0,0.06764007785179091,4.146888511929272e-06,1.0
929,rs6680826,C,T,0.0007768599133852625,1.0,1.4101310476355273e-85,0.10082035476999875
930,rs668149,A,G,1.0,0.251888494122199,1.0382412316092148e-09,1.0
931,rs6687360,C,T,1.0,0.00019889014288835378,7.784203966827965e-69,1.0
932,rs668847,C,T,0.020106327933857828,1.0,9.328417112331029e-13,0.4854003655509104
933,rs668861,G,A,1.0,3.498230550426121e-06,1.0,1.0
934,rs6688646,T,A,1.0,0.00011732889292544487,3.068642201421444e-42,1.0
935,rs669400,A,G,1.0,1.0,1.0556775834718446e-56,1.0
936,rs66946803,G,A,1.0,1.0,5.932945120420047e-58,1.0
937,rs6700268,C,G,1.0,1.0,3.845335842187162e-149,1.0
938,rs670846,C,T,1.0,1.0,1.0,1.0
939,rs671633,G,A,1.0,1.0,4.568538142243723e-86,0.0011605626590918186
940,rs67188524,T,G,1.0,1.0,1.0,1.0
941,rs672204,T,G,1.0,1.0,1.5123878740714305e-128,1.0
942,rs672949,C,T,1.0,6.249809032934414e-82,1.0,1.0
943,rs675605,G,C,1.0,1.0,1.0,1.0
944,rs677877,A,G,1.0,1.1013942906993234e-12,7.357702115593252e-92,0.00022863368021556273
945,rs67802142,C,T,1.0,1.0459117474849538e-16,0.0,8.752185047208968e-14
946,rs678661,G,A,1.0,1.0,2.4955428837687507e-46,1.0
947,rs679062,C,T,1.0,0.975119668578808,9.452087450764379e-17,1.0
948,rs679097,G,A,1.0,0.02101012862019979,1.2578981681796186e-14,1.0
949,rs679248,T,A,1.0,1.841945683903189e-06,1.3056968467460934e-23,1.0
950,rs679450,G,C,1.0,1.0,2.951134529508481e-56,1.0
951,rs679505,T,C,1.0,1.0,7.209859677955322e-06,1.0
952,rs679958,T,C,1.0,0.6489438301543099,7.565394796864923e-10,8.45116518118271e-06
953,rs680484,G,T,1.0,1.0,1.0,1.0
954,rs68079483,G,A,1.0,8.001738956722681e-11,6.648519624243039e-52,1.0
955,rs680860,G,A,1.0,1.0,3.638676847315139e-85,0.0009219474719336795
956,rs681766,G,A,1.0,0.6413905748487755,9.441564085051521e-08,1.0
957,rs681777,G,C,0.005693050875356842,0.003107057516729839,2.5187972211173573e-171,2.2132487274565917e-12
958,rs681884,G,A,1.0,1.0,5.692082146214684e-174,0.06400361450584165
959,rs682470,A,C,1.0,1.0,8.366171371464117e-66,1.0
960,rs683309,T,C,1.0,0.1797409773703447,1.0,1.0
961,rs685884,G,A,1.0,1.0711125173004249e-36,0.019719621890927203,1.0
962,rs686642,C,A,1.0,4.017679352692142e-14,0.025558054038009325,1.0
963,rs686746,C,T,1.0,1.5154372106758866e-33,9.509974236063596e-10,1.0
964,rs687617,G,A,1.0,1.153710746927177e-09,3.4462966123434717e-59,0.00332338460406787
965,rs693119,G,A,1.0,1.0,1.1822700726499673e-97,1.5204496788001202e-18
966,rs693831,T,C,0.02200366492977729,1.0,1.922196749161027e-18,1.0
967,rs694225,A,G,1.0,2.487228448702648e-16,3.263590397014419e-58,2.760802269602531e-07
968,rs694543,G,A,1.0,1.0,1.5647226586122185e-11,1.0
969,rs699,A,G,1.0,8.455640129740826e-26,0.0,2.2485658328696926e-150
970,rs7079,G,T,1.0,0.3628615326489468,6.123451575439862e-154,2.334459097518528e-99
971,rs7080,T,C,1.0,1.0,2.4796001810965197e-55,1.0
972,rs7104301,A,G,1.0,1.0706652748322971e-06,8.035345660050539e-26,0.00010592044402495828
973,rs7109778,C,T,1.0,0.00023604988080778972,4.416541480738661e-40,0.0014853807610901823
974,rs7113917,A,G,1.0,5.1234113492961105e-40,9.536526456584201e-14,1.0
975,rs7120960,T,C,1.0,0.0006512877002641143,3.482707507803628e-24,1.0
976,rs71357807,T,C,1.0,2.7018344301681296e-06,7.938566193730262e-32,0.016541742269890372
977,rs71357810,G,A,1.0,0.0157943720667282,2.0373905843899814e-13,1.0
978,rs7139492,C,T,1.0,3.158496919249331e-51,1.0,1.0
979,rs71440054,T,A,1.0,0.08972593986013913,3.075789517660917e-45,0.6446009021132704
980,rs71440056,A,G,1.0,0.09455832535752487,1.0,0.7649736441645779
981,rs71441604,A,T,1.0,1.0,1.0,1.0
982,rs71441605,A,G,1.0,1.0,1.0,1.0
983,rs7246021,T,G,1.0,1.0,5.582820658319277e-181,1.3847117243072705e-10
984,rs7248574,A,C,1.0,0.00017596304982446138,0.1805893594657418,0.0001523365656682469
985,rs7249009,T,G,0.17237925907700632,0.6014333852723766,2.0902095736057634e-100,0.002499942673601321
986,rs7249075,A,G,1.0,2.1742165594053924e-06,4.8702173449348236e-30,0.08636987613609845
987,rs7249345,A,T,1.0,1.0,4.76885933098514e-127,1.0
988,rs7249785,G,A,1.0,2.1742165594053924e-06,1.0557258272651089e-32,0.08636987613609845
989,rs72509,G,T,1.0,1.0,4.540114432695306e-18,0.1272669917928417
990,rs7252898,G,A,1.0,1.0,4.7888198727900085e-30,1.0
991,rs7253718,G,A,1.0,1.0,4.794863355081982e-30,1.0
992,rs7254278,A,G,1.0,1.0,1.1177465832377529e-72,1.0
993,rs7254361,A,G,1.0,1.0,2.5482534119235284e-08,1.0
994,rs7255191,C,T,1.0,0.14549713646142007,4.0103918927627687e-233,1.0
995,rs7257449,G,A,1.0,0.0004756582663877599,1.0,1.0
996,rs7258674,A,G,1.0,1.0,1.0230578524422864e-15,1.0
997,rs7259037,C,G,1.0,1.976964243606945e-06,7.373061935720231e-34,0.08470604880802794
998,rs7259206,C,T,1.0,1.0,2.8581034162190375e-09,1.0
999,rs7259262,G,A,1.0,0.1445328312573076,1.664976371827391e-230,1.0
1000,rs72640221,G,A,1.0,1.0,1.0,1.0
1001,rs72652096,G,A,1.0,1.0,1.0,1.0
1002,rs72652097,G,A,1.0,1.0,1.0,1.0
1003,rs72654112,C,T,1.0,1.0,1.8772100980347182e-45,1.0
1004,rs72654162,C,T,1.0,1.0,4.689513104732065e-88,0.6676031320807837
1005,rs72655742,T,G,1.0,2.5563237174214363e-07,9.197983175246833e-69,2.522892619528463e-07
1006,rs73059198,G,A,1.0,1.0,3.442465235156995e-11,1.0
1007,rs73061210,T,C,1.0,1.0,1.40652403285772e-26,1.0
1008,rs73061248,C,A,1.0,0.002704899598475881,0.0001060291172222115,2.516167198450686e-06
1009,rs73102646,G,A,1.0,1.0,2.2144536997845292e-72,1.0
1010,rs73102660,C,T,1.0,1.0,2.8956571382591583e-178,1.0
1011,rs73102670,T,A,1.0,1.0,2.1075600529803818e-91,1.0
1012,rs73102673,T,C,1.0,1.0,1.0799047752972368e-125,1.0
1013,rs73102689,C,T,1.0,1.0,2.9292409576144464e-114,1.0
1014,rs73102693,A,G,1.0,1.0,2.9292409576144464e-114,1.0
1015,rs73102696,A,G,1.0,1.0,1.8636819734435507e-137,1.0
1016,rs73104603,G,T,1.0,1.0,6.363447521756351e-115,1.0
1017,rs73167652,A,G,1.0,1.0,3.209001883697697e-20,1.0
1018,rs7316984,G,A,1.0,0.0006391318667185242,1.0,1.0
1019,rs7317591,A,C,1.0,1.0,3.590609873119116e-20,0.003928446606613762
1020,rs7317784,C,T,1.0,7.894284021072846e-17,2.845393669505199e-56,6.702312630263491e-68
1021,rs7318128,A,G,1.0,2.321755662445687e-256,3.522835668380393e-55,6.649411499439553e-07
1022,rs7318694,A,G,1.0,1.0,1.0,1.0
1023,rs7319323,T,C,1.0,1.0,1.0,1.0
1024,rs7319995,T,C,1.0,1.170151133698999e-10,5.104390019447898e-54,1.0
1025,rs7320027,T,C,1.0,1.0,0.7364153584973774,1.0
1026,rs7320502,C,T,1.0,0.5111882496468977,1.6549876804582996e-213,4.416587578900465e-17
1027,rs7320618,T,C,1.0,1.7990779195295304e-06,5.642040814962885e-16,1.0
1028,rs7320799,G,A,1.0,1.0,7.823578991651682e-269,9.173525766683124e-17
1029,rs7324289,T,A,1.0,4.411648194452289e-08,5.5458852213215355e-27,0.010297217817763845
1030,rs7325512,C,T,1.0,0.6435468548177445,0.8214062559824553,1.0
1031,rs7326444,G,A,1.0,0.49268624995586996,0.14458596193852305,1.0
1032,rs7327728,A,T,1.0,1.1309231852280344e-08,0.0,1.2744682763396008e-16
1033,rs7329411,C,A,1.0,1.0,3.507717517394523e-13,1.0
1034,rs7330851,G,A,1.0,1.1031192335683927e-09,1.821461449921879e-08,2.257911188971496e-12
1035,rs7330914,C,A,1.0,0.5316144753933159,4.034196893891542e-59,1.0
1036,rs7331362,C,T,1.0,3.584509036276475e-08,4.933267272710056e-27,1.0
1037,rs7331702,G,A,1.0,1.0,1.0,1.0
1038,rs7332120,G,A,1.0,1.0,1.0,1.0
1039,rs7332235,A,G,1.0,4.758808251365243e-97,1.0,1.0
1040,rs7332643,T,C,1.0,3.598839246033129e-08,2.2536945133291133e-27,1.0
1041,rs7332644,T,C,1.0,3.598839246033129e-08,2.1944288442284845e-27,1.0
1042,rs7333008,T,C,1.0,0.7628616468425485,1.0,1.0
1043,rs7333204,T,C,1.0,0.3668850001204141,1.0,1.0
1044,rs7333277,G,A,1.0,8.215521513454783e-11,9.038857458127988e-41,1.1800882440196521e-11
1045,rs7337819,A,G,1.0,1.0,1.5175652437113351e-68,0.14130981743010307
1046,rs7338566,C,G,1.0,0.3476364790891644,3.4807235728675468e-06,1.0
1047,rs7338606,C,T,1.0,1.0708113654483457e-47,6.916274521576944e-07,1.3453314603666844e-10
1048,rs7359968,G,C,0.0004676567334826693,1.0,2.177550050585792e-09,1.0
1049,rs7359970,G,C,1.0,1.0,1.3092726765649936e-23,1.0
1050,rs7359978,G,A,1.0,0.0004057725889706235,6.846737368645057e-50,0.12359590092347723
1051,rs73611423,G,A,1.0,1.0,9.961460007218782e-29,1.0
1052,rs73615455,T,A,1.0,5.9307099080594495e-08,3.344485066203313e-81,0.0015433089095143197
1053,rs73617438,G,A,1.0,1.0,7.682173052550828e-08,1.0
1054,rs74124096,T,A,1.0,0.000989861287177644,3.8086951585186095e-102,0.07413601456728237
1055,rs7413111,C,T,1.0,1.0,3.949154319769667e-26,1.0
1056,rs743506,G,A,1.0,1.7955436601252089e-34,3.2547567083682583e-97,2.5593508984387897e-14
1057,rs743507,C,T,1.0,0.000545576827395522,0.13876411689767842,1.5951430926592032e-31
1058,rs74591016,A,C,1.0,2.066056296732242e-12,3.372437750687543e-64,2.5680893494562524e-24
1059,rs746771,G,A,1.0,0.004633741112761565,3.133447136460727e-29,6.1329962489728695e-18
1060,rs7508477,G,A,1.0,1.0,4.340052631559331e-26,1.0
1061,rs7508504,A,G,1.0,1.0,7.719773585733848e-34,0.046065624123653205
1062,rs7508683,A,G,1.0,1.0,0.004173258355709225,1.0
1063,rs75120287,C,T,1.0,1.0,1.061000647515259e-23,2.5061318966076634e-05
1064,rs7512987,C,T,1.0,1.0,9.464079905283306e-161,1.0
1065,rs7513707,G,A,1.0,9.492660640420529e-61,3.1303002905912863e-108,9.99911118947303e-07
1066,rs7515609,C,T,0.09106050682542981,2.746816578279835e-08,1.4295714465431686e-92,0.0009109441797236006
1067,rs7516620,A,G,1.0,1.0,7.618806569893447e-130,1.0
1068,rs751749,A,G,1.0,1.0,7.629509685270487e-42,1.0
1069,rs7518348,A,G,1.0,1.4937073429025307e-82,0.0,3.8099273392997585e-30
1070,rs7520847,T,C,1.0,1.0,1.0277135105861366e-210,1.0
1071,rs7523862,G,A,1.0,2.107212862651566e-70,1.9103912600752377e-170,0.008773198464361344
1072,rs7524189,A,G,1.0,1.0,1.2333067086367677e-120,1.0
1073,rs7524283,A,G,1.0,0.0001811198332230503,8.905548056576507e-148,0.23344550147166598
1074,rs7524292,T,G,0.31020430495239976,1.0,1.94768170209708e-196,4.1442815876822835e-05
1075,rs7526128,C,T,4.580154680430556e-06,1.0,1.5522611450462517e-13,1.0
1076,rs75273185,C,T,1.0,1.0,7.630746193364493e-13,1.0
1077,rs7527897,A,G,1.0,0.4715245497354927,3.557010767090664e-175,0.12382782219927589
1078,rs7533315,T,C,1.0,1.3942071605971263e-17,9.875773476886026e-10,1.0
1079,rs753482,C,A,1.0,1.806575860999895e-33,1.7514259088995952e-29,1.0
1080,rs7535669,G,C,1.0,7.997400108610012e-07,0.0,4.310033873586386e-08
1081,rs7536290,A,G,1.0,1.1829824151492102e-08,4.324572079253812e-132,6.2179328319094704e-61
1082,rs75372280,G,C,1.0,0.3576891964261535,2.2099425003062437e-11,1.0
1083,rs7537955,A,G,6.295418001841548e-05,1.0,2.525162372671253e-19,1.0
1084,rs7539013,C,T,1.0,0.7126126676464839,7.121891397336142e-22,1.0
1085,rs7539020,C,T,1.0,0.8574766442722042,3.58621025357612e-24,1.0
1086,rs754380,G,T,1.0,0.0033898457293318348,9.568529614880447e-121,5.173896514738268e-08
1087,rs754381,T,C,1.0,9.654580764924994e-38,2.28014105636292e-199,3.2820586490643934e-08
1088,rs7545331,G,C,1.0,1.2478345741792447e-12,0.0,1.4694647354310818e-14
1089,rs7548604,G,C,1.0,1.0,1.000864871602559e-124,0.011881380511747178
1090,rs754880,G,A,1.0,1.0,7.153617566465001e-05,1.0
1091,rs7549009,G,A,1.0,0.6733730200824933,6.878294154706489e-247,1.1767858650882183e-11
1092,rs7549179,G,C,1.0,1.0,2.1671323405518397e-277,0.2402640585130544
1093,rs7549200,G,C,1.0,1.0,1.985839266212783e-204,0.706113750767768
1094,rs7549689,G,C,1.0,1.0,2.485021212748756e-202,1.0
1095,rs7551720,G,A,1.0,1.9430787024360652e-41,2.9976959276004023e-83,7.879765815145116e-08
1096,rs7553194,G,A,1.0,1.0,1.0,1.0
1097,rs7553959,C,T,1.0,5.644034029230199e-21,2.48963537634818e-17,1.0
1098,rs7555237,C,A,1.0,1.0,2.422660390363555e-209,1.0
1099,rs7555336,C,T,1.0,1.0,1.8227247782921255e-202,1.0
1100,rs7555650,C,T,1.0,0.14568633549979385,9.253958610710689e-155,6.298190017590923e-35
1101,rs755879818,A,G,1.0,1.0,1.0,1.0
1102,rs75863835,A,G,1.0,1.0,2.1292341654534896e-128,1.0
1103,rs759965478,G,C,1.0,1.0,1.0,1.0
1104,rs76085932,C,T,1.0,1.0,1.0,1.0
1105,rs76143195,G,A,1.0,1.0,1.8331970915780919e-62,1.0
1106,rs762178,A,G,1.0,2.915387016686516e-39,9.03363498566947e-14,1.0
1107,rs76462321,C,T,1.0,1.0,1.0,1.0
1108,rs76519176,T,C,1.0,1.0,1.0,1.0
1109,rs76675954,G,A,1.0,1.0,1.503763563685361e-108,1.0
1110,rs76914504,G,T,1.0,1.0,1.0516901390316618e-110,1.0
1111,rs769217,C,T,1.0,3.0668554421637318e-86,1.5198272390072054e-13,1.0
1112,rs769218,G,A,1.0,1.1617597006575601e-32,7.847824603690793e-08,1.0
1113,rs77120970,G,A,1.0,1.0,1.0,1.0
1114,rs77152467,G,A,0.015385589341327112,1.0,4.1503742417237364e-72,0.012483545142522083
1115,rs77370634,C,T,1.0,1.0,0.0004382991448440586,1.0
1116,rs77585144,T,C,1.0,2.220894191553127e-10,1.0,2.231430002553752e-08
1117,rs7802307,T,A,1.0,0.11496955409027354,1.5197930539173436e-146,1.0
1118,rs7802308,T,A,1.0,1.7317588484756192e-10,4.2441935443670083e-36,0.03146273290791529
1119,rs78148419,A,G,0.01901857130128963,1.7440245053424085e-10,1.8538603058765015e-44,0.0389549585289259
1120,rs78231406,C,A,1.0,0.002921233249653827,2.042095113662225e-42,1.0
1121,rs7830,G,T,1.0,9.757308811790714e-30,2.2324529369795496e-39,2.09581343503086e-08
1122,rs78307164,G,A,1.0,8.172025337647111e-17,2.8732928535147303e-66,3.9225863674406597e-28
1123,rs78326356,G,A,1.0,1.0,0.00014238076863794905,1.0
1124,rs78983929,T,C,1.0,1.0,0.4622211870040741,1.0
1125,rs79071664,G,A,1.0,1.671726214161949e-14,2.0664114455106956e-70,3.7779114366678025e-27
1126,rs79086666,A,G,1.0,1.0,0.002842160138993434,1.0
1127,rs7928213,G,A,1.0,1.1846955426767725e-05,7.992270120741995e-08,1.0
1128,rs7933285,C,T,1.0,1.7688722639174183e-08,3.949345948104544e-29,1.2821366857231886e-44
1129,rs79334773,A,G,1.0,2.5298132438627723e-05,1.1917113928265144e-35,0.4786459416245446
1130,rs79421402,G,A,1.0,1.0,2.852511958437748e-92,1.0
1131,rs7943316,A,T,1.0,1.0,8.142254049627074e-72,0.0014217936514572202
1132,rs79467411,G,A,1.0,1.0,6.063025273584902e-21,1.0
1133,rs7947841,G,A,1.0,1.306013091407568e-17,1.0,1.0
1134,rs79557548,G,A,1.0,1.0,1.0,1.0
1135,rs796335793,A,G,0.017442729817731477,1.989738451208843e-11,5.403552413045021e-07,1.0
1136,rs79735808,T,C,1.0,0.002921233249653827,2.042095113662225e-42,1.0
1137,rs79757635,A,C,1.0,1.678133451381197e-07,1.7406053662093003e-47,1.0
1138,rs79767343,G,A,1.0,1.0,0.18777853728541108,1.0
1139,rs7981946,C,T,1.0,2.6418255177815117e-20,3.9463200936003156e-26,1.0
1140,rs7983081,A,G,1.0,4.3753065430184474e-13,7.335840732448784e-142,1.0
1141,rs7983906,G,A,1.0,8.223566847047197e-33,2.704346370039725e-197,0.5710134301652002
1142,rs7987099,C,T,1.0,0.0036290435393854545,5.679590382906056e-42,1.0
1143,rs7987982,T,C,1.0,1.2329678321754477e-231,2.0472186147126887e-176,1.587611313100641e-190
1144,rs7989246,C,T,1.0,3.6223421011940066e-08,1.5640735867316382e-26,1.0
1145,rs7990499,G,A,1.0,6.358583715736697e-12,1.6251252866791946e-27,1.0
1146,rs7991407,G,A,1.0,1.658157866323965e-11,5.71907038387818e-144,1.4169405021153414e-07
1147,rs7992790,A,G,1.0,1.0,2.1454436185049956e-104,2.094571556273751e-19
1148,rs7993601,G,A,1.0,4.577343121557885e-05,1.022914e-318,6.890008112354998e-06
1149,rs7994104,G,A,1.0,3.3811125710550046e-08,9.401417637736574e-59,0.0009818179061065414
1150,rs7994305,C,A,1.0,1.0,1.472390586551279e-51,3.163756060875578e-32
1151,rs7995509,C,T,1.0,3.584509036276475e-08,2.4036758595785935e-27,1.0
1152,rs7995601,A,G,1.0,3.584509036276475e-08,3.1391861768441506e-27,1.0
1153,rs7996767,A,G,1.0,1.0,2.2065976913767475e-06,1.0
1154,rs7996908,T,G,1.0,3.584509036276475e-08,4.933267272710056e-27,1.0
1155,rs7996925,C,T,1.0,0.031919981491585286,1.0,0.055524181415433166
1156,rs7999378,T,C,1.0,1.2138624062975094e-10,8.647415990079972e-54,1.0
1157,rs7999607,T,C,1.0,1.2138624062975094e-10,4.730980584958123e-58,1.0
1158,rs7999677,T,C,1.0,1.0,1.0,1.0
1159,rs7999678,T,C,1.0,1.0,1.0,1.0
1160,rs8002698,C,T,1.0,1.5024925677266464e-22,6.890476625800325e-196,8.617621759529991e-08
1161,rs80249360,T,C,1.0,1.0,3.5495922255815173e-32,1.0
1162,rs80280017,G,A,1.0,1.0,6.874181419763459e-21,1.0
1163,rs8105324,G,A,1.0,1.0,2.8957021593988275e-159,1.3043699980923123e-10
1164,rs8105702,C,G,1.0,1.0,2.6230409042295272e-110,1.0
1165,rs8106561,G,A,1.0,1.0,9.109999088592022e-07,1.0
1166,rs8106618,T,C,1.0,1.0,2.195413323122382e-109,1.0
1167,rs8107793,G,C,1.0,1.0,8.14666706278546e-31,0.032388766936716974
1168,rs8108014,G,A,1.0,1.0,6.65091878525189e-160,3.661897652376161e-10
1169,rs8110489,G,A,1.0,1.0,2.7399589692357594e-148,1.6258290215286153e-07
1170,rs8113696,C,G,1.0,0.003014942766786714,8.310031042215008e-32,1.0
1171,rs868014,A,G,1.0,7.572162170018954e-12,0.0,4.380666405025868e-10
1172,rs874203,T,A,1.0,1.0,4.1377067538902964e-13,1.0
1173,rs874204,C,T,1.0,1.0,3.626894926300829e-13,1.0
1174,rs891511,G,A,1.0,1.0,2.0980187345663839e-106,0.66587108730129
1175,rs891512,A,G,1.0,1.728237314158743e-07,6.962724193371401e-152,9.772354899400857e-17
1176,rs903351,A,G,1.0,6.684255406520116e-08,4.010988096899341e-136,2.9989227947067664e-10
1177,rs903352,A,C,1.0,7.740693775720298e-32,3.71992373563835e-32,1.3212425837461452e-49
1178,rs903353,A,T,1.0,0.0008185371198282202,5.80489066051288e-26,0.009330242106628356
1179,rs903354,G,T,1.0,1.0,9.314619857166625e-13,4.411565774208118e-06
1180,rs903355,G,A,1.0,6.103213169731655e-66,0.0,3.1523901715044365e-301
1181,rs913745,T,A,1.0,1.0,9.778494328599788e-38,1.0
1182,rs923945,C,G,0.14204482888035921,1.0,3.405323691060254e-33,1.0
1183,rs923946,C,T,1.0,4.132431492394982e-302,1.3341540207530267e-66,9.051329934249193e-07
1184,rs9301432,G,A,1.0,1.9737676299956402e-09,3.273902471121761e-06,1.3222736157493245e-13
1185,rs9301436,G,A,1.0,1.4668544677423643e-10,1.7525816507174695e-12,2.803121314793656e-06
1186,rs9301441,C,T,1.0,1.5763873994981394e-24,7.145263669044738e-146,7.991788024147752e-14
1187,rs9301442,T,C,1.0,1.0,4.8403122451681384e-31,0.0034433721714053297
1188,rs9301443,T,C,1.0,3.2452720332069426e-14,3.048983789854966e-175,0.5032668091307039
1189,rs9301444,T,A,1.0,1.0,1.6630370303467478e-145,1.0
1190,rs9301445,C,T,1.0,1.0,6.090125650110956e-52,9.321326255962221e-07
1191,rs9304675,G,C,1.0,0.00031990892898565315,1.9390134299675888e-28,1.0
1192,rs943580,G,A,1.0,0.826660045140194,0.0,9.679149277061142e-154
1193,rs9515157,T,A,1.0,0.00044198622251580776,9.199898282076057e-11,0.1076756918593314
1194,rs9515159,G,A,1.1524474288978866e-60,1.1549854785794713e-40,0.0,1.7550143962553498e-48
1195,rs9515160,A,G,1.0,1.0,1.0247803615003805e-12,0.21833769881482132
1196,rs9515161,T,C,1.0,1.0,1.6116350625239585e-15,1.0
1197,rs9515162,C,T,1.0,2.9504662860782483e-34,9.938303726754989e-58,5.949337157580186e-06
1198,rs9515163,A,G,1.0,1.0,1.5100291927363566e-82,1.0
1199,rs9515165,A,G,0.0030774631646469743,0.01977319540361638,1.0,0.07858703605198746
1200,rs9515166,C,T,1.0,1.0,0.00020105624444936764,1.0
1201,rs9515167,G,A,1.0,9.443213685613246e-21,9.01870769574185e-64,0.7478899534119257
1202,rs9515168,T,G,1.0,1.0,1.0101564013467675e-23,6.573598422927355e-24
1203,rs9515169,G,A,1.0,1.0,2.7699307881843877e-27,1.0
1204,rs9515170,C,T,1.0,1.0,1.2255816294824165e-51,8.295914201343667e-36
1205,rs9515173,T,C,1.0,1.0,6.837349430510101e-12,1.0
1206,rs9515176,A,G,1.0,0.0007684843134646712,5.709890913814228e-54,1.0
1207,rs9515177,G,A,1.0,1.0,3.187404840081242e-43,1.0
1208,rs9515179,G,A,1.0,2.0532376184290026e-10,6.209765868082776e-92,4.827187960776407e-13
1209,rs9515182,G,A,1.0,0.0030524748742095653,1.4260323835430826e-17,1.0
1210,rs9515183,T,C,1.0,2.735174095519543e-06,7.597432952707108e-113,7.981578027592326e-12
1211,rs9515184,A,G,1.0,0.00016793491573704745,1.5326344280028948e-103,7.182592849971394e-12
1212,rs9515185,C,G,1.0,0.00022769179065851433,5.038937829446685e-53,3.422165291915022e-05
1213,rs9521623,A,C,1.0,7.767353380519037e-76,4.827211149285562e-12,7.909953790906735e-09
1214,rs9521625,C,T,1.0,1.5363502987209912e-05,1.5931310526666837e-18,0.005493006960141895
1215,rs9521629,A,G,1.0,0.05805671690186825,1.0,1.0
1216,rs9521632,T,C,1.0,1.0,1.1380537554256157e-13,1.0
1217,rs9521633,T,C,1.0,1.0,3.696570207297278e-38,1.0
1218,rs9521635,T,C,1.0,1.0,0.49716717527834126,1.0
1219,rs9521637,T,C,1.0,0.0080687636945311,1.1631939463682166e-14,1.0
1220,rs9521638,A,G,1.0,1.0,7.02901291620714e-10,1.0
1221,rs9521641,C,G,1.0,1.0,2.6058243196636878e-86,0.0023684959204533476
1222,rs9521642,G,A,1.0,1.0,2.167016469744549e-89,2.0045385958506457e-49
1223,rs9521643,A,G,0.064240997745168,0.04252809234927967,9.705321272155588e-18,1.0
1224,rs9521644,C,A,1.0,1.0,5.261161961101473e-23,1.0
1225,rs9521645,G,T,6.745450854959404e-08,8.896198978516228e-09,1.6528209094431915e-163,5.468863368536264e-19
1226,rs9521646,G,A,1.0,1.4338104028528156e-06,7.589007322226413e-59,0.04900457793007031
1227,rs9521647,T,C,1.0,2.6182991182216266e-08,1.3773446299159876e-85,0.00044188843216212296
1228,rs9521648,G,A,1.0,2.6182991182216266e-08,1.3773446299159876e-85,0.00044188843216212296
1229,rs9521649,G,A,1.0,1.0,2.9786747830476244e-31,1.0
1230,rs9521650,G,A,1.0,2.2482757977395446e-16,2.3248558038235484e-18,1.0
1231,rs9521653,A,G,1.0,1.0,5.416790145843222e-15,1.0
1232,rs9521654,A,G,1.6058999865802693e-39,4.232408545506391e-56,0.0,4.469521071609595e-59
1233,rs9521655,A,G,1.0,2.0428522062624876e-05,1.0,1.0
1234,rs9521658,T,C,1.0,0.34357176879466217,3.479349657864091e-78,0.0005149146124697599
1235,rs9521660,G,A,1.0,1.0,3.0673373599887746e-18,1.0
1236,rs9521664,T,C,1.0,0.16261690628708694,1.9094281462018146e-11,1.0
1237,rs9521665,A,G,1.0,1.0,1.8344773653854966e-98,0.004934629367849343
1238,rs9521666,A,G,1.0,1.0,8.018423931156593e-86,6.725535068885611e-25
1239,rs9521671,C,T,1.0,2.278008477179654e-11,1.7994716375971857e-100,0.6409484050110138
1240,rs9521672,C,T,1.0,1.5420785622412638e-06,1.4008321476728051e-70,1.0
1241,rs9521673,C,T,1.0,1.0,1.0,1.0
1242,rs9521676,C,T,1.0,1.0,8.118415726360897e-84,0.00025064142597541327
1243,rs9521677,C,T,1.0,1.4006148508236807e-13,1.6636923257712314e-109,3.2851709285978086e-16
1244,rs9521678,T,C,1.0,0.0006391318667185242,1.0,1.0
1245,rs9521685,G,C,1.0,1.0,5.752744328072188e-69,1.0
1246,rs9521686,T,C,1.0,1.0,1.0,1.0
1247,rs9521687,C,A,1.0,2.599537134744587e-15,2.058341202601276e-11,0.09543310408148742
1248,rs953386,T,C,1.0,9.181368634438183e-62,9.990719523304552e-144,2.2092659940121225e-20
1249,rs9555677,G,A,1.0,1.0,3.4078286493845306e-216,1.0
1250,rs9555679,T,C,1.0,0.018586570717085225,2.359759449666702e-44,1.0
1251,rs9555680,T,C,1.0,2.3189668398595612e-06,6.952422662872464e-58,1.0
1252,rs9555682,A,G,1.0,2.1901202153828587e-91,1.194984935133e-311,8.18249650796187e-153
1253,rs9559744,C,T,1.0,0.012741938236168919,4.107258405637536e-23,1.0
1254,rs9559745,T,C,1.0,1.0,8.713382109375683e-106,0.15563610906367337
1255,rs9559749,G,A,1.0,1.0,7.83875457555317e-22,1.0
1256,rs9559753,C,T,1.0,1.88179554929213e-14,1.365027376818604e-122,6.06422447974797e-20
1257,rs9559755,G,C,1.0,1.868085043661393e-11,0.7254482642413403,1.0
1258,rs9559757,C,T,1.0,0.0017183429206495588,1.8347210638317128e-40,1.0
1259,rs9559758,C,T,1.0,5.687474880188101e-07,0.12038363597906399,1.0
1260,rs9559759,C,T,1.0,0.0002993141394246463,9.594129745000638e-18,1.0
1261,rs9559761,G,A,1.0,3.503741900698984e-32,1.126712267813889e-228,1.2922189768444313e-28
1262,rs9559762,A,G,1.0,0.08031728130334444,1.1332697255262189e-169,0.05488503707029588
1263,rs9559763,C,T,1.0,2.473083842723915e-15,0.0,5.168919791429284e-17
1264,rs9559764,A,G,1.0,1.703658502640679e-52,0.0,7.746620772384293e-23
1265,rs9583467,A,G,1.0,0.0031459634626262965,1.0,1.0
1266,rs9583474,A,C,1.0,1.2650403032622283e-10,5.538119918006119e-40,1.0
1267,rs958521,A,C,1.0,2.1261581508307787e-09,3.4541360612522157e-236,0.00010332141646727231
1268,rs9588107,G,A,1.0,3.209842336226812e-22,0.09963930857977787,1.0
1269,rs9588108,C,G,1.0,1.0,0.03695211822539583,1.0
1270,rs9588109,A,C,1.0,1.0,3.7346565802788934e-46,3.7401800563939905e-05
1271,rs9588112,C,T,1.0,1.0,1.716719030768668e-117,0.0010469815239375418
1272,rs9588117,C,T,1.0,1.0,1.0,1.0
1273,rs9588120,T,C,1.0,0.00918703114605452,1.0,1.0
1274,rs9588121,A,T,1.0,0.00018238679997227718,8.86080615492837e-09,1.0
1275,rs9588125,T,C,1.0,1.0,6.58079315455242e-08,1.0
1276,rs9588128,A,C,1.0,1.0,3.044680431762491e-105,0.0017507989886350697
1277,rs9588131,G,A,1.0,6.777040983444633e-16,2.0563695189005167e-41,1.0
1278,rs9634591,A,G,1.0,1.590715884924411e-14,2.885324517236134e-60,1.0
1279,rs9651118,T,C,1.0,1.3216860221094074e-146,2.631248725533538e-153,3.2483556823765415e-172
1280,rs9670769,G,A,1.0,1.0,3.3652712061945906e-08,1.0
1281,rs9676777,G,A,1.0,1.0,2.5628543809369734e-08,1.0
1282,rs9676812,T,A,1.0,1.0,4.3867036253175356e-10,1.0
1283,rs9676826,T,C,1.0,1.0,2.031360944460444e-08,1.0
1284,rs971173,G,T,1.0,1.0850652396185259e-80,0.0,1.6641110821474456e-253
1285,rs972800,T,G,1.0,9.012311571049365e-49,0.0,6.131497651248025e-138
1286,rs9803877,T,A,1.0,1.0,1.0638722998846122e-173,1.0
1287,rs9804147,G,A,1.0,1.0,9.681801246421562e-205,1.0
1288,rs9804153,G,T,1.0,1.0,1.905866622976027e-193,1.0
1289,rs9805362,G,A,0.00010717688015750456,6.495899088998768e-19,0.0,1.3184470115731429e-08
1290,rs9805608,T,C,1.0,1.0,3.621684050443654e-58,2.6925819205373794e-13
1291,rs995223,T,C,1.0,2.3052985363619004e-51,5.250042125656706e-46,4.926804396027404e-09
1292,rs995224,A,G,1.0,0.0011192761786347697,0.576051105803795,0.12981171606207434
1293,rs9982080,G,T,1.0,1.0,0.06467522563853298,1.0
