CHROM,ID,REF,ALT,AFR_ac,AFR_tc,POS
1,chr1:113894126A-G,A,G,1,1220,113894126
1,rs555477197,G,A,0,1220,113894161
1,rs761650102,G,A,0,1220,113894190
1,rs192127945,C,T,0,1220,113894191
1,rs541390447,T,G,0,1220,113894221
1,chr1:113894230G-T,G,T,0,1220,113894230
1,rs564341222,G,C,0,1220,113894240
1,rs35370960,G,C,0,1220,113894257
1,chr1:113894304A-G,A,G,0,1220,113894304
1,rs374836007,T,C,0,1220,113894308
1,rs10745340,T,C,76,1220,113894348
1,rs116244691,G,A,23,1220,113894383
1,chr1:113894388A-G,A,G,0,1220,113894388
1,rs549082532,G,A,0,1220,113894400
1,rs572077784,AAGAT,A,0,1220,113894430
1,rs11102695,C,T,200,1220,113894438
1,rs528194253,G,A,1,1220,113894439
1,rs183581108,T,C,0,1220,113894446
1,rs146607741,T,G,0,1220,113894450
1,rs188516142,C,A,0,1220,113894484
1,chr1:113894497C-T,C,T,1,1220,113894497
1,chr1:113894556A-G,A,G,0,1220,113894556
1,rs550102508,C,A,1,1220,113894602
1,rs569899968,T,C,3,1220,113894665
1,rs535682601,G,C,0,1220,113894677
1,rs12076115,A,G,65,1220,113894764
1,rs566133554,T,C,0,1220,113894808
1,chr1:113894818A-T,A,T,0,1220,113894818
1,chr1:113894979A-G,A,G,0,1220,113894979
1,rs192845390,C,G,5,1220,113895048
1,rs558088187,A,G,0,1220,113895054
1,rs79050956,T,C,0,1220,113895085
1,rs543728602,C,T,1,1220,113895097
1,chr1:113895105A-C,A,C,1,1220,113895105
1,rs564093511,G,A,0,1220,113895129
1,rs145170032,C,T,1,1220,113895134
1,rs199879996,G,A,0,1220,113895135
1,rs79922740,C,T,1,1220,113895157
1,rs201156296,A,C,0,1220,113895212
1,chr1:113895229G-C,G,C,0,1220,113895229
1,rs528147130,C,T,0,1220,113895277
1,rs146869083,G,A,5,1220,113895278
1,rs184266726,C,T,0,1220,113895339
1,rs530459127,G,A,0,1220,113895384
1,rs186623784,C,G,0,1220,113895391
1,rs201876159,T,C,0,1220,113895417
1,rs569988158,A,G,0,1220,113895426
1,rs148748734,A,C,2,1220,113895442
1,rs549517422,A,C,0,1220,113895446
1,rs17031980,G,C,0,1220,113895501
1,rs191473244,T,C,0,1220,113895511
1,chr1:113895546G-GT,G,GT,0,1220,113895546
1,rs74594243,T,C,0,1220,113895554
1,rs183947846,T,C,0,1220,113895590
1,chr1:113895615G-A,G,A,1,1220,113895615
1,rs537468293,G,A,0,1220,113895620
1,rs150096213,A,T,0,1220,113895622
1,rs79561229,C,T,0,1220,113895626
1,rs111830978,T,C,29,1220,113895672
1,rs553085946,G,A,1,1220,113895711
1,rs573000254,G,A,0,1220,113895744
1,rs545072287,A,G,0,1220,113895760
1,rs190617142,C,T,0,1220,113895763
1,rs530540257,C,T,0,1220,113895801
1,rs34778731,G,A,0,1220,113895824
1,rs114734921,T,C,0,1220,113895826
1,rs529495094,A,G,0,1220,113895992
1,chr1:113896057T-C,T,C,0,1220,113896057
1,rs549455348,C,T,0,1220,113896078
1,rs138381914,T,C,0,1220,113896090
1,chr1:113896099G-A,G,A,0,1220,113896099
1,rs182222093,T,C,0,1220,113896162
1,rs185211289,C,A,5,1220,113896177
1,rs571743203,T,C,1,1220,113896219
1,rs147573619,C,A,0,1218,113896271
1,rs550954180,T,C,0,1220,113896288
1,rs149272848,G,T,0,1220,113896305
1,chr1:113896309G-A,G,A,0,1220,113896309
1,rs536544853,G,A,1,1220,113896310
1,rs1217401,A,G,973,1220,113896329
1,chr1:113896375T-G,T,G,0,1220,113896375
1,rs114201291,A,G,0,1220,113896403
1,chr1:113896435C-A,C,A,1,1220,113896435
1,chr1:113896464C-G,C,G,0,1220,113896464
1,rs538425977,A,G,0,1220,113896481
1,chr1:113896528TAGAC-T,TAGAC,T,1,1220,113896528
1,rs558730980,C,T,0,1218,113896532
1,rs574952423,G,A,0,1220,113896560
1,rs190038360,G,A,0,1220,113896572
1,rs560540860,C,T,0,1220,113896613
1,chr1:113896620T-C,T,C,2,1220,113896620
1,rs6695260,T,C,45,1220,113896625
1,rs543293522,C,T,0,1220,113896629
1,rs559826385,C,T,0,1220,113896657
1,rs181092653,G,A,0,1220,113896662
1,rs185479399,A,G,0,1220,113896671
1,rs565489596,A,G,0,1220,113896718
1,rs138130736,G,T,0,1220,113896774
1,rs539695992,T,G,0,1220,113896790
1,rs551142192,G,C,0,1220,113896826
1,chr1:113896832T-C,T,C,1,1220,113896832
1,chr1:113896866G-A,G,A,0,1220,113896866
1,rs6703981,G,T,64,1220,113896868
1,chr1:113896871C-T,C,T,0,1220,113896871
1,rs536278093,G,A,0,1220,113896882
1,rs1310183,T,C,980,1220,113896900
1,rs569946556,C,T,0,1220,113896909
1,rs189551248,G,A,2,1220,113896910
1,chr1:113896935G-C,G,C,0,1220,113896935
1,chr1:113896939TTCGAGA-T,TTCGAGA,T,0,1220,113896939
1,rs180831227,G,A,0,1220,113896942
1,chr1:113896947C-T,C,T,0,1218,113896947
1,chr1:113896948A-G,A,G,0,1220,113896948
1,rs186070213,T,C,0,1220,113896959
1,rs147187388,G,A,20,1220,113896972
1,rs554282079,G,A,1,1220,113897010
1,rs574075714,A,G,0,1068,113897045
1,chr1:113897057T-A,T,A,0,1114,113897057
1,rs148281947,A,C,1,1178,113897063
1,rs192226565,G,A,6,1146,113897075
1,rs573418732,G,A,0,972,113897085
1,rs141339343,A,G,33,1052,113897113
1,chr1:113897133ACT-A,ACT,A,0,226,113897133
1,rs5777170,C,CAAAAAAAA,897,1184,113897142
1,chr1:113897142C-A,C,A,99,1184,113897142
1,chr1:113897142C-CA,C,CA,0,1184,113897142
1,chr1:113897142C-CAAA,C,CAAA,0,1184,113897142
1,chr1:113897142C-CAAAAA,C,CAAAAA,1,1184,113897142
1,chr1:113897142C-CAAAAAA,C,CAAAAAA,6,1184,113897142
1,chr1:113897142C-CAAAAAAA,C,CAAAAAAA,31,1184,113897142
1,chr1:113897142C-CAAAAAAAAA,C,CAAAAAAAAA,120,1184,113897142
1,chr1:113897142C-CAAAAAAAAAA,C,CAAAAAAAAAA,15,1184,113897142
1,chr1:113897142C-CAAAAAAAAAAA,C,CAAAAAAAAAAA,0,1184,113897142
1,chr1:113897142CA-C,CA,C,0,1184,113897142
1,chr1:113897142CAAA-C,CAAA,C,0,1184,113897142
1,rs71578798,C,CAA,1,1184,113897142
1,chr1:113897158G-A,G,A,1,388,113897158
1,chr1:113897159T-A,T,A,0,190,113897159
1,rs377465170,C,T,0,1158,113897204
1,rs75414554,T,A,30,1202,113897223
1,chr1:113897227T-C,T,C,0,1176,113897227
1,rs183948434,T,C,1,1214,113897275
1,rs745824884,C,T,0,1220,113897312
1,rs561339933,G,A,0,1220,113897316
1,chr1:113897330G-A,G,A,1,1220,113897330
1,rs530226469,G,A,2,1220,113897378
1,chr1:113897406C-T,C,T,0,1220,113897406
1,rs758021469,T,C,0,1220,113897494
1,rs188562504,G,C,0,1220,113897504
1,rs191603593,G,A,2,1218,113897536
1,rs144302671,C,T,0,1220,113897550
1,rs376491508,GCAAAA,G,15,1220,113897591
1,chr1:113897599A-G,A,G,0,1220,113897599
1,rs369944490,G,C,3,1220,113897614
1,rs1217402,C,G,1135,1220,113897636
1,rs568692533,G,A,0,1220,113897655
1,chr1:113897658G-A,G,A,0,1220,113897658
1,rs80273836,A,G,0,1220,113897675
1,chr1:113897708T-G,T,G,0,1220,113897708
1,rs140140139,T,C,0,1220,113897767
1,rs76982396,G,A,0,1220,113897784
1,rs374409631,C,T,0,1220,113897794
1,rs79364253,G,C,0,1220,113897826
1,rs759742089,G,T,0,1220,113897870
1,rs553444896,G,C,1,1220,113897895
1,rs200590674,C,T,0,1220,113897898
1,rs375374905,G,A,1,1220,113897920
1,rs145803736,C,T,1,1220,113897925
1,rs149016907,T,C,4,1220,113898055
1,rs182537012,G,A,0,1218,113898064
1,rs142952317,A,T,27,1220,113898144
1,rs114563260,T,C,19,1220,113898165
1,rs151146380,A,T,0,1220,113898171
1,rs187129547,A,G,0,1220,113898200
1,rs560275108,G,C,0,1220,113898210
1,chr1:113898221G-C,G,C,0,1220,113898221
1,rs191932322,T,A,0,1220,113898288
1,chr1:113898288T-C,T,C,0,1220,113898288
1,rs140060478,T,G,0,1220,113898297
1,rs568786252,T,C,1,1220,113898310
1,rs531519600,T,C,6,1220,113898401
1,chr1:113898434T-C,T,C,1,1220,113898434
1,rs547942755,C,T,0,1220,113898447
1,rs568250358,A,G,0,1220,113898451
1,chr1:113898458G-A,G,A,0,1220,113898458
1,rs533648913,A,G,1,1220,113898516
1,rs553872599,A,G,0,1220,113898624
1,rs146963403,A,G,0,1220,113898626
1,chr1:113898661T-C,T,C,0,1220,113898661
1,rs539412538,T,C,0,1220,113898666
1,rs780206804,C,CA,0,1216,113898682
1,rs556210584,A,C,0,1218,113898683
1,rs770112076,C,A,0,1220,113898691
1,rs145182838,T,C,16,1220,113898727
1,rs544923173,T,C,0,1220,113898734
1,rs370213016,C,A,0,1220,113898798
1,rs575015032,T,C,0,1220,113898830
1,rs560661355,C,A,0,1220,113898867
1,rs538023610,A,C,3,1220,113898891
1,rs369298592,T,TA,39,1100,113898903
1,chr1:113898903TAA-T,TAA,T,1,1100,113898903
1,chr1:113898903T-TAA,T,TAA,0,1100,113898903
1,rs193216819,T,G,0,1212,113898991
1,rs545760323,T,C,0,1214,113899001
1,rs570863552,T,C,0,1220,113899054
1,rs531457006,T,C,0,1220,113899065
1,rs548126196,T,C,0,1220,113899081
1,rs561725704,A,G,0,1220,113899104
1,chr1:113899104AC-A,AC,A,0,1220,113899104
1,chr1:113899108T-A,T,A,0,1220,113899108
1,rs142048339,T,A,0,1220,113899114
1,rs547155591,G,A,0,1220,113899148
1,rs146037276,C,T,0,1220,113899151
1,rs185641630,C,A,1,1220,113899207
1,rs190053939,C,T,0,1220,113899220
1,rs138585932,C,T,5,1220,113899252
1,rs538527262,T,C,0,1220,113899257
1,chr1:113899266A-G,A,G,0,1220,113899266
1,chr1:113899325A-G,A,G,0,1220,113899325
1,chr1:113899346AAAAAGT-A,AAAAAGT,A,2,1220,113899346
1,rs149324850,T,G,26,1220,113899372
1,rs574910795,G,A,1,1220,113899376
1,chr1:113899382G-T,G,T,0,1220,113899382
1,rs181574067,A,G,0,1220,113899388
1,rs528954630,G,C,0,1220,113899418
1,rs144579267,G,C,6,1220,113899434
1,rs79496935,G,A,65,1218,113899465
1,rs562540610,T,C,0,1220,113899503
1,rs576070956,C,T,0,1220,113899584
1,rs541742453,T,G,0,1220,113899589
1,rs553758220,G,A,0,1220,113899593
1,rs562044729,T,C,0,1220,113899600
1,rs112963105,A,G,2,1220,113899607
1,rs527606351,T,C,0,1220,113899615
1,chr1:113899624A-T,A,T,0,1220,113899624
1,rs148090782,T,C,29,1220,113899674
1,chr1:113899716C-CA,C,CA,0,1186,113899716
1,rs564128555,A,C,2,1216,113899725
1,chr1:113899726C-CA,C,CA,0,1210,113899726
1,rs533056625,A,C,0,1216,113899732
1,rs3838300,C,CA,68,1210,113899733
1,chr1:113899733C-CAA,C,CAA,0,1210,113899733
1,rs184472467,T,C,0,1220,113899762
1,rs569651928,G,A,0,1216,113899798
1,rs78665702,A,G,45,1220,113899806
1,rs548721980,A,G,0,1220,113899891
1,rs143389123,G,A,0,1220,113899936
1,rs534237530,T,A,0,1220,113899949
1,rs142732858,G,A,0,1220,113900050
1,rs149335605,A,T,1,1220,113900051
1,rs539537405,A,G,0,1220,113900057
1,rs533128711,C,T,0,1220,113900080
1,rs556275015,C,A,1,1220,113900083
1,rs576006432,A,G,0,1220,113900085
1,rs146053295,C,T,0,1220,113900106
1,rs147184856,G,T,0,1220,113900109
1,rs555486513,G,A,0,1220,113900117
1,rs111785152,C,A,10,1220,113900120
1,rs377589103,A,G,0,1220,113900127
1,rs541013298,A,G,0,1220,113900138
1,rs564262237,C,T,0,1220,113900149
1,chr1:113900156C-G,C,G,0,1220,113900156
1,rs140090271,C,T,1,1220,113900164
1,rs543518152,T,C,0,1220,113900185
1,rs563341771,G,A,0,1220,113900198
1,rs528997061,T,G,0,1220,113900209
1,rs201047107,T,C,0,1220,113900215
1,rs760880631,C,T,0,1220,113900231
1,rs143286419,G,A,0,1220,113900251
1,rs141417436,A,G,0,1220,113900263
1,rs778029639,C,T,0,1220,113900269
1,chr1:113900308A-G,A,G,0,1220,113900308
1,chr1:113900347C-T,C,T,0,1220,113900347
1,rs540783798,A,G,2,1220,113900363
1,rs752781534,G,T,0,1220,113900371
1,rs755780191,A,T,0,1220,113900403
1,rs3789613,C,G,76,1220,113900413
1,rs200973324,G,A,1,1220,113900425
1,rs539673195,T,C,0,1220,113900469
1,rs556361029,G,C,0,1220,113900478
1,rs569772769,T,C,0,1220,113900492
1,rs535580984,C,A,0,1218,113900566
1,rs555728573,C,T,0,1220,113900609
1,rs572388417,A,G,0,1220,113900665
1,rs41283516,C,A,1,1220,113900721
1,rs746159966,T,C,0,1220,113900736
1,rs7523862,G,A,76,1220,113900797
1,rs140094296,C,T,5,1220,113900829
1,chr1:113900830G-A,G,A,0,1220,113900830
1,rs550033389,G,A,0,1220,113900834
1,rs779174750,A,G,0,1220,113900836
1,rs543605442,C,T,0,1220,113900843
1,rs563485730,G,T,0,1220,113900871
1,rs528938717,G,A,0,1220,113900883
1,rs542406994,G,C,1,1220,113900908
1,rs768259779,C,T,0,1220,113900923
1,rs559293286,G,A,0,1220,113900964
1,chr1:113900975C-T,C,T,0,1220,113900975
1,chr1:113900976G-A,G,A,0,1220,113900976
1,chr1:113901055C-T,C,T,0,1220,113901055
1,rs528110541,C,T,0,1220,113901085
1,rs750105839,C,T,1,1220,113901102
1,chr1:113901108A-AAAT,A,AAAT,0,1220,113901108
1,rs547664994,T,C,0,1220,113901129
1,rs181310318,C,T,2,1220,113901161
1,rs533461640,A,C,0,1220,113901209
1,rs549915122,G,A,0,1220,113901218
1,rs560676228,T,C,1,1220,113901241
1,chr1:113901259G-C,G,C,0,1220,113901259
1,rs17464525,G,A,63,1220,113901277
1,rs139775124,T,C,0,1220,113901283
1,rs555613411,T,C,0,1220,113901333
1,rs566041642,T,A,1,1220,113901338
1,rs534678582,G,A,1,1220,113901377
1,rs558196790,C,T,0,1220,113901397
1,rs577971063,T,C,2,1220,113901403
1,rs535937405,T,G,0,1218,113901458
1,chr1:113901522C-CA,C,CA,9,1172,113901522
1,chr1:113901522CA-C,CA,C,2,1172,113901522
1,rs557191782,T,C,0,1218,113901578
1,chr1:113901611G-A,G,A,0,1218,113901611
1,rs143683107,C,T,5,1220,113901677
1,rs542693038,C,T,0,1220,113901680
1,rs559212401,A,C,1,1220,113901692
1,rs78563784,T,A,0,1220,113901700
1,rs185948622,T,G,0,1220,113901706
1,rs549396865,T,C,1,1220,113901726
1,rs34751342,T,G,2,1220,113901822
1,rs550100552,G,A,0,1220,113901836
1,rs143769705,T,C,1,1220,113901851
1,rs138880168,A,T,0,1220,113901866
1,rs529490243,C,T,0,1220,113901900
1,rs549574613,C,T,0,1220,113901925
1,chr1:113901934A-C,A,C,0,1220,113901934
1,rs573648846,TTCACCTAACAGATGGTTTAGTAGATGCTGCACCCATCAGA,T,0,1220,113901951
1,rs12079716,T,G,72,1220,113901972
1,rs377159938,T,C,0,1220,113901976
1,rs551755388,C,G,0,1220,113901993
1,rs74706689,A,G,33,1220,113902034
1,rs189259390,T,C,0,1220,113902060
1,chr1:113902074T-TG,T,TG,0,1220,113902074
1,rs557328961,C,T,0,1220,113902102
1,rs573758056,C,T,0,1220,113902132
1,rs536032288,A,G,2,1220,113902139
1,rs553149311,T,A,0,1220,113902148
1,rs112059103,T,C,20,1220,113902151
1,rs544750052,T,C,0,1218,113902218
1,rs564528571,G,A,0,1220,113902245
1,rs574928114,T,G,0,1220,113902273
1,chr1:113902277T-C,T,C,0,1220,113902277
1,rs543685230,T,G,0,1220,113902287
1,rs796554512,CAAA,C,5,1220,113902370
1,chr1:113902370C-CA,C,CA,0,1220,113902370
1,rs563798493,T,C,2,1220,113902382
1,rs529603033,A,T,0,1220,113902408
1,rs549267856,G,C,2,1220,113902434
1,chr1:113902439A-G,A,G,0,1220,113902439
1,chr1:113902461A-G,A,G,0,1220,113902461
1,rs182216995,A,C,0,1220,113902476
1,rs528594952,G,T,0,1220,113902497
1,rs551948046,A,G,1,1220,113902523
1,rs187229500,C,T,25,1220,113902579
1,chr1:113902585G-A,G,A,0,1220,113902585
1,rs537405509,CCAGA,C,12,1220,113902614
1,rs74361335,G,A,0,1220,113902657
1,rs752682155,T,C,0,0,113902678
1,rs202053730,G,A,0,1220,113902703
1,rs191202554,A,G,0,1220,113902707
1,rs34249695,T,C,30,1220,113902736
1,rs552888524,A,T,0,1220,113902759
1,rs566369623,A,G,0,1220,113902761
1,rs201265132,T,C,1,1220,113902762
1,chr1:113902792T-C,T,C,0,1220,113902792
1,chr1:114445416T-A,T,A,0,0,113902794
1,rs183034705,T,G,0,1220,113902825
1,rs186195199,C,T,0,1220,113902871
1,rs200301524,G,A,0,1220,113902872
1,rs373260113,A,T,0,1220,113902912
1,rs574203813,T,C,0,1220,113902962
1,rs370920125,C,T,0,1220,113903007
1,rs373113965,T,C,0,1220,113903026
1,chr1:113903037TA-T,TA,T,1,1220,113903037
1,rs190174129,C,T,3,1220,113903126
1,rs545499110,T,C,0,1220,113903142
1,rs7536876,C,T,0,1220,113903153
1,rs187748888,C,T,0,1220,113903168
1,rs780565424,G,A,0,1220,113903169
1,rs550661654,C,T,0,1220,113903212
1,chr1:113903222C-T,C,T,0,1220,113903222
1,rs192332220,T,C,19,1220,113903245
1,rs183893441,C,T,0,1220,113903254
1,rs7513707,G,A,8,1220,113903258
1,chr1:113903260T-G,T,G,0,1220,113903260
1,rs549910075,G,C,1,1220,113903313
1,rs566308949,T,C,0,1220,113903322
1,chr1:113903343A-T,A,T,1,1220,113903343
1,rs538418470,C,T,0,1220,113903359
1,chr1:113903373A-G,A,G,0,1220,113903373
1,chr1:113903403A-C,A,C,0,1220,113903403
1,rs558342825,T,C,0,1220,113903414
1,rs568569550,A,G,0,1220,113903449
1,rs537947966,A,G,0,1220,113903488
1,rs554267290,A,T,0,1220,113903499
1,rs574415785,T,C,0,1220,113903502
1,chr1:113903559A-G,A,G,0,1220,113903559
1,rs542938980,A,G,1,1220,113903644
1,chr1:113903646C-A,C,A,0,1220,113903646
1,rs553659710,T,C,1,1220,113903693
1,rs10858022,A,G,76,1220,113903719
1,chr1:113903732T-A,T,A,1,1220,113903732
1,chr1:113903736G-C,G,C,0,1220,113903736
1,rs774005871,G,C,0,1220,113903765
1,rs150066260,C,T,0,1220,113903866
1,rs550746359,AG,A,0,1220,113903925
1,rs533047701,G,C,0,1220,113903987
1,rs544834850,G,GT,0,1220,113903987
1,rs188732345,T,A,0,1220,113904005
1,rs765201353,G,A,0,1220,113904018
1,rs28364561,A,C,16,1220,113904082
1,chr1:113904096A-G,A,G,0,1220,113904096
1,rs145393470,A,G,0,1220,113904142
1,rs530136188,C,G,0,1220,113904168
1,chr1:113904169A-G,A,G,0,1220,113904169
1,rs142618078,G,C,27,1220,113904171
1,chr1:113904209A-G,A,G,1,1220,113904209
1,chr1:113904260G-A,G,A,0,1220,113904260
1,chr1:113904291G-A,G,A,0,1220,113904291
1,rs28364562,T,C,14,1220,113904329
1,rs532280142,A,G,1,1220,113904388
1,rs6661817,G,C,76,1220,113904412
1,rs111786426,C,T,11,1220,113904419
1,chr1:114447069G-A,G,A,0,0,113904447
1,chr1:113904470GC-G,GC,G,0,1220,113904470
1,rs537536824,G,A,0,1220,113904483
1,chr1:113904532GAGACTGGGGCT-G,GAGACTGGGGCT,G,1,1220,113904532
1,chr1:113904547G-C,G,C,0,1220,113904547
1,rs548302381,G,A,0,1220,113904589
1,rs199523647,T,C,0,1220,113904595
1,rs117872964,T,C,0,1220,113904649
1,rs553819660,T,G,0,1220,113904719
1,rs189000826,G,C,17,1220,113904790
1,chr1:114447417T-C;chr1:113904795T-C,T,C,1,1220,113904795
1,rs539344790,G,A,1,1220,113904798
1,rs536223814,A,C,1,1220,113904812
1,rs191565789,T,C,4,1220,113904838
1,chr1:113904853G-A,G,A,1,1220,113904853
1,rs575828809,C,G,4,1220,113904874
1,rs536181728,C,T,0,1220,113904892
1,chr1:113904896C-T,C,T,0,1220,113904896
1,rs561405964,G,A,0,1220,113904910
1,chr1:113904933AG-A,AG,A,0,1220,113904933
1,rs28364563,C,T,0,1218,113904937
1,rs1217397,G,A,807,1220,113904943
1,rs189306022,T,C,0,1220,113904989
1,rs113338770,C,T,12,1220,113905000
1,rs552091954,G,C,1,1220,113905002
1,chr1:113905002G-T,G,T,0,1220,113905002
1,rs28364564,C,T,16,1220,113905020
1,chr1:113905060C-G,C,G,0,1220,113905060
1,chr1:113905066T-C,T,C,0,1220,113905066
1,chr1:113905079C-T,C,T,0,1220,113905079
1,rs531565513,G,A,0,1220,113905133
1,chr1:113905141A-C,A,C,0,1220,113905141
1,chr1:113905150A-G,A,G,1,1220,113905150
1,chr1:113905151A-G,A,G,0,1220,113905151
1,chr1:113905153A-G,A,G,0,1220,113905153
1,rs1217398,C,G,1209,1220,113905154
1,chr1:113905162G-A,G,A,0,1220,113905162
1,chr1:113905169C-T,C,T,0,1220,113905169
1,rs186281241,C,T,0,1220,113905187
1,rs533659472,T,C,0,1220,113905192
1,rs547372260,C,G,2,1220,113905193
1,rs189372881,C,A,0,1220,113905195
1,rs182022902,C,T,0,1220,113905200
1,rs539322999,C,T,0,1220,113905205
1,chr1:113905211A-C,A,C,1,1220,113905211
1,rs28364565,T,G,7,1220,113905234
1,rs113177502,C,T,20,1220,113905242
1,chr1:114447899G-A,G,A,0,0,113905277
1,rs56246459,G,T,4,1220,113905285
1,rs971173,G,T,973,1220,113905292
