,ID,POS,REF,ALT,AFR_ac,AFR_tc
0,rs2069826,22725792,G,A,27,1978
1,rs573026666,22725813,C,T,0,1978
2,rs2069827,22725837,G,T,4,1978
3,rs201997854,22725850,T,A,0,1978
4,rs200851636,22725863,A,G,0,1978
5,rs115012815,22725886,G,A,22,1978
6,rs182580364,22725929,G,C,0,1978
7,rs557844653,22725951,A,G,1,1978
8,rs139228648,22726027,C,T,21,1978
9,rs202025448,22726073,C,A,0,1976
10,chr7:22726082A-G,22726082,A,G,0,1978
11,chr7:22726103A-T,22726103,A,T,0,1978
12,rs200709177,22726106,C,T,0,1978
13,rs201847651,22726122,G,T,0,1978
14,rs560763141,22726140,G,A,0,1978
15,rs529548126,22726144,G,A,1,1978
16,rs543348874,22726165,T,C,1,1976
17,rs2069828,22726172,CA,C,69,1978
18,rs145356118,22726225,C,T,12,1978
19,rs75507584,22726246,C,A,46,1978
20,rs78068235,22726338,T,C,46,1978
21,rs571373939,22726344,T,C,0,1978
22,rs527803446,22726381,A,G,1,1978
23,rs36215817,22726426,G,A,1,1978
24,rs566698636,22726441,G,T,0,1978
25,rs140838807,22726489,C,G,2,1978
26,rs186909159,22726493,T,A,2,1978
27,rs1800797,22726602,A,G,1952,1978
28,chr7:22726624G-A,22726624,G,A,1,1978
29,rs1800796,22726627,G,C,194,1978
30,rs192273987,22726646,A,G,0,1978
31,chr7:22726649CAGA-C,22726649,CAGA,C,0,1978
32,rs56077270,22726676,T,C,0,1978
33,rs36215461,22726698,T,C,3,1978
34,chr7:22726701G-C,22726701,G,C,0,1978
35,chr7:22726796C-T,22726796,C,T,0,1968
36,chr7:22726799G-A,22726799,G,A,0,1954
37,rs36215814,22726805,G,A,1,1954
38,rs34224237,22726805,G,GA,790,1954
39,chr7:22726805G-GAA,22726805,G,GAA,3,1954
40,rs200115396,22726813,ATT,A,6,1930
41,chr7:22726813AT-A,22726813,AT,A,0,1930
42,chr7:22726813ATTT-A,22726813,ATTT,A,29,1930
43,chr7:22726813ATTTTT-A,22726813,ATTTTT,A,21,1930
44,rs7802307,22726814,T,A,1708,1962
45,rs7802308,22726815,T,A,539,1712
46,chr7:22726815T-TAAA,22726815,T,TAAA,6,1712
47,rs574223012,22726816,T,A,1,1910
48,chr7:22726816T-TAA,22726816,T,TAA,29,1910
49,chr7:22726818T-TAA,22726818,T,TAA,21,1978
50,rs3087225,22726832,A,G,0,1978
51,chr7:22726838C-T,22726838,C,T,0,1974
52,rs567472758,22726854,TTC,T,0,1978
53,chr7:22726897G-A,22726897,G,A,1,1978
54,rs563157266,22726941,G,T,0,1978
55,rs184229712,22726942,A,G,0,1978
56,chr7:22726998T-G,22726998,T,G,1,1978
57,chr7:22727001ACTTTT-A,22727001,ACTTTT,A,0,1978
58,chr7:22727004T-C,22727004,T,C,0,1978
59,rs2069829,22727010,C,T,2,1978
60,rs1800795,22727026,C,G,1951,1978
61,chr7:22727077C-T,22727077,C,T,0,1978
62,rs527770772,22727115,T,C,0,1978
63,rs200292679,22727139,T,G,0,1970
64,chr7:22727177A-G,22727177,A,G,0,1978
65,chr7:22727196G-C,22727196,G,C,0,1978
66,rs2069857,22727215,C,A,0,1978
67,rs185230192,22727219,C,A,0,1978
68,rs778200235,22727219,CG,C,0,1978
69,rs199546667,22727220,G,A,0,1978
70,rs200700194,22727267,A,T,0,1978
71,rs569143621,22727278,A,G,0,1978
72,rs199719913,22727324,T,G,0,1978
73,rs551377783,22727326,G,T,0,1978
74,rs571307563,22727358,G,A,2,1978
75,rs533650970,22727360,G,C,9,1978
76,rs553784698,22727390,A,T,1,1976
77,rs376047818,22727401,T,A,1,1978
78,rs201493844,22727437,G,C,1,1978
79,rs199941251,22727445,C,A,0,1978
80,chr7:22727494G-A,22727494,G,A,0,1978
81,rs142759801,22727515,C,A,45,1978
82,rs2069830,22727518,C,T,173,1978
83,rs199957016,22727554,A,C,0,1978
84,chr7:22727568C-G,22727568,C,G,0,1978
85,rs202138427,22727587,A,G,0,1978
86,rs541074925,22727588,A,G,0,1978
87,rs140764737,22727607,C,T,0,1978
88,rs34277345,22727664,G,A,6,1978
89,rs2069831,22727703,C,T,26,1978
90,rs2069858,22727706,G,A,0,1978
91,rs531631340,22727782,A,T,0,1978
92,rs115330976,22727800,T,G,17,1978
93,rs2069832,22727814,A,G,1951,1978
94,chr7:22727815G-A,22727815,G,A,1,1978
95,chr7:22727815G-T,22727815,G,T,0,1978
96,chr7:22727825T-C,22727825,T,C,1,1978
97,rs533743928,22727838,C,A,0,1978
98,rs147610740,22727845,G,C,3,1978
99,rs567328029,22727861,C,T,0,1978
100,chr7:22727871C-T,22727871,C,T,0,1978
101,rs149096177,22727941,T,C,0,1978
102,rs183935623,22727956,C,A,0,1978
103,rs34249410,22727983,T,C,0,1978
104,rs180846675,22728030,A,G,1,1978
105,rs2069833,22728045,C,T,1944,1978
106,chr7:22728045C-G,22728045,C,G,8,1978
107,rs375022289,22728188,G,A,0,1978
108,rs561151038,22728197,G,T,0,1978
109,rs2069834,22728209,C,T,91,1978
110,chr7:22728225C-T,22728225,C,T,0,1978
111,rs2069835,22728252,T,C,203,1978
112,rs562671341,22728286,G,A,2,1978
113,rs1474348,22728289,C,G,1952,1978
114,rs142217532,22728317,C,T,1,1978
115,rs151222105,22728326,A,G,0,1978
116,rs527612204,22728388,A,C,0,1978
117,rs2069837,22728408,A,G,246,1978
118,rs140049792,22728409,A,G,1,1978
119,rs185898013,22728435,C,T,0,1978
120,chr7:22728443C-G,22728443,C,G,0,1978
121,chr7:22728452T-G,22728452,T,G,0,1978
122,rs549417908,22728477,T,A,0,1978
123,rs1474347,22728505,C,A,1756,1978
124,rs145258384,22728520,C,T,0,1978
125,rs558746137,22728556,C,T,0,1978
126,rs137899012,22728575,G,C,1,1978
127,chr7:22728586AT-A,22728586,AT,A,1,1978
128,rs1524107,22728600,C,T,154,1978
129,rs554937656,22728601,T,C,0,1978
130,rs574789483,22728614,G,A,1,1978
131,rs2066992,22728630,G,T,154,1978
132,chr7:22728634T-C,22728634,T,C,0,1978
133,rs115763844,22728656,A,G,24,1978
134,rs577433140,22728665,T,G,2,1978
135,chr7:22728681A-T,22728681,A,T,0,1978
136,rs145242107,22728695,A,T,0,1978
137,rs190436077,22728717,G,C,0,1978
138,rs142164099,22728731,G,A,0,1978
139,rs202210223,22728793,C,A,0,1978
140,rs200211722,22728820,G,A,1,1978
141,rs529616314,22728823,C,T,0,1978
142,rs2069838,22728860,C,T,171,1978
143,chr7:22728864C-T,22728864,C,T,0,1978
144,rs2069839,22728876,G,A,23,1978
145,rs752671035,22728912,T,C,0,1978
146,rs532102200,22728930,T,C,0,1978
147,chr7:22728941T-C,22728941,T,C,0,1978
148,chr7:22728941TGAG-T,22728941,TGAG,T,1,1978
149,rs2069840,22728953,C,G,289,1978
150,rs140890370,22729026,A,C,0,1978
151,rs535321165,22729037,A,G,0,1978
152,rs55998531,22729053,A,G,0,1978
153,rs1554606,22729088,T,G,1364,1978
154,rs144717128,22729090,A,G,11,1978
155,rs186185759,22729093,G,A,6,1978
156,chr7:22729109G-A,22729109,G,A,0,1978
157,chr7:22729116C-G,22729116,C,G,0,1978
158,chr7:22729121A-G,22729121,A,G,2,1978
159,rs2069841,22729124,G,A,57,1978
160,rs372777730,22729153,C,T,0,1974
161,rs56002924,22729176,C,G,0,1974
162,rs572195162,22729178,G,T,0,1970
163,chr7:22729259G-A,22729259,G,A,0,1978
164,rs541228755,22729262,C,T,0,1978
165,rs13306433,22729295,G,A,0,1978
166,chr7:22729320T-A,22729320,T,A,0,1978
167,rs530023485,22729332,G,C,1,1978
168,rs13306434,22729361,T,G,0,1978
169,rs367722693,22729370,A,G,0,0
170,rs562976201,22729429,A,C,0,1978
171,rs532066911,22729436,G,A,0,1978
172,rs190558574,22729447,A,G,1,1978
173,rs35361244,22729481,G,A,2,1978
174,rs144818183,22729506,C,G,0,1978
175,rs148171375,22729535,A,T,0,1978
176,rs182812860,22729645,G,C,0,1978
177,rs754355352,22729663,G,C,0,1978
178,rs201024011,22729678,C,T,0,1978
179,rs200717293,22729682,C,T,0,1978
180,rs2069842,22729691,G,A,172,1978
181,rs143808144,22729745,C,T,0,1978
182,rs539937012,22729746,A,C,0,1978
183,rs553150365,22729765,A,G,2,1978
184,rs116693967,22729768,C,T,44,1978
185,rs758370297,22729769,G,A,0,1978
186,rs749056272,22729776,A,G,1,1978
187,rs534489769,22729815,T,C,0,1978
188,chr7:22729829T-G,22729829,T,G,0,1978
189,rs540172221,22729871,T,C,2,1978
190,rs368296317,22729880,C,A,0,1976
191,rs147239250,22729898,G,A,16,1974
192,chr7:22729908A-G,22729908,A,G,0,1976
193,chr7:22729908A-T,22729908,A,T,1,1976
194,chr7:22729928G-C,22729928,G,C,0,1962
195,rs199500690,22729946,C,CG,0,1978
196,chr7:22729946CG-C,22729946,CG,C,0,1978
197,chr7:22729948G-A,22729948,G,A,0,1950
198,chr7:22729952G-T,22729952,G,T,0,1944
199,rs185681377,22729956,G,A,0,1936
200,rs562939646,22730088,T,C,0,1978
201,chr7:22730132A-G,22730132,A,G,1,1978
202,rs112538818,22730145,G,C,6,1978
203,rs191229975,22730146,G,T,4,1978
204,chr7:22730146G-A,22730146,G,A,0,1978
205,rs1548216,22730154,G,C,404,1978
206,chr7:22730177T-G,22730177,T,G,1,1978
207,rs536120716,22730222,GC,G,0,1978
208,rs140747517,22730248,G,A,1,1978
209,rs559151534,22730258,C,T,0,1978
210,rs762521592,22730259,T,G,0,1978
211,rs182599553,22730287,T,A,3,1978
212,rs144709966,22730288,A,G,0,1978
213,rs2069843,22730375,G,A,255,1978
214,rs2069844,22730391,C,A,548,1978
215,rs551344842,22730403,A,G,0,1978
216,rs571166016,22730407,T,C,0,1978
217,rs564355559,22730443,C,T,2,1978
218,rs150863637,22730446,T,C,0,1978
219,rs546993286,22730487,G,A,0,1978
220,chr7:22730526C-G,22730526,C,G,0,1978
221,rs2069845,22730530,G,A,1353,1978
222,rs535975795,22730552,T,C,0,1978
223,rs2069859,22730563,T,C,0,1978
224,rs139543282,22730638,T,G,0,1978
225,chr7:22730639G-A,22730639,G,A,1,1978
226,rs536848591,22730640,G,A,0,1978
227,rs556798892,22730664,T,C,0,1978
228,chr7:22730719G-T,22730719,G,T,0,1978
229,rs576745033,22730720,A,C,0,1978
230,rs545455912,22730726,G,A,0,1978
231,rs149720994,22730732,C,T,0,1978
232,chr7:22730742C-T,22730742,C,T,0,1978
233,rs2069846,22730743,A,G,91,1978
234,rs535696222,22730903,T,C,0,1978
235,chr7:22730908G-T,22730908,G,T,0,1978
236,rs55912024,22730914,T,C,2,1978
237,rs762330834,22730988,C,T,3,1978
238,rs2069847,22730989,G,A,42,1978
239,chr7:22730991T-A,22730991,T,A,0,1978
240,rs116290445,22731000,C,A,8,1978
241,rs564740423,22731001,T,C,0,1978
242,rs540205400,22731008,G,T,8,1978
243,chr7:22731017T-C,22731017,T,C,0,1978
244,rs546661339,22731093,G,T,1,1978
245,chr7:22731095C-T,22731095,C,T,0,1978
246,chr7:22731121C-CCAG,22731121,C,CCAG,1,1978
247,rs566896474,22731138,T,G,0,1974
248,rs529363262,22731148,G,T,0,1976
249,rs193120697,22731161,C,A,0,1978
250,chr7:22731165G-A,22731165,G,A,0,1978
251,rs569016990,22731183,C,A,1,1978
252,rs536817770,22731213,C,G,0,1978
253,chr7:22731226C-CA,22731226,C,CA,59,1770
254,chr7:22731226CAA-C,22731226,CAA,C,0,1770
255,chr7:22731226CAAA-C,22731226,CAAA,C,0,1770
256,chr7:22731226C-CG,22731226,C,CG,1,1770
257,rs556761977,22731227,A,G,69,1756
258,rs570393926,22731260,G,A,3,1950
259,chr7:22731296T-C,22731296,T,C,0,1962
260,rs539757735,22731316,T,C,1,1974
261,chr7:22731359AT-A,22731359,AT,A,0,1978
262,rs2069860,22731419,A,T,0,1978
263,rs13306435,22731420,T,A,2,1978
264,rs541464782,22731432,C,T,0,1978
265,chr7:22731508C-T,22731508,C,T,0,1978
266,rs2069849,22731537,C,T,305,1978
267,rs111490870,22731576,T,C,7,1978
268,rs2069850,22731610,C,T,25,1978
269,rs199619831,22731618,T,C,1,1978
270,rs13306436,22731677,G,A,0,1978
271,rs2069851,22731685,G,A,6,1978
272,rs199606490,22731767,A,G,9,1978
273,rs55773150,22731785,T,G,0,1976
274,chr7:22731785T-C,22731785,T,C,0,1976
275,chr7:22731798T-A,22731798,T,A,0,1978
276,chr7:22731834G-A,22731834,G,A,1,1974
277,rs201131164,22731857,A,G,0,1974
278,rs529245167,22731949,A,G,3,1964
279,rs183160679,22731953,T,C,1,1958
280,rs568984181,22732004,T,C,0,1910
281,rs531722398,22732018,G,A,0,1882
282,rs2069861,22732035,C,T,3,1868
283,chr7:22732047C-G,22732047,C,G,0,1764
284,rs187485806,22732053,C,T,33,1846
285,rs539349801,22732061,C,T,6,1630
286,chr7:22732062G-A,22732062,G,A,1,1598
287,rs553186291,22732074,C,T,1,1480
288,chr7:22732083C-CACTATATATAATACATATATAT,22732083,C,CACTATATATAATACATATATAT,39,1462
289,chr7:22732097CATATATATACTATATATAATAA-C,22732097,CATATATATACTATATATAATAA,C,27,1382
290,chr7:22732101T-TATATACTATATATAATAAATATATATACTATATATAATAC,22732101,T,TATATACTATATATAATAAATATATATACTATATATAATAC,96,1494
