CHROM,ID,REF,ALT,GWD_ac,GWD_tc,ESN_ac,ESN_tc,MSL_ac,MSL_tc,MbutiPygmy_ac,MbutiPygmy_tc,BiakaPygmy_ac,BiakaPygmy_tc,Mandenka_ac,Mandenka_tc,Yoruba_ac,Yoruba_tc,San_ac,San_tc,BantuSouthAfrica_ac,BantuSouthAfrica_tc,BantuKenya_ac,BantuKenya_tc,YRI_ac,YRI_tc,LWK_ac,LWK_tc,GENE,POS
2,rs531855654,C,T,0,232,0,206,0,166,0,24,0,44,0,40,0,42,0,12,0,16,0,20,0,234,0,184,IL1B,112829671
2,rs200295313,C,CT,0,232,0,206,0,166,0,24,0,44,0,38,0,40,0,12,0,16,0,18,0,234,0,184,IL1B,112829750
2,chr2:112829765G-A,G,A,0,232,0,206,0,166,0,24,0,44,0,40,0,42,0,12,0,16,0,20,0,234,0,184,IL1B,112829765
2,rs1071676,C,G,48,232,28,206,17,166,2,24,5,44,9,40,9,42,4,12,2,16,5,20,23,234,21,184,IL1B,112829856
2,rs142194680,G,C,0,232,0,206,0,166,0,24,0,44,0,40,0,42,0,12,0,16,0,20,0,234,0,184,IL1B,112829882
2,rs565675977,C,T,0,232,0,206,0,166,0,24,0,44,0,40,0,42,0,12,0,16,0,20,0,234,0,184,IL1B,112829887
2,chr2:112829893T-G,T,G,0,232,0,206,0,166,0,24,0,44,0,40,0,42,0,12,0,16,0,20,0,234,0,184,IL1B,112829893
2,chr2:112829894C-A,C,A,0,232,0,206,0,166,0,24,0,44,0,40,0,42,0,12,0,16,0,20,0,234,0,184,IL1B,112829894
2,rs144284916,AAATTG,A,5,232,0,206,5,166,0,24,0,44,0,40,1,42,0,12,0,16,0,20,5,234,0,184,IL1B,112829896
2,chr2:112829999C-CAAAT,C,CAAAT,0,232,0,206,0,166,0,24,0,44,0,40,0,42,0,12,0,16,0,20,0,234,0,184,IL1B,112829999
2,chr2:112829999CAAAT-C,CAAAT,C,0,232,0,206,0,166,0,24,0,44,0,40,0,42,0,12,0,16,0,20,0,234,0,184,IL1B,112829999
2,chr2:112830003T-C,T,C,0,232,0,206,0,166,0,24,0,44,0,40,0,42,0,12,0,16,0,20,0,234,0,184,IL1B,112830003
2,rs528183322,G,A,0,232,0,206,0,166,0,24,0,44,0,40,0,42,0,12,0,16,0,20,0,234,0,184,IL1B,112830022
2,rs547808878,T,C,0,232,1,206,0,166,0,24,0,44,0,40,0,42,0,12,0,16,0,20,0,234,0,184,IL1B,112830066
2,rs567700928,A,G,0,232,0,206,1,166,0,24,0,44,0,40,0,42,0,12,0,16,0,20,0,234,0,184,IL1B,112830070
2,rs537366413,G,A,0,232,0,206,0,166,0,24,0,44,0,40,0,42,0,12,0,16,0,20,0,234,0,184,IL1B,112830077
2,chr2:112830086G-T,G,T,0,232,0,206,0,166,0,24,0,44,0,40,0,42,0,12,0,16,0,20,0,234,0,184,IL1B,112830086
2,chr2:112830236G-A,G,A,0,232,0,206,0,166,0,24,0,44,0,40,0,42,0,12,0,16,0,20,0,234,0,184,IL1B,112830236
2,rs10176689,G,T,22,232,14,206,6,166,1,24,3,44,2,40,1,42,0,12,0,16,0,20,11,234,6,184,IL1B,112830260
2,rs570717396,G,A,0,232,0,206,0,166,0,24,0,44,0,40,0,42,0,12,0,16,0,20,0,234,0,184,IL1B,112830275
2,rs188964071,T,C,0,232,0,206,0,166,0,24,0,44,0,40,0,42,0,12,0,16,0,20,0,234,0,184,IL1B,112830300
2,chr2:112830313A-AG,A,AG,0,232,0,206,0,166,0,24,0,44,0,40,0,42,0,12,0,16,0,20,0,234,0,184,IL1B,112830313
2,rs553523253,T,C,0,232,0,206,0,166,0,24,0,44,0,40,0,42,0,12,0,16,0,20,0,234,0,184,IL1B,112830459
2,rs140343610,G,T,1,232,0,206,0,166,0,24,0,44,0,40,0,42,0,12,0,16,0,20,0,234,0,184,IL1B,112830478
2,chr2:112830531G-T,G,T,0,232,0,206,0,166,0,24,0,44,0,40,0,42,0,12,0,16,0,20,0,234,0,184,IL1B,112830531
2,rs1143644,T,C,4,232,14,206,7,166,0,24,0,44,2,40,1,42,0,12,0,16,1,20,14,234,2,184,IL1B,112830624
2,rs555832732,G,A,3,232,0,206,0,166,0,24,0,44,0,40,0,42,0,12,0,16,0,20,0,234,0,184,IL1B,112830627
2,rs575679935,C,T,0,232,0,206,0,166,0,24,0,44,0,40,0,42,0,12,0,16,0,20,0,234,0,184,IL1B,112830683
2,rs193043599,A,C,0,232,0,206,0,166,0,24,0,44,0,40,0,42,0,12,0,16,0,20,0,234,0,184,IL1B,112830718
2,rs1143643,C,T,26,232,30,206,18,166,0,24,11,44,8,40,5,42,0,12,0,16,5,20,28,234,23,184,IL1B,112830725
2,rs532427509,A,G,0,232,0,206,0,166,0,24,0,44,0,40,0,42,0,12,0,16,0,20,0,234,0,184,IL1B,112830734
2,rs545723138,T,G,0,232,0,206,0,166,0,24,0,44,0,38,0,42,0,12,0,16,0,18,0,234,0,184,IL1B,112830764
2,chr2:112830764T-C,T,C,0,232,0,206,0,166,0,24,0,44,0,38,0,42,0,12,0,16,0,18,0,234,0,184,IL1B,112830764
2,chr2:112830767G-C,G,C,0,232,0,206,0,166,0,24,0,44,0,38,0,42,0,12,0,16,0,20,0,234,0,184,IL1B,112830767
2,chr2:112830801A-AT,A,AT,0,228,2,206,0,166,0,18,2,32,0,32,1,22,1,10,1,14,0,12,1,230,0,184,IL1B,112830801
2,chr2:112830801AT-A,AT,A,0,228,1,206,0,166,1,18,1,32,1,32,4,22,0,10,1,14,0,12,0,230,0,184,IL1B,112830801
2,rs559475222,T,G,1,232,0,198,0,166,0,16,0,26,1,22,0,14,0,6,0,8,0,14,0,230,0,184,IL1B,112830802
2,rs3917361,T,G,1,232,1,206,0,166,2,24,3,44,0,40,0,42,4,12,0,16,0,20,0,234,0,184,IL1B,112830813
2,rs770146317,T,TG,0,232,0,206,0,166,0,24,0,44,0,40,0,42,0,12,0,16,0,20,0,234,0,184,IL1B,112830813
2,rs547844607,G,A,4,232,0,206,4,166,0,24,0,44,0,40,0,42,0,12,0,16,0,20,0,234,0,184,IL1B,112830816
2,chr2:112830841C-G,C,G,0,232,0,206,0,166,0,24,0,44,0,40,0,42,0,12,0,16,0,20,0,234,0,184,IL1B,112830841
2,rs530976949,A,G,0,232,1,206,0,166,2,24,3,44,0,40,0,42,0,12,0,16,0,20,0,234,0,184,IL1B,112830897
2,chr2:112830903TC-T,TC,T,0,230,0,206,0,166,0,24,0,44,0,40,0,42,0,12,0,16,0,20,0,234,0,182,IL1B,112830903
2,rs530379884,A,C,0,232,0,206,0,166,0,24,0,44,0,40,0,42,0,12,0,16,0,20,0,234,0,182,IL1B,112830906
2,chr2:112830927T-C,T,C,0,232,0,206,0,166,0,24,0,44,0,40,0,42,0,12,0,16,0,20,0,234,0,184,IL1B,112830927
2,rs550874050,C,T,0,232,0,206,0,166,0,24,0,44,0,40,0,42,0,12,0,16,0,20,0,234,0,184,IL1B,112830935
2,rs3917379,T,C,0,232,0,206,0,166,0,24,0,44,0,40,0,42,0,12,0,16,0,20,0,234,0,184,IL1B,112830936
2,chr2:112830952G-A,G,A,0,232,0,206,0,166,0,24,1,44,0,40,0,42,0,12,0,16,0,20,0,234,0,184,IL1B,112830952
2,rs2464906,A,G,227,232,201,206,161,166,24,24,43,44,39,40,38,42,12,12,15,16,19,20,225,234,178,184,IL1B,112830955
2,chr2:112830961G-GGGAGT,G,GGGAGT,0,232,0,206,0,166,0,24,0,44,0,40,0,42,0,12,0,16,0,20,0,234,0,184,IL1B,112830961
2,rs1143642,A,G,180,232,161,206,124,166,24,24,40,44,36,40,27,42,12,12,10,16,18,20,181,234,129,184,IL1B,112830976
2,rs546906420,A,C,1,232,0,206,0,166,0,24,0,44,0,40,0,42,0,12,0,16,0,20,0,234,0,184,IL1B,112830979
2,chr2:112830990C-A,C,A,0,232,0,206,0,166,0,24,0,44,0,40,0,42,0,12,0,16,0,20,0,234,0,184,IL1B,112830990
2,chr2:112831022A-G,A,G,0,232,0,206,0,166,0,24,0,44,0,40,0,42,0,12,0,16,0,20,0,234,0,184,IL1B,112831022
2,chr2:112831077CATA-C,CATA,C,0,232,0,206,0,166,0,24,0,44,0,40,1,42,0,12,0,16,0,20,0,234,0,184,IL1B,112831077
2,rs1143641,G,A,27,232,18,206,6,166,1,24,4,44,4,40,1,42,0,12,1,16,0,20,18,234,14,184,IL1B,112831089
2,chr2:112831095A-G,A,G,0,232,0,206,0,166,0,24,0,44,0,40,0,42,0,12,0,16,0,20,0,234,0,184,IL1B,112831095
2,rs535597745,G,A,0,232,0,206,0,166,0,24,0,44,0,40,0,42,0,12,0,16,0,20,0,234,0,184,IL1B,112831128
2,rs189004151,A,T,0,232,0,206,0,166,0,24,0,44,0,40,0,42,0,12,0,16,0,20,0,234,0,184,IL1B,112831151
2,chr2:112831171A-C,A,C,0,222,0,206,0,162,0,24,0,42,0,40,0,40,0,10,0,16,0,18,0,228,0,184,IL1B,112831171
2,rs1143640,CAA,C,48,232,28,206,16,166,2,24,5,44,9,40,9,42,4,12,2,16,5,20,23,234,21,184,IL1B,112831178
2,rs1143639,C,T,48,232,28,206,16,166,2,24,5,44,9,40,9,42,4,12,2,16,5,20,23,234,21,184,IL1B,112831216
2,rs1143638,G,A,17,232,3,206,14,166,0,24,0,44,1,40,2,42,0,12,1,16,0,20,7,234,3,184,IL1B,112831217
2,chr2:112831272A-C,A,C,0,232,0,206,0,166,0,24,0,44,0,40,0,42,0,12,0,16,0,20,0,234,0,184,IL1B,112831272
2,chr2:112831310C-T,C,T,0,232,0,206,0,166,0,24,1,44,0,40,0,42,0,12,0,16,0,20,0,234,0,184,IL1B,112831310
2,rs144433180,C,T,0,232,0,206,0,166,0,24,0,44,0,40,0,42,0,12,0,16,0,20,0,234,0,184,IL1B,112831327
2,rs192715508,C,G,0,232,0,206,0,166,0,24,0,44,0,40,0,42,0,12,0,16,0,20,0,234,0,184,IL1B,112831334
2,rs78226748,C,A,0,232,0,206,0,166,0,24,0,44,0,40,0,42,0,12,0,16,0,20,0,234,0,184,IL1B,112831402
2,chr2:112831473C-T,C,T,0,232,0,206,0,166,0,24,0,44,0,40,0,42,0,12,1,16,0,20,0,234,0,184,IL1B,112831473
2,chr2:112831496T-C,T,C,0,232,0,206,0,166,0,24,0,44,0,40,0,42,0,12,0,16,0,20,0,234,0,184,IL1B,112831496
2,rs151186115,G,T,0,232,0,206,0,166,0,24,0,44,0,40,0,42,0,12,0,16,0,20,0,234,0,184,IL1B,112831498
2,rs547298461,C,T,0,232,0,206,0,166,0,24,0,44,0,40,0,42,0,12,0,16,0,20,0,234,0,184,IL1B,112831518
2,rs541529218,G,C,0,232,0,206,0,166,0,24,0,44,0,40,0,42,0,12,0,16,0,20,0,234,0,184,IL1B,112831610
2,rs184149321,C,T,0,232,0,206,0,166,0,24,0,44,0,40,0,42,0,12,0,16,0,20,0,234,0,184,IL1B,112831618
2,rs188824331,G,A,0,232,0,206,0,166,0,24,0,44,0,40,0,42,0,12,0,16,0,20,0,234,0,184,IL1B,112831655
2,rs550208851,G,A,0,232,0,206,1,166,0,24,0,44,0,40,0,42,0,12,0,16,0,20,0,234,0,184,IL1B,112831663
2,chr2:112831695TGAAG-T,TGAAG,T,0,232,0,206,0,166,0,24,0,44,0,40,0,42,0,12,0,16,0,20,0,234,0,184,IL1B,112831695
2,chr2:113589304C-A,C,A,0,0,0,0,0,0,0,0,0,0,0,0,0,0,0,0,0,0,0,0,0,0,0,0,IL1B,112831727
2,rs1143637,C,T,48,232,28,206,16,166,2,24,5,44,9,40,9,42,4,12,2,16,5,20,23,234,21,184,IL1B,112831756
2,rs140209162,G,A,0,232,1,206,2,166,0,24,0,44,0,40,1,42,0,12,0,16,0,20,3,234,1,184,IL1B,112831757
2,chr2:112831771A-G,A,G,0,232,0,206,0,166,0,24,0,44,0,40,0,42,0,12,0,16,0,20,0,234,0,184,IL1B,112831771
2,rs1143636,A,G,0,232,0,206,0,166,0,24,0,44,0,40,0,42,0,12,0,16,0,20,0,234,0,184,IL1B,112831797
2,chr2:112831810C-T,C,T,0,232,0,206,0,166,1,24,0,44,0,40,0,42,0,12,0,16,0,20,0,234,0,184,IL1B,112831810
2,rs181538872,C,T,0,232,1,206,0,166,0,24,0,44,0,40,0,42,0,12,0,16,0,20,2,234,0,184,IL1B,112831866
2,rs185992464,G,C,0,232,0,206,0,166,0,24,0,44,0,40,0,42,0,12,0,16,0,20,0,234,0,184,IL1B,112831880
2,rs549588849,C,T,1,232,0,206,1,166,0,24,0,44,0,40,0,42,0,12,0,16,0,20,1,234,2,184,IL1B,112831939
2,chr2:113589534C-T,C,T,0,0,0,0,0,0,0,0,0,0,0,0,0,0,0,0,0,0,0,0,0,0,0,0,IL1B,112831957
2,rs538289687,C,T,0,232,0,206,0,166,0,24,0,44,0,40,0,42,1,12,0,16,0,20,0,234,0,184,IL1B,112831977
2,rs10183049,G,A,27,232,18,206,7,166,1,24,4,44,4,40,1,42,0,12,1,16,0,20,18,234,14,184,IL1B,112831994
2,chr2:112832015A-G,A,G,0,232,0,206,0,166,0,24,0,44,0,40,0,42,0,12,0,16,0,20,0,234,0,184,IL1B,112832015
2,chr2:112832029C-G,C,G,0,232,0,206,0,166,0,24,0,44,0,40,0,42,0,12,0,16,0,20,0,234,1,184,IL1B,112832029
2,rs538318062,G,A,0,232,0,206,0,166,0,24,0,44,0,40,0,42,0,12,0,16,0,20,0,234,0,184,IL1B,112832108
2,rs557897741,G,A,0,232,0,206,0,166,0,24,0,44,0,40,0,42,0,12,0,16,0,20,0,234,0,184,IL1B,112832166
2,rs190308622,C,T,0,232,0,206,0,166,0,24,0,44,0,40,0,42,0,10,0,16,0,20,0,234,0,184,IL1B,112832173
2,rs3917360,G,A,9,232,5,206,9,166,0,24,0,44,2,40,2,42,0,12,1,16,0,20,12,234,0,184,IL1B,112832174
2,chr2:112832174G-T,G,T,0,232,0,206,0,166,0,24,0,44,0,40,0,42,0,12,0,16,0,20,0,234,0,184,IL1B,112832174
2,rs181951413,G,T,0,232,0,206,0,166,0,24,0,44,0,40,0,42,0,12,0,16,0,20,1,234,0,184,IL1B,112832252
2,rs541643710,G,C,0,232,0,206,0,166,0,24,0,44,0,40,0,42,0,12,0,16,0,20,0,234,0,184,IL1B,112832257
2,rs550157988,G,A,0,232,0,206,0,166,0,24,0,44,0,40,0,42,1,12,1,16,0,20,0,234,0,184,IL1B,112832268
2,chr2:112832292G-A,G,A,0,232,0,206,0,166,0,24,0,44,0,40,0,42,0,12,0,16,0,20,0,234,0,184,IL1B,112832292
2,chr2:112832318A-G,A,G,0,232,0,206,0,166,0,24,0,44,0,40,0,42,0,12,0,16,0,20,0,234,0,184,IL1B,112832318
2,rs572964675,A,G,0,232,0,206,0,166,0,24,0,44,0,40,0,42,0,12,0,16,0,20,0,234,0,184,IL1B,112832321
2,rs187410053,A,G,0,232,0,206,0,166,0,24,0,44,0,40,0,42,0,12,0,16,0,20,0,234,0,184,IL1B,112832323
2,rs76668723,G,A,0,232,0,206,0,166,0,24,0,44,0,40,0,42,0,12,0,16,0,20,0,234,0,184,IL1B,112832332
2,chr2:112832375T-C,T,C,0,232,0,206,0,166,0,24,0,44,0,40,0,42,0,12,0,16,0,20,0,234,0,184,IL1B,112832375
2,rs150311638,T,C,0,232,0,206,0,166,0,24,0,44,0,40,0,42,0,12,0,16,0,20,0,234,2,184,IL1B,112832376
2,rs543888496,G,C,0,232,0,206,0,166,0,24,0,44,0,40,0,42,0,12,0,16,0,20,0,234,0,184,IL1B,112832380
2,rs563942308,C,T,0,232,0,206,0,166,0,24,0,44,0,40,0,42,0,12,0,16,0,20,0,234,0,184,IL1B,112832444
2,rs137956430,A,G,1,232,2,206,2,166,0,24,0,44,0,40,1,42,0,12,0,16,0,20,2,234,2,184,IL1B,112832449
2,rs540577814,G,T,0,232,0,206,0,166,0,24,0,44,0,40,0,42,0,12,0,16,0,20,1,234,0,184,IL1B,112832486
2,rs529316093,AT,A,0,232,3,206,0,166,0,24,0,44,0,40,0,42,0,12,0,16,0,20,3,234,0,184,IL1B,112832544
2,rs529608227,T,C,0,232,0,206,0,166,0,24,0,44,0,40,0,42,0,12,0,16,0,20,0,234,0,184,IL1B,112832557
2,rs549623567,G,T,0,232,0,206,0,166,0,24,0,44,0,40,0,42,0,12,0,16,0,20,0,234,0,184,IL1B,112832571
2,rs1143635,A,G,0,232,0,206,0,166,0,24,0,44,0,40,0,42,0,12,0,16,0,20,0,234,0,184,IL1B,112832578
2,rs772735332,CAGG,C,0,232,0,206,0,166,0,24,0,44,0,40,0,42,0,12,0,16,0,20,0,234,0,184,IL1B,112832623
2,rs765269921,C,T,0,232,0,206,0,166,0,24,0,44,0,40,0,42,0,12,0,16,0,20,0,234,0,184,IL1B,112832748
2,rs200498551,G,A,0,232,0,206,0,166,0,24,0,44,0,40,0,42,0,12,0,16,0,20,0,234,0,184,IL1B,112832749
2,rs551821803,C,T,1,232,0,206,0,166,0,24,0,44,0,40,0,42,0,12,0,16,0,20,0,234,0,184,IL1B,112832753
2,rs571556428,A,G,0,232,0,206,0,166,0,24,0,44,0,40,0,42,0,12,0,16,0,20,0,234,0,184,IL1B,112832787
2,rs148588074,T,C,0,232,0,206,0,166,0,24,0,44,0,40,0,42,0,12,0,16,0,20,0,234,0,184,IL1B,112832807
2,rs139843362,C,T,0,232,0,206,0,166,0,24,0,44,0,40,0,42,0,12,0,16,0,20,0,234,0,184,IL1B,112832812
2,rs1143634,G,A,40,232,26,206,14,166,2,24,5,44,9,40,8,42,4,12,1,16,5,20,23,234,21,184,IL1B,112832813
2,rs752959492,T,C,0,232,0,206,0,166,0,24,0,44,0,40,0,42,0,12,0,16,0,20,0,234,0,184,IL1B,112832825
2,rs535343756,G,A,0,232,0,206,1,166,0,24,0,44,0,40,0,42,0,12,0,16,0,20,0,234,0,184,IL1B,112832837
2,chr2:112832842C-T,C,T,0,232,0,206,0,166,0,24,0,44,0,40,0,42,0,12,0,16,0,20,0,234,0,184,IL1B,112832842
2,chr2:112832865G-A,G,A,0,232,0,206,0,166,0,24,0,44,0,40,0,42,0,12,0,16,0,20,0,234,0,184,IL1B,112832865
2,rs190772277,C,T,0,232,0,206,0,166,0,24,0,44,0,40,0,42,0,12,0,16,0,20,0,234,0,184,IL1B,112832878
2,rs1143633,C,T,31,232,37,206,26,166,6,24,17,44,8,40,6,42,0,12,0,16,5,20,34,234,32,184,IL1B,112832890
2,rs746834664,G,A,0,232,0,206,0,166,0,24,0,44,0,40,0,42,0,12,1,16,0,20,0,234,0,184,IL1B,112832930
2,rs182336711,G,T,0,232,0,206,0,166,0,24,0,44,0,40,0,42,0,12,0,16,0,20,0,234,0,184,IL1B,112832975
2,rs185404870,C,G,0,232,0,206,0,166,0,24,0,44,0,40,0,42,0,12,0,16,0,20,0,234,0,184,IL1B,112833036
2,rs577654607,T,C,0,232,0,206,0,166,0,24,0,44,0,40,0,42,0,12,0,16,0,20,0,234,0,184,IL1B,112833044
2,rs540269184,G,A,0,232,0,206,0,166,0,24,0,44,0,40,0,42,0,12,0,16,0,20,0,234,0,184,IL1B,112833070
2,rs774838456,G,T,0,232,0,206,0,166,0,24,0,44,0,40,0,42,0,12,0,16,0,20,0,234,0,184,IL1B,112833157
2,rs559871123,A,T,0,232,0,206,1,166,0,24,0,44,0,40,0,42,0,12,0,16,0,20,0,234,0,184,IL1B,112833186
2,rs529645738,T,G,0,232,0,206,0,166,0,24,0,44,0,40,0,42,0,12,0,16,0,20,0,234,0,184,IL1B,112833224
2,rs543306451,T,A,0,232,0,206,0,166,0,24,0,44,0,40,0,42,0,12,0,16,0,20,0,234,1,184,IL1B,112833253
2,chr2:112833259CG-C,CG,C,1,232,0,206,0,166,0,24,0,44,0,40,0,42,0,12,0,16,0,20,0,234,0,184,IL1B,112833259
2,rs563094943,G,C,0,230,0,206,0,166,0,24,0,44,0,40,0,42,0,12,0,16,0,20,0,234,0,184,IL1B,112833260
2,rs531892312,A,G,0,232,0,206,0,166,0,24,0,44,0,40,0,42,0,12,0,16,0,20,0,234,0,184,IL1B,112833272
2,rs551595771,T,C,0,232,0,206,0,166,0,24,0,44,0,40,0,42,0,12,0,16,0,20,0,234,0,184,IL1B,112833321
2,rs201641509,A,G,0,232,0,206,0,166,0,24,0,44,0,40,0,42,0,12,0,16,0,20,0,234,0,184,IL1B,112833335
2,rs190212930,G,A,0,232,0,206,0,166,0,24,0,44,0,40,0,42,0,12,0,16,0,20,0,234,0,184,IL1B,112833343
2,rs376739961,C,G,0,232,0,206,0,166,0,24,0,44,0,40,0,42,0,12,0,16,0,20,0,234,1,184,IL1B,112833370
2,rs200401035,G,A,0,232,0,206,0,166,0,24,0,44,0,40,0,42,0,12,0,16,0,20,0,234,0,184,IL1B,112833400
2,rs755957216,C,T,0,232,0,206,0,166,0,24,0,44,0,40,0,42,0,12,0,16,0,20,0,234,0,184,IL1B,112833482
2,rs200278471,T,C,0,232,0,206,0,166,0,24,0,44,0,40,0,42,0,12,0,16,0,20,0,234,0,184,IL1B,112833487
2,rs16062,G,A,0,232,0,206,0,166,0,24,0,44,0,40,0,42,0,12,0,16,0,20,0,234,0,184,IL1B,112833504
2,chr2:112833513G-T,G,T,0,232,0,206,0,166,0,24,0,44,0,40,0,42,0,12,0,16,0,20,0,234,0,184,IL1B,112833513
2,rs568715066,C,T,0,232,1,206,0,166,0,24,0,44,0,40,0,42,0,12,0,16,0,20,0,234,0,184,IL1B,112833515
2,rs538083388,G,A,0,232,0,206,0,166,0,24,0,44,0,40,0,42,0,12,0,16,0,20,0,234,0,184,IL1B,112833516
2,chr2:112833528C-T,C,T,0,232,0,206,0,166,0,24,0,44,0,40,0,42,0,12,0,16,0,20,0,234,0,184,IL1B,112833528
2,rs529396429,G,T,0,232,0,206,0,166,0,24,0,44,0,40,0,42,0,12,0,16,0,20,0,234,0,184,IL1B,112833530
2,rs140821206,C,T,0,232,0,206,0,166,0,24,2,44,0,40,0,42,0,12,0,16,0,20,0,234,0,184,IL1B,112833536
2,rs140794289,G,A,0,232,0,206,0,166,0,24,0,44,0,40,0,42,0,12,0,16,0,20,0,234,0,184,IL1B,112833537
2,rs569468521,A,G,0,232,0,206,0,166,0,24,0,44,0,40,0,42,0,12,0,16,0,20,0,234,0,184,IL1B,112833575
2,rs3917359,G,A,0,232,0,206,0,166,0,24,0,44,0,40,0,42,0,12,0,16,0,20,0,234,0,184,IL1B,112833585
2,chr2:112833585G-C,G,C,0,232,0,206,0,166,0,24,0,44,0,40,0,42,0,12,0,16,0,20,0,234,0,184,IL1B,112833585
2,rs34701301,C,T,0,232,0,206,0,166,0,24,0,44,0,40,0,42,0,12,0,16,0,20,0,234,0,184,IL1B,112833588
2,rs201166180,G,C,0,232,0,206,0,166,0,24,0,44,0,40,0,42,0,12,0,16,0,20,0,234,0,184,IL1B,112833597
2,rs553815802,T,A,0,232,0,206,0,166,0,24,0,44,0,40,0,42,0,12,0,16,0,20,0,234,0,184,IL1B,112833616
2,rs182605275,G,A,0,232,0,206,0,166,0,24,0,44,0,40,0,42,0,12,0,16,0,20,0,234,0,184,IL1B,112833621
2,rs543345208,G,C,0,232,0,206,0,166,0,24,0,44,0,40,0,42,0,12,0,16,0,20,1,234,0,184,IL1B,112833665
2,rs139004452,C,G,1,232,1,206,0,166,0,24,1,44,0,40,0,42,0,12,0,16,1,20,0,234,1,184,IL1B,112833684
2,rs188233580,G,A,0,232,0,206,0,166,0,24,0,44,0,40,0,42,0,12,0,16,0,20,0,234,0,184,IL1B,112833686
2,rs3136558,A,G,49,232,32,206,33,166,1,24,5,44,6,40,8,42,0,12,2,16,5,20,32,234,24,184,IL1B,112833698
2,chr2:112833714C-A,C,A,0,232,0,206,0,166,0,24,0,44,0,40,0,42,0,12,0,16,0,20,0,234,0,184,IL1B,112833714
2,rs372982172,A,C,0,232,0,206,0,166,0,24,0,44,0,40,0,42,0,12,0,16,0,20,0,234,0,184,IL1B,112833730
2,rs527820940,T,C,1,232,0,206,1,166,0,24,0,44,0,40,0,42,0,12,0,16,0,20,0,234,0,184,IL1B,112833731
2,rs547540605,G,T,0,232,0,206,0,166,0,24,0,44,0,40,0,42,0,12,0,16,0,20,0,234,0,184,IL1B,112833732
2,rs538154742,CT,C,3,232,2,206,1,166,0,24,0,44,0,40,0,40,0,12,0,16,0,20,0,234,0,184,IL1B,112833748
2,chr2:112833757G-A,G,A,0,232,0,206,0,166,0,24,0,44,0,40,1,42,0,12,0,16,0,20,0,234,0,184,IL1B,112833757
2,rs3136557,G,A,20,232,11,206,6,166,1,24,0,44,3,40,2,42,1,12,0,16,2,20,6,234,10,184,IL1B,112833765
2,chr2:112833798G-A,G,A,0,232,0,206,0,166,0,24,0,44,0,40,0,42,0,12,0,16,0,20,0,234,0,184,IL1B,112833798
2,rs539477216,G,A,1,232,0,206,0,166,0,24,0,44,0,40,0,42,0,12,0,16,0,20,0,234,0,184,IL1B,112833814
2,rs376339808,C,CA,0,232,7,206,1,166,0,24,1,44,0,40,2,42,0,12,1,16,0,20,5,234,0,184,IL1B,112833838
2,rs142218178,G,A,2,232,0,206,0,166,0,24,0,44,0,40,0,42,0,12,0,16,0,20,0,234,0,184,IL1B,112833862
2,chr2:112833937A-G,A,G,0,232,0,206,0,166,0,24,0,44,0,40,0,42,0,12,0,16,0,20,0,234,0,184,IL1B,112833937
2,rs549754977,T,G,0,232,0,206,0,166,0,24,0,44,0,40,0,42,0,12,0,16,0,20,1,234,0,184,IL1B,112833947
2,chr2:112833978G-A,G,A,0,232,0,206,0,166,0,24,0,44,0,40,0,42,0,12,0,16,0,20,0,234,0,184,IL1B,112833978
2,chr2:112833980G-C,G,C,0,232,0,206,0,166,0,24,0,44,0,40,0,42,0,12,0,16,0,20,0,234,0,184,IL1B,112833980
2,rs193162566,T,C,0,232,0,206,0,166,0,24,0,44,0,40,0,42,0,12,0,16,0,20,0,234,0,184,IL1B,112833989
2,rs538015386,T,TAAAAC,0,232,0,206,2,166,0,24,0,44,0,38,0,42,0,12,0,16,0,20,0,234,0,184,IL1B,112833994
2,rs576358755,TAAAACAAAAC,T,0,232,0,206,0,166,0,24,0,44,0,38,0,42,0,12,0,16,0,20,0,234,0,184,IL1B,112833994
2,rs542650420,TAAAAC,T,5,232,0,206,2,166,0,24,0,44,0,38,1,42,0,12,0,16,0,20,4,234,0,184,IL1B,112833994
2,chr2:112834011A-AAACAG,A,AAACAG,1,232,0,206,0,166,0,24,0,44,0,40,0,42,0,12,0,16,0,20,0,234,0,182,IL1B,112834011
2,rs1143631,A,G,10,232,10,206,9,166,7,24,5,44,2,40,1,42,3,12,1,16,0,20,9,234,12,184,IL1B,112834016
2,rs12991344,C,T,1,228,0,206,0,164,0,24,0,44,0,40,0,40,0,12,0,16,0,20,0,230,0,184,IL1B,112834019
2,rs529262883,C,CAAAAT,0,228,0,206,0,164,0,24,0,44,0,40,0,40,0,12,0,16,0,20,0,230,0,184,IL1B,112834019
2,rs183643701,T,C,0,232,3,204,1,164,0,24,0,44,0,40,0,42,0,12,0,16,0,20,1,234,0,184,IL1B,112834024
2,rs1143630,T,G,166,232,155,206,118,166,23,24,35,44,33,40,27,42,12,12,11,16,16,20,166,234,124,184,IL1B,112834078
2,rs189235692,A,G,0,232,0,206,0,166,0,24,0,44,0,40,0,42,0,12,0,16,0,20,0,234,0,184,IL1B,112834125
2,chr2:112834235C-G,C,G,0,232,0,206,0,166,0,24,0,44,0,40,0,42,0,12,0,16,0,20,0,234,0,184,IL1B,112834235
2,rs200619471,A,G,1,232,2,206,0,166,0,24,0,44,0,40,1,42,0,12,0,16,0,20,2,234,0,184,IL1B,112834237
2,chr2:112834251C-G,C,G,0,232,0,206,0,166,0,24,0,44,0,40,0,42,0,12,0,16,0,20,0,234,0,184,IL1B,112834251
2,rs374217372,G,A,0,232,0,206,0,166,0,24,0,44,0,40,0,42,0,12,0,16,0,20,0,234,0,184,IL1B,112834261
2,rs191379321,C,T,0,232,0,206,0,166,0,24,0,44,0,40,0,42,0,12,0,16,0,20,0,234,0,184,IL1B,112834323
2,chr2:112834362TC-T,TC,T,0,232,0,206,0,166,0,24,0,44,0,40,0,42,0,12,0,16,0,20,0,234,0,184,IL1B,112834362
2,chr2:112834369T-C,T,C,0,232,0,206,0,166,1,24,0,44,0,40,0,42,0,12,0,16,0,20,0,234,0,184,IL1B,112834369
2,rs183903244,C,T,0,232,0,206,0,166,4,24,0,44,0,40,0,42,0,12,0,16,0,20,0,234,0,184,IL1B,112834457
2,chr2:112834458G-A,G,A,0,232,0,206,0,166,0,24,0,44,0,40,0,42,0,12,0,16,0,20,0,234,0,184,IL1B,112834458
2,chr2:112834461T-G,T,G,0,232,0,206,0,166,0,24,0,44,0,40,0,42,0,12,0,16,0,20,0,234,0,184,IL1B,112834461
2,chr2:112834484T-TAAGGCATGATAATGGTTCAAAGGCTTGA,T,TAAGGCATGATAATGGTTCAAAGGCTTGA,0,232,0,206,0,166,0,24,0,44,0,40,0,42,0,12,0,16,0,20,1,234,0,184,IL1B,112834484
2,rs188380858,G,A,0,232,0,206,0,166,0,24,0,44,0,40,0,42,0,12,0,16,0,20,0,234,0,184,IL1B,112834488
2,rs545364657,G,T,0,232,0,206,0,166,0,24,0,44,0,40,0,42,0,12,0,16,0,20,0,234,0,184,IL1B,112834507
2,rs3917378,A,T,0,232,0,206,0,166,0,24,0,44,0,40,0,42,0,12,0,16,0,20,0,232,0,184,IL1B,112834549
2,chr2:112834553G-A,G,A,0,232,0,206,0,166,0,24,0,44,0,40,0,42,0,12,0,16,0,20,0,234,0,184,IL1B,112834553
2,rs541130763,G,A,1,232,0,206,0,166,0,24,0,44,0,40,0,42,0,12,0,16,0,20,0,232,0,184,IL1B,112834559
2,rs561007540,A,T,0,232,0,206,0,166,0,24,0,44,0,40,0,42,0,12,0,16,0,20,1,234,0,184,IL1B,112834649
2,rs530129353,A,C,0,232,0,206,0,166,0,24,0,44,0,40,0,42,0,12,0,16,0,20,0,234,0,184,IL1B,112834692
2,chr2:112834749A-G,A,G,0,232,0,206,0,166,0,24,0,44,0,40,0,42,0,12,0,16,0,20,0,234,0,184,IL1B,112834749
2,chr2:112834751T-G,T,G,0,232,0,206,0,166,0,24,0,44,0,40,0,42,0,12,0,16,0,20,0,234,0,184,IL1B,112834751
2,rs549790444,A,C,1,232,0,206,0,166,0,24,0,44,0,40,0,42,0,12,0,16,0,20,0,234,0,184,IL1B,112834774
2,chr2:112834777T-C,T,C,0,232,0,206,0,166,0,24,0,44,0,40,0,42,0,12,0,16,0,20,0,234,0,184,IL1B,112834777
2,rs3917356,C,T,63,232,61,206,38,166,9,24,11,44,14,40,10,42,0,12,2,16,4,20,64,234,38,184,IL1B,112834786
2,rs141915771,T,C,0,232,1,206,2,166,0,24,0,44,0,40,1,42,0,12,0,16,0,20,3,234,1,184,IL1B,112834884
2,chr2:112834884T-G,T,G,0,232,0,206,0,166,0,24,0,44,0,40,0,42,0,12,0,16,0,20,0,234,0,184,IL1B,112834884
2,rs150638407,G,T,0,232,0,206,0,166,0,24,0,44,0,40,0,42,0,12,0,16,0,20,0,234,0,184,IL1B,112834893
2,rs533707114,G,T,0,232,0,206,0,166,0,24,0,44,0,40,0,42,0,12,0,16,0,20,0,234,0,184,IL1B,112834907
2,chr2:112834914G-A,G,A,0,232,0,206,0,166,0,24,0,44,0,40,0,42,0,12,0,16,0,20,0,234,0,184,IL1B,112834914
2,rs140749280,T,C,0,232,0,206,0,166,0,24,0,44,0,40,0,42,0,12,0,16,0,20,0,234,1,184,IL1B,112835084
2,chr2:112835115C-T,C,T,0,232,0,206,0,166,0,24,0,44,0,40,0,42,0,12,0,16,0,20,0,234,0,184,IL1B,112835115
2,chr2:112835149G-A,G,A,0,232,0,206,0,166,0,24,0,44,0,40,0,42,0,12,0,16,0,20,0,234,0,184,IL1B,112835149
2,rs3917355,A,G,0,232,3,206,0,166,0,24,0,44,0,40,0,42,0,12,0,16,1,20,3,234,2,184,IL1B,112835260
2,rs536333790,G,A,1,232,0,206,0,166,0,24,0,44,0,40,0,42,0,12,0,16,0,20,0,234,0,184,IL1B,112835264
2,rs3917354,GA,G,22,232,18,206,5,166,1,24,0,44,3,40,3,42,1,12,2,16,2,20,14,234,21,184,IL1B,112835315
2,rs556232948,C,A,0,232,0,206,0,166,0,24,0,44,0,40,0,42,0,12,0,16,0,20,0,234,0,184,IL1B,112835347
2,rs3917353,C,T,13,232,4,206,9,166,0,24,0,44,0,40,2,42,0,12,1,16,0,20,8,234,3,184,IL1B,112835370
2,rs3917352,T,A,6,232,19,206,7,166,2,24,6,44,1,40,5,42,0,12,0,16,3,20,14,234,7,184,IL1B,112835372
2,rs558939049,A,G,0,232,0,206,0,166,0,24,0,44,0,40,0,42,0,12,0,16,0,20,0,234,0,184,IL1B,112835466
2,rs531740623,T,A,0,232,0,206,0,166,0,24,0,44,0,40,0,42,0,12,0,16,0,20,0,234,0,184,IL1B,112835488
2,rs561202371,C,T,0,232,0,206,0,166,0,24,0,44,0,40,0,42,0,12,0,16,0,20,0,234,0,184,IL1B,112835501
2,rs372283641,G,A,6,232,0,206,0,166,0,24,0,44,0,40,0,42,0,12,0,16,0,20,0,234,0,184,IL1B,112835520
2,rs770258696,G,T,0,232,0,206,0,166,0,24,0,44,0,40,0,42,0,12,0,16,0,20,0,234,0,184,IL1B,112835528
2,rs574625681,A,T,0,232,0,206,1,166,0,24,0,44,0,40,0,42,0,12,0,16,0,20,0,234,0,184,IL1B,112835556
2,rs200223008,T,A,0,232,0,206,0,166,0,24,0,44,0,40,0,42,0,12,0,16,0,20,1,234,0,184,IL1B,112835573
2,rs563720390,A,C,0,232,0,206,0,166,0,24,0,44,0,40,0,42,0,12,0,16,0,20,0,234,0,184,IL1B,112835707
2,rs532354063,A,T,0,232,0,206,0,166,0,24,0,44,0,40,0,42,0,12,0,16,0,20,0,234,0,184,IL1B,112835792
2,rs28730866,C,T,0,232,0,206,0,166,0,24,0,44,0,40,0,42,0,12,0,16,0,20,0,234,0,184,IL1B,112835844
2,rs1143629,G,A,134,232,119,206,85,166,23,24,30,44,27,40,24,42,5,12,7,16,9,20,125,234,73,184,IL1B,112835941
2,chr2:112835996G-A,G,A,0,232,0,206,0,166,0,24,0,44,0,40,0,42,0,12,0,16,0,20,0,234,0,184,IL1B,112835996
2,rs527582800,C,T,0,232,0,206,0,166,0,24,0,44,0,40,0,42,0,12,0,16,0,20,0,234,0,184,IL1B,112836006
2,chr2:112836011G-A,G,A,0,232,0,206,0,166,0,24,0,44,0,40,0,42,0,12,0,16,0,20,0,234,0,184,IL1B,112836011
2,rs3730364,T,C,6,232,7,206,6,166,0,24,1,44,2,40,0,42,0,12,0,16,2,20,3,234,10,184,IL1B,112836014
2,rs184928826,C,T,0,232,0,206,0,166,0,24,0,44,0,40,0,42,0,12,0,16,0,20,0,234,0,184,IL1B,112836065
2,chr2:112836068G-C,G,C,0,232,0,206,0,166,0,24,0,44,0,40,0,42,0,12,0,16,0,20,0,234,0,184,IL1B,112836068
2,rs796930576,C,T,0,232,0,206,0,166,0,24,3,44,0,40,0,42,0,12,2,16,0,20,0,234,0,184,IL1B,112836073
2,rs529833758,A,G,0,232,2,206,0,166,0,24,0,44,0,40,0,42,0,12,0,16,0,20,0,234,0,184,IL1B,112836097
2,rs3917350,A,G,13,232,4,206,9,166,0,24,0,44,0,40,2,42,0,12,1,16,0,20,8,234,3,184,IL1B,112836120
2,rs3917349,G,C,0,232,0,206,0,166,0,24,0,44,0,40,1,42,0,12,0,16,0,20,2,234,0,184,IL1B,112836142
2,rs3917348,G,A,15,232,19,206,9,166,0,24,5,44,6,40,4,42,0,12,0,16,2,20,21,234,5,184,IL1B,112836171
2,chr2:112836199T-C,T,C,0,232,0,206,0,166,0,24,0,44,1,40,0,42,0,12,0,16,0,20,0,234,0,184,IL1B,112836199
2,rs376289593,C,T,0,232,0,206,0,166,0,24,0,44,0,40,0,42,0,12,0,16,0,20,0,234,0,184,IL1B,112836202
2,rs370988408,G,T,0,232,0,206,0,166,0,24,0,44,0,40,0,42,0,12,0,16,0,20,0,234,0,184,IL1B,112836217
2,chr2:112836229T-C,T,C,0,232,0,206,0,166,0,24,0,44,0,40,0,42,0,12,0,16,0,20,0,234,0,184,IL1B,112836229
2,rs556698777,C,T,0,0,0,0,0,0,0,0,0,0,0,0,0,0,0,0,0,0,0,0,0,0,0,0,IL1B,112836242
2,rs55991300,C,T,0,232,0,206,0,166,0,24,0,44,0,40,0,42,0,12,0,16,0,20,0,234,0,184,IL1B,112836282
2,chr2:112836294T-A,T,A,0,232,0,206,0,164,0,24,0,44,0,40,0,42,0,12,0,16,0,20,0,234,0,184,IL1B,112836294
2,chr2:112836308C-T,C,T,0,232,0,206,0,166,0,24,1,44,0,40,0,42,0,12,0,16,0,20,0,234,0,184,IL1B,112836308
2,chr2:112836347C-G,C,G,0,232,0,206,0,166,0,24,0,44,0,40,0,42,0,12,0,16,0,20,0,234,0,184,IL1B,112836347
2,rs566271591,T,C,0,232,0,206,0,166,0,24,0,44,0,40,0,42,0,12,0,16,0,20,0,234,0,184,IL1B,112836407
2,rs534969908,T,C,0,232,0,206,0,166,0,24,0,44,0,40,0,42,0,12,0,16,0,20,0,234,0,184,IL1B,112836429
2,chr2:112836438T-C,T,C,0,232,0,206,1,166,0,24,0,44,0,40,0,42,0,12,0,16,0,20,0,234,0,184,IL1B,112836438
2,rs554758229,G,C,0,232,0,206,0,166,0,24,0,44,0,40,0,42,0,12,0,16,0,20,0,234,0,184,IL1B,112836445
2,rs574660533,G,T,0,232,0,206,0,166,0,24,0,44,0,40,0,42,0,12,0,16,0,20,0,234,0,184,IL1B,112836451
2,rs189808596,T,C,0,232,0,206,0,166,0,24,0,44,0,40,0,42,0,12,0,16,0,20,0,234,0,184,IL1B,112836481
2,chr2:112836501A-G,A,G,0,232,0,206,0,166,0,24,0,44,0,40,0,42,0,12,0,16,0,20,0,234,0,184,IL1B,112836501
2,rs557132984,C,T,0,232,0,206,1,166,0,24,0,44,0,40,0,42,0,12,0,16,0,20,0,234,0,184,IL1B,112836520
2,rs577256798,C,T,0,232,1,206,0,166,0,24,0,44,0,40,0,42,0,12,0,16,0,20,0,234,0,184,IL1B,112836521
2,chr2:112836527C-G,C,G,0,232,0,206,0,166,0,24,0,44,0,40,0,42,0,12,0,16,0,20,0,234,0,184,IL1B,112836527
2,chr2:112836546CT-C,CT,C,0,232,0,206,0,166,0,24,0,44,0,40,0,42,0,12,0,16,0,20,0,234,0,184,IL1B,112836546
2,rs545925461,A,G,0,230,0,206,0,166,0,24,0,42,0,40,0,40,0,12,0,16,0,20,0,234,0,184,IL1B,112836613
2,rs145667254,A,AAG,15,230,5,206,11,166,0,24,0,42,0,40,2,40,0,12,1,16,0,20,11,234,3,184,IL1B,112836613
2,rs372973976,AAG,A,0,230,0,206,0,166,0,24,0,42,0,40,0,40,0,12,0,16,1,20,0,234,0,184,IL1B,112836613
2,rs182185350,A,G,0,204,0,196,0,144,0,24,0,42,0,38,0,34,0,12,0,14,0,18,0,214,0,178,IL1B,112836614
2,rs534454119,CAG,C,2,232,0,206,0,166,0,24,0,44,0,40,0,42,0,12,0,16,0,20,0,234,0,184,IL1B,112836660
2,rs1143628,G,A,0,232,0,206,0,166,0,24,0,44,0,40,0,42,0,12,0,16,1,20,0,234,0,184,IL1B,112836701
2,chr2:112836702TCATACTTGAG-T,TCATACTTGAG,T,0,232,0,206,0,166,0,24,0,44,0,40,0,42,0,12,0,16,0,20,0,234,0,184,IL1B,112836702
2,rs115403599,T,A,0,232,0,206,0,166,0,24,0,44,0,40,0,42,0,12,0,16,0,20,1,234,0,184,IL1B,112836754
2,rs561088583,G,T,0,232,1,206,2,166,0,24,0,44,0,40,0,42,0,12,0,16,0,20,0,234,0,184,IL1B,112836778
2,rs529869449,C,T,0,232,0,206,0,166,0,24,0,44,0,40,0,42,0,12,0,16,0,20,0,234,0,184,IL1B,112836785
2,rs549858786,T,A,0,232,0,206,0,166,0,24,0,44,0,40,0,42,0,12,0,16,0,20,0,234,0,184,IL1B,112836807
2,rs1143627,G,A,99,232,74,206,53,166,8,24,15,44,22,40,14,42,2,12,3,16,6,20,82,234,51,184,IL1B,112836810
2,chr2:112836833G-C,G,C,0,232,0,206,0,166,0,24,2,44,0,40,0,42,0,12,0,16,0,20,0,234,0,184,IL1B,112836833
2,chr2:112836895A-G,A,G,0,232,0,206,0,166,0,24,0,44,0,40,0,42,0,12,0,16,0,20,0,234,0,184,IL1B,112836895
2,rs74579367,G,A,0,232,0,206,0,166,0,24,0,44,0,40,0,42,0,12,0,16,0,20,1,234,0,184,IL1B,112836916
