#CHROM	ID	REF	ALT	ALT_CTS	OBS_CT
21	rs2009130	C	G	183	206
21	rs368305659	G	A	0	206
21	rs189143477	A	G	0	206
21	rs568556256	T	G	0	206
21	rs753384139	C	T	0	206
21	chr21:33026004G-T	G	T	0	206
21	rs535986765	T	C	1	206
21	rs181038682	T	C	0	206
21	chr21:34398413G-T	G	T	0	0
21	chr21:33026185C-A	C	A	0	206
21	chr21:33026249C-G	C	G	0	206
21	rs575928457	G	A	0	206
21	chr21:33026269C-T	C	T	0	206
21	rs576380596	C	T	0	206
21	rs558431775	C	G	0	206
21	chr21:33026291C-T	C	T	0	206
21	rs80214334	G	A	31	206
21	rs540216197	C	G	0	206
21	rs561564458	C	A	0	206
21	rs1005573	C	T	183	206
21	rs543923644	T	C	0	206
21	rs562307816	C	T	0	206
21	rs1122807	A	T	91	206
21	rs76079786	C	A	10	206
21	rs560389836	A	G	0	206
21	rs527627403	A	G	0	206
21	chr21:33026608G-T	G	T	0	206
21	rs186266325	C	T	1	206
21	rs369432890	TG	T	2	206
21	rs568490983	C	G	0	206
21	rs188438551	T	C	0	206
21	chr21:33026697C-T	C	T	0	206
21	rs551107209	A	T	0	206
21	rs139845066	G	A	2	192
21	chr21:34399041A-ACTCT	A	ACTCT	0	0
21	rs10653491	A	ACTCT	91	206
21	rs780486724	ACT	A	0	206
21	chr21:33026737A-T	A	T	0	206
21	chr21:33026737ACTCTCTCTCTCTCTCC-A	ACTCTCTCTCTCTCTCC	A	0	206
21	chr21:33026737A-ACTCTCT	A	ACTCTCT	0	206
21	chr21:33026740C-A	C	A	0	204
21	rs7509766	C	T	0	128
21	rs559760919	C	CCT	0	128
21	chr21:33026753CCTCT-C	CCTCT	C	0	128
21	chr21:33026753CCT-C	CCT	C	0	128
21	rs181251566	T	C	0	206
21	rs7509885	T	C	0	160
21	rs534254125	C	G	0	206
21	rs554913222	C	T	0	206
21	rs527512475	T	TTC	0	204
21	rs530182400	TCTC	T	0	206
21	rs80264763	C	G	29	206
21	rs555172697	TC	T	0	206
21	rs543860493	C	G	0	206
21	rs199942816	G	T	0	206
21	rs774234409	CGCCAGCCTGGTG	C	0	206
21	chr21:33026894G-T	G	T	0	206
21	chr21:33026930C-G	C	G	0	206
21	rs147616967	C	T	0	206
21	rs371616082	C	T	0	206
21	rs779942865	C	A	0	206
21	rs142050633	G	C	0	206
21	rs560122767	C	G	0	206
21	rs143172291	C	G	0	206
21	rs145905387	G	T	0	206
21	rs762178	A	G	104	206
21	rs562023180	G	C	0	206
21	chr21:33027150G-A	G	A	0	206
21	rs529308616	G	A	0	206
21	rs373970719	G	A	0	206
21	rs533301958	G	A	0	206
21	chr21:33027394G-C	G	C	0	206
21	rs752612089	G	A	0	206
21	rs777162613	G	A	0	206
21	rs748794813	G	T	0	206
21	chr21:33027468C-T	C	T	0	206
21	chr21:33027473A-T	A	T	0	206
21	chr21:33027502C-T	C	T	0	206
21	chr21:33027505C-G	C	G	0	206
21	rs551930733	G	A	2	206
21	rs566971930	C	A	0	206
21	chr21:33027531G-A	G	A	0	206
21	chr21:33027532C-T	C	T	0	206
21	chr21:33027594C-T	C	T	0	206
21	chr21:33027678G-T	G	T	0	206
21	chr21:34400019G-A;chr21:33027711G-A	G	A	0	206
21	rs565245208	C	T	0	206
21	rs555647590	C	A	0	206
21	chr21:33027774C-T	C	T	0	206
21	rs146665636	T	C	62	206
21	rs527772945	G	A	0	206
21	rs555780794	C	A	0	206
21	rs9982080	G	T	23	206
21	chr21:33027841T-C	T	C	0	206
21	rs544803425	G	T	0	206
21	rs553898573	G	A	0	206
21	rs764090183	G	C	0	206
21	chr21:33027868G-A	G	A	0	206
21	chr21:33027879C-T	C	T	0	206
21	rs753441053	G	A	0	206
21	rs752233835	G	C	0	206
21	rs758090642	G	T	0	206
21	rs75886699	C	T	29	206
21	chr21:34400211C-A	C	A	0	0
21	rs542896740	C	T	0	206
21	rs56307226	G	C	0	206
21	chr21:33027937G-A	G	A	0	206
21	rs531681936	G	T	0	206
21	rs544603985	G	A	0	206
21	rs562900247	G	A	0	206
21	chr21:33028031G-A	G	A	0	206
21	rs533439442	C	T	0	206
21	chr21:33028042C-G	C	G	0	206
21	rs551597925	C	T	0	206
21	chr21:33028123A-G	A	G	0	206
21	rs1059004	C	A	11	206
21	rs6517136	A	T	62	206
21	chr21:33028233T-C	T	C	0	206
21	chr21:33028235C-CG	C	CG	0	204
21	chr21:33028235CG-C	CG	C	0	204
21	chr21:33028236G-C	G	C	0	206
21	rs535989852	G	T	0	206
21	chr21:33028237G-C	G	C	0	206
21	rs567610213	G	C	0	206
21	rs538181459	G	T	0	206
21	chr21:33028242G-T	G	T	0	206
21	rs549342940	G	T	0	206
21	chr21:33028303G-A	G	A	0	206
21	rs571175003	C	T	0	206
21	chr21:33028375C-G	C	G	0	206
21	rs538687946	G	A	0	202
21	chr21:33028410G-A	G	A	0	206
21	chr21:34400748C-T	C	T	0	0
21	rs761011574	G	A	0	206
21	rs6517137	T	C	46	206
21	rs572153765	G	A	0	206
21	rs140438475	C	T	0	206
21	rs556379078	T	C	0	206
21	rs753495444	T	A	0	206
21	rs77607610	G	A	2	206
21	chr21:33028672A-G	A	G	0	206
21	rs377317090	AT	A	0	206
21	rs150369766	C	T	0	206
21	rs185712673	T	A	0	206
21	chr21:33028783TGG-T	TGG	T	0	206
21	chr21:33028792T-C	T	C	0	206
21	rs562865022	T	G	0	206
21	rs577966797	G	A	0	206
21	rs376682058	C	T	0	206
21	chr21:33028891A-G	A	G	0	206
21	chr21:33028915C-T	C	T	0	206
21	rs111388617	C	A	3	206
21	rs190678312	A	G	0	206
21	rs560231654	C	T	0	206
21	rs561173807	C	G	0	206
21	rs370788075	T	A	0	206
21	rs531854527	G	A	0	206
21	rs111859112	T	G	0	206
21	rs571177326	A	G	0	206
21	rs13046814	T	G	7	206
21	chr21:33029092T-C	T	C	0	206
21	rs547410200	T	C	0	206
21	chr21:33029149C-T	C	T	0	206
21	rs182058038	T	A	2	206
21	chr21:34401563G-T	G	T	0	0
21	rs7278343	A	G	56	206
21	rs151281307	AT	A	1	206
21	rs554778511	G	A	0	206
