,ID,POS,REF,ALT,ACB_ac,ACB_tc,GWD_ac,GWD_tc,ESN_ac,ESN_tc,MSL_ac,MSL_tc,MbutiPygmy_ac,MbutiPygmy_tc,BiakaPygmy_ac,BiakaPygmy_tc,Mandenka_ac,Mandenka_tc,Yoruba_ac,Yoruba_tc,San_ac,San_tc,BantuSouthAfrica_ac,BantuSouthAfrica_tc,BantuKenya_ac,BantuKenya_tc,YRI_ac,YRI_tc,LWK_ac,LWK_tc,ASW_ac,ASW_tc,GENE
0,rs2009130,33025870,C,G,206,228,308,352,267,296,161,196,25,28,45,52,38,46,39,42,12,12,16,16,22,24,311,350,166,194,119,142,OLIG2
1,rs368305659,33025919,G,A,0,228,0,352,0,296,0,196,0,28,0,52,0,46,0,42,0,12,0,16,0,24,0,350,0,194,0,142,OLIG2
2,rs189143477,33025946,A,G,0,228,0,352,0,296,0,196,0,28,0,52,0,46,0,42,0,12,0,16,0,24,0,350,0,194,0,142,OLIG2
3,rs568556256,33025947,T,G,0,228,0,352,0,296,0,196,0,28,0,52,0,46,0,42,0,12,0,16,0,24,0,350,0,194,0,142,OLIG2
4,rs753384139,33025969,C,T,0,228,0,352,0,296,0,196,0,28,0,52,0,46,0,42,0,12,0,16,0,24,0,350,0,194,0,142,OLIG2
5,chr21:33026004G-T,33026004,G,T,0,228,0,352,0,296,0,196,0,28,0,52,0,46,0,42,0,12,0,16,0,24,0,350,0,194,0,142,OLIG2
6,rs535986765,33026021,T,C,0,228,0,352,1,296,0,196,0,28,0,52,0,46,0,42,0,12,0,16,0,24,0,350,0,194,0,142,OLIG2
7,rs181038682,33026082,T,C,0,228,0,352,0,296,0,196,0,28,0,52,0,46,0,42,0,12,0,16,0,24,0,350,0,194,0,142,OLIG2
8,chr21:34398413G-T,33026105,G,T,0,0,0,0,0,0,0,0,0,0,0,0,0,0,0,0,0,0,0,0,0,0,0,0,0,0,0,0,OLIG2
9,chr21:33026185C-A,33026185,C,A,0,228,0,352,0,296,0,196,0,28,0,52,0,46,0,42,0,12,0,16,0,24,0,350,0,194,0,142,OLIG2
10,chr21:33026249C-G,33026249,C,G,0,228,0,352,0,296,0,196,0,28,0,52,0,46,0,42,0,12,0,16,0,24,0,350,0,194,0,142,OLIG2
11,rs575928457,33026260,G,A,0,228,0,352,0,296,0,196,0,28,0,52,0,46,0,42,0,12,0,16,0,24,0,350,0,194,0,142,OLIG2
12,chr21:33026269C-T,33026269,C,T,0,228,0,352,0,296,0,196,0,28,0,52,0,46,0,42,0,12,0,16,0,24,0,350,0,194,0,142,OLIG2
13,rs576380596,33026271,C,T,0,228,0,352,0,296,0,196,0,28,0,52,0,46,0,42,0,12,0,16,0,24,0,350,1,194,0,142,OLIG2
14,rs558431775,33026280,C,G,0,228,1,352,0,296,0,196,0,28,0,52,0,46,0,42,0,12,0,16,0,24,0,350,0,194,0,142,OLIG2
15,chr21:33026291C-T,33026291,C,T,0,228,0,352,0,296,0,196,0,28,0,52,0,46,0,42,0,12,0,16,0,24,0,350,0,194,0,142,OLIG2
16,rs80214334,33026310,G,A,33,228,31,352,45,296,33,196,15,28,16,52,11,46,6,42,5,12,2,16,7,24,47,350,33,194,18,142,OLIG2
17,rs540216197,33026388,C,G,0,228,0,352,0,296,0,196,0,28,0,52,0,46,0,42,0,12,0,16,0,24,0,350,0,194,0,142,OLIG2
18,rs561564458,33026389,C,A,0,228,0,352,0,296,2,196,0,28,0,52,0,46,0,42,0,12,0,16,0,24,0,350,0,194,0,142,OLIG2
19,rs1005573,33026408,C,T,204,228,308,352,267,296,161,196,25,28,45,52,38,46,39,42,12,12,16,16,22,24,311,350,165,194,118,142,OLIG2
20,rs543923644,33026450,T,C,0,228,0,352,0,296,0,196,0,28,0,52,0,46,0,42,0,12,0,16,0,24,0,350,0,194,0,142,OLIG2
21,rs562307816,33026465,C,T,0,228,0,352,0,296,0,196,0,28,0,52,0,46,0,42,0,12,0,16,0,24,0,350,0,194,0,142,OLIG2
22,rs1122807,33026485,A,T,97,228,110,352,133,296,90,196,20,28,27,52,20,46,17,42,9,12,5,16,12,24,151,350,60,194,45,142,OLIG2
23,rs76079786,33026508,C,A,12,228,12,352,16,296,14,196,1,28,2,52,3,46,2,42,0,12,0,16,1,24,16,350,4,194,11,142,OLIG2
24,rs560389836,33026552,A,G,0,228,0,352,0,296,0,196,0,28,0,52,0,46,0,42,0,12,0,16,0,24,0,350,0,194,0,142,OLIG2
25,rs527627403,33026555,A,G,0,228,0,352,0,296,0,196,0,28,0,52,0,46,0,42,0,12,0,16,0,24,0,350,0,194,0,142,OLIG2
26,chr21:33026608G-T,33026608,G,T,0,228,0,352,0,296,0,196,0,28,0,52,0,46,0,42,0,12,0,16,0,24,0,350,0,194,0,142,OLIG2
27,rs186266325,33026657,C,T,2,228,0,352,1,296,2,196,0,28,0,52,0,46,0,42,0,12,0,16,0,24,0,350,4,194,1,142,OLIG2
28,rs369432890,33026669,TG,T,1,228,1,352,2,296,1,196,0,28,2,52,0,46,2,42,1,12,0,16,1,24,4,350,2,194,2,142,OLIG2
29,rs568490983,33026682,C,G,0,228,0,352,0,296,0,196,0,28,0,52,0,46,0,42,0,12,0,16,0,24,0,350,0,194,0,142,OLIG2
30,rs188438551,33026695,T,C,0,228,0,352,0,296,0,196,0,28,0,52,0,46,0,42,2,12,0,16,0,24,0,350,2,194,0,142,OLIG2
31,chr21:33026697C-T,33026697,C,T,0,228,0,352,0,296,0,196,0,28,0,52,0,46,0,42,0,12,0,16,0,24,0,350,0,194,0,142,OLIG2
32,rs551107209,33026703,A,T,0,228,0,352,0,296,0,196,0,28,0,52,0,46,0,42,0,12,0,16,0,24,0,350,0,194,0,142,OLIG2
33,rs139845066,33026732,G,A,1,222,0,340,2,280,1,192,0,16,2,46,0,36,2,38,0,4,0,16,1,18,2,336,2,192,2,142,OLIG2
34,chr21:34399041A-ACTCT,33026733,A,ACTCT,0,0,0,0,0,0,0,0,0,0,0,0,0,0,0,0,0,0,0,0,0,0,0,0,0,0,0,0,OLIG2
35,rs10653491,33026737,A,ACTCT,99,228,108,350,132,296,88,196,20,28,27,50,19,44,15,40,8,10,4,16,12,22,153,350,63,194,50,142,OLIG2
36,rs780486724,33026737,ACT,A,0,228,0,350,0,296,0,196,0,28,0,50,0,44,0,40,0,10,0,16,0,22,0,350,0,194,0,142,OLIG2
37,chr21:33026737A-T,33026737,A,T,0,228,0,350,0,296,0,196,0,28,0,50,0,44,1,40,0,10,0,16,0,22,0,350,0,194,0,142,OLIG2
38,chr21:33026737ACTCTCTCTCTCTCTCC-A,33026737,ACTCTCTCTCTCTCTCC,A,0,228,1,350,0,296,0,196,0,28,0,50,0,44,0,40,0,10,0,16,0,22,0,350,0,194,0,142,OLIG2
39,chr21:33026737A-ACTCTCT,33026737,A,ACTCTCT,0,228,0,350,0,296,0,196,0,28,0,50,0,44,0,40,0,10,1,16,0,22,2,350,0,194,0,142,OLIG2
40,chr21:33026740C-A,33026740,C,A,0,228,0,350,0,294,0,196,0,28,0,52,0,46,0,42,0,12,0,16,0,24,0,350,0,194,0,142,OLIG2
41,rs7509766,33026753,C,T,0,138,0,260,0,180,0,128,0,10,0,30,0,32,1,26,0,4,0,10,0,16,0,210,1,144,0,100,OLIG2
42,rs559760919,33026753,C,CCT,0,138,0,260,0,180,0,128,0,10,0,30,0,32,0,26,0,4,0,10,0,16,0,210,0,144,0,100,OLIG2
43,chr21:33026753CCTCT-C,33026753,CCTCT,C,0,138,0,260,0,180,0,128,0,10,0,30,0,32,0,26,0,4,0,10,0,16,0,210,0,144,0,100,OLIG2
44,chr21:33026753CCT-C,33026753,CCT,C,0,138,0,260,0,180,0,128,0,10,1,30,0,32,2,26,0,4,0,10,0,16,0,210,0,144,0,100,OLIG2
45,rs181251566,33026755,T,C,0,228,2,352,0,296,0,196,0,24,0,48,0,44,0,34,0,12,0,16,0,24,2,350,0,192,0,142,OLIG2
46,rs7509885,33026757,T,C,0,178,0,318,0,228,0,164,0,18,0,40,0,40,0,40,0,4,0,16,0,20,0,282,1,162,0,120,OLIG2
47,rs534254125,33026758,C,G,0,228,0,352,0,296,0,196,0,28,0,52,0,46,0,42,0,12,0,16,0,24,0,350,0,194,0,142,OLIG2
48,rs554913222,33026760,C,T,0,228,0,352,0,296,0,196,0,28,0,52,0,46,0,42,0,12,0,16,0,24,0,350,0,194,0,142,OLIG2
49,rs527512475,33026770,T,TTC,0,228,0,352,0,294,0,196,0,28,0,52,0,46,0,42,0,12,0,16,0,24,0,350,0,194,0,140,OLIG2
50,rs530182400,33026782,TCTC,T,0,228,0,352,0,296,0,196,0,28,0,52,0,46,0,42,0,12,0,16,0,24,0,350,0,194,0,142,OLIG2
51,rs80264763,33026785,C,G,31,228,29,352,42,296,30,196,1,28,5,52,11,46,6,42,0,12,0,16,5,24,46,350,26,194,18,142,OLIG2
52,rs555172697,33026809,TC,T,0,228,0,352,0,296,0,196,0,28,0,52,0,44,0,42,0,12,0,16,0,24,0,350,0,194,0,142,OLIG2
53,rs543860493,33026842,C,G,0,228,0,352,0,296,0,196,0,28,0,52,0,46,0,42,0,12,0,16,0,24,0,350,0,194,0,142,OLIG2
54,rs199942816,33026859,G,T,0,228,0,352,0,296,0,196,0,26,0,52,0,46,0,42,0,12,0,16,0,24,0,350,0,194,0,142,OLIG2
55,rs774234409,33026874,CGCCAGCCTGGTG,C,0,228,0,352,0,296,0,196,0,28,0,52,0,46,0,42,0,12,0,16,0,24,0,350,0,194,0,142,OLIG2
56,chr21:33026894G-T,33026894,G,T,0,228,0,352,0,296,0,196,0,28,0,52,0,46,0,42,0,12,0,16,0,24,0,350,0,194,0,142,OLIG2
57,chr21:33026930C-G,33026930,C,G,0,228,0,352,0,296,0,196,0,28,0,52,0,46,0,42,0,12,0,16,0,24,0,350,0,194,0,142,OLIG2
58,rs147616967,33026934,C,T,0,228,0,352,0,296,0,196,0,28,0,52,0,46,0,42,0,12,1,16,0,24,2,350,0,194,0,142,OLIG2
59,rs371616082,33027018,C,T,0,228,0,352,0,296,0,196,0,28,0,52,0,46,0,42,0,12,0,16,0,24,0,350,0,194,0,142,OLIG2
60,rs779942865,33027051,C,A,0,228,0,352,0,296,0,196,0,28,0,52,0,46,0,42,0,12,0,16,0,24,0,350,0,194,0,142,OLIG2
61,rs142050633,33027054,G,C,0,228,0,352,0,296,0,196,0,28,0,52,0,46,0,42,0,12,0,16,0,24,0,350,0,194,0,142,OLIG2
62,rs560122767,33027058,C,G,0,228,0,352,0,296,0,196,0,28,0,52,0,46,0,42,0,12,0,16,0,24,0,350,0,194,0,142,OLIG2
63,rs143172291,33027070,C,G,0,228,0,352,0,296,0,196,0,28,0,52,0,46,0,42,0,12,0,16,0,24,0,350,0,194,0,142,OLIG2
64,rs145905387,33027077,G,T,0,228,0,352,0,296,0,196,0,28,0,52,0,46,0,42,0,12,0,16,0,24,0,350,0,194,0,142,OLIG2
65,rs762178,33027093,A,G,133,228,144,352,151,296,105,196,9,28,25,52,25,46,23,42,4,12,6,16,13,24,181,350,75,194,75,142,OLIG2
66,rs562023180,33027129,G,C,0,228,0,352,0,296,0,196,0,28,0,52,0,46,0,42,0,12,0,16,0,24,0,350,0,194,0,142,OLIG2
67,chr21:33027150G-A,33027150,G,A,0,228,0,352,0,296,0,196,0,28,0,52,0,46,0,42,0,12,0,16,0,24,0,350,0,194,0,142,OLIG2
68,rs529308616,33027270,G,A,0,228,0,352,0,296,0,196,0,28,0,52,0,46,0,42,0,12,0,16,0,24,0,350,0,194,0,142,OLIG2
69,rs373970719,33027315,G,A,0,228,0,352,0,296,0,196,0,28,0,50,0,46,0,42,0,12,0,16,0,24,0,350,0,194,0,142,OLIG2
70,rs533301958,33027327,G,A,0,228,0,352,0,296,2,196,0,28,0,52,0,46,0,42,0,12,0,16,0,24,0,350,0,194,0,142,OLIG2
71,chr21:33027394G-C,33027394,G,C,0,228,0,352,0,296,0,196,0,28,0,52,0,46,0,42,0,12,0,16,0,24,0,350,0,194,0,142,OLIG2
72,rs752612089,33027406,G,A,0,228,0,352,0,296,0,196,0,28,0,52,0,46,0,42,0,12,0,16,0,24,0,350,0,194,0,142,OLIG2
73,rs777162613,33027450,G,A,0,228,0,352,0,296,0,196,0,26,0,52,0,44,0,40,0,10,0,16,0,24,0,350,1,194,0,142,OLIG2
74,rs748794813,33027456,G,T,3,228,0,352,0,296,0,196,0,26,1,52,0,44,1,40,0,10,1,16,0,24,3,350,0,194,2,142,OLIG2
75,chr21:33027468C-T,33027468,C,T,0,228,1,352,0,296,0,196,0,26,0,52,0,44,0,40,0,10,0,16,0,24,0,350,0,194,0,142,OLIG2
76,chr21:33027473A-T,33027473,A,T,0,228,0,352,0,296,0,196,0,26,0,52,0,42,0,40,0,10,0,16,0,24,0,350,0,194,0,142,OLIG2
77,chr21:33027502C-T,33027502,C,T,0,228,0,352,0,296,0,196,0,26,0,52,0,44,0,40,0,10,0,16,0,24,0,350,0,194,0,142,OLIG2
78,chr21:33027505C-G,33027505,C,G,0,228,0,352,0,296,0,196,0,26,0,52,0,44,0,40,0,10,0,16,0,24,0,350,0,194,0,142,OLIG2
79,rs551930733,33027510,G,A,1,228,0,352,3,296,0,196,0,26,0,52,0,44,1,40,0,10,0,16,0,24,7,350,1,194,0,142,OLIG2
80,rs566971930,33027520,C,A,0,228,0,352,0,296,0,196,0,26,0,52,0,44,0,40,0,10,0,16,0,24,0,350,0,194,0,142,OLIG2
81,chr21:33027531G-A,33027531,G,A,0,228,0,352,0,296,0,196,0,26,0,52,0,44,0,40,0,10,0,16,0,24,0,350,0,194,0,142,OLIG2
82,chr21:33027532C-T,33027532,C,T,0,228,0,352,0,296,0,196,0,26,0,52,0,44,0,40,0,10,0,16,0,24,0,350,0,194,0,142,OLIG2
83,chr21:33027594C-T,33027594,C,T,0,228,0,352,0,296,0,196,0,26,0,52,0,44,0,40,0,10,0,16,0,24,0,350,0,194,0,142,OLIG2
84,chr21:33027678G-T,33027678,G,T,0,228,0,352,0,296,0,196,0,26,0,52,0,44,0,40,0,10,0,16,0,24,0,350,0,194,0,142,OLIG2
85,chr21:34400019G-A;chr21:33027711G-A,33027711,G,A,0,0,0,0,0,0,0,0,0,0,0,0,0,0,0,0,0,0,0,0,0,0,0,0,0,0,0,0,OLIG2
86,rs565245208,33027772,C,T,0,228,0,352,0,296,0,196,0,26,0,52,0,44,0,40,0,10,0,16,0,24,0,350,0,194,0,142,OLIG2
87,rs555647590,33027774,C,A,0,228,0,352,0,296,0,196,0,26,0,52,0,44,0,40,0,12,0,16,0,24,0,350,0,194,0,142,OLIG2
88,chr21:33027774C-T,33027774,C,T,0,228,0,352,0,296,0,196,0,26,0,52,0,44,0,40,0,12,0,16,0,24,0,350,0,194,0,142,OLIG2
89,rs146665636,33027789,T,C,66,228,81,352,91,296,59,196,19,28,22,52,8,44,11,42,9,12,5,16,7,24,105,350,34,194,27,142,OLIG2
90,rs527772945,33027799,G,A,0,228,0,352,0,296,0,196,0,28,0,52,0,44,0,42,0,12,0,16,0,24,0,350,1,194,0,142,OLIG2
91,rs555780794,33027809,C,A,0,228,0,352,0,296,0,196,0,28,0,52,0,44,0,42,0,12,0,16,0,24,0,350,0,194,0,142,OLIG2
92,rs9982080,33027838,G,T,35,228,49,352,34,296,23,196,0,28,6,52,1,46,8,42,2,12,4,16,3,24,56,350,46,194,24,142,OLIG2
93,chr21:33027841T-C,33027841,T,C,0,228,0,352,0,296,0,194,0,28,0,52,0,46,0,42,0,12,0,16,0,24,0,350,1,194,0,142,OLIG2
94,rs544803425,33027848,G,T,0,228,0,352,0,296,0,196,0,28,0,52,0,46,0,42,0,10,0,16,0,24,0,350,0,194,0,142,OLIG2
95,rs553898573,33027867,G,A,0,228,0,352,0,296,0,196,0,28,0,52,0,46,0,42,0,12,0,16,0,24,0,350,0,194,0,142,OLIG2
96,rs764090183,33027868,G,C,0,228,0,352,0,296,0,196,0,28,0,52,0,46,0,42,0,12,0,16,0,24,0,350,0,194,0,142,OLIG2
97,chr21:33027868G-A,33027868,G,A,0,228,0,352,0,296,0,196,0,28,0,52,0,46,0,42,0,12,0,16,0,24,0,350,0,194,0,142,OLIG2
98,chr21:33027879C-T,33027879,C,T,0,228,0,352,0,296,0,196,0,28,0,52,0,46,0,42,0,12,0,16,0,24,0,350,1,194,0,142,OLIG2
99,rs753441053,33027884,G,A,0,228,0,352,0,296,0,196,0,28,0,52,0,46,0,42,0,12,0,16,0,24,0,350,0,194,0,142,OLIG2
100,rs752233835,33027892,G,C,0,228,0,352,0,296,0,196,0,28,0,52,0,46,0,42,0,12,0,16,0,24,0,350,0,194,0,142,OLIG2
101,rs758090642,33027893,G,T,0,228,0,352,0,296,0,196,0,28,0,52,0,46,0,42,0,12,0,16,0,24,0,350,0,194,0,142,OLIG2
102,rs75886699,33027895,C,T,31,228,29,352,42,296,29,196,1,28,5,52,11,46,6,42,0,12,0,16,5,24,46,350,25,194,18,142,OLIG2
103,chr21:34400211C-A,33027903,C,A,0,0,0,0,0,0,0,0,0,0,0,0,0,0,0,0,0,0,0,0,0,0,0,0,0,0,0,0,OLIG2
104,rs542896740,33027912,C,T,0,228,0,352,0,296,0,196,0,28,0,52,0,46,0,42,0,12,0,16,0,24,0,350,0,194,0,142,OLIG2
105,rs56307226,33027929,G,C,4,228,1,352,0,296,0,196,0,28,0,52,2,46,0,42,0,12,0,16,0,24,0,350,0,194,8,142,OLIG2
106,chr21:33027937G-A,33027937,G,A,0,228,1,352,0,296,0,196,0,26,0,52,0,46,0,42,0,12,0,16,0,24,0,350,1,194,0,142,OLIG2
107,rs531681936,33027952,G,T,0,228,0,352,0,296,0,196,0,28,0,52,0,46,0,42,0,12,0,16,0,24,0,350,0,194,0,142,OLIG2
108,rs544603985,33027954,G,A,0,228,0,352,0,296,0,196,0,28,0,52,0,46,0,42,0,12,0,16,0,24,0,350,0,194,0,142,OLIG2
109,rs562900247,33028000,G,A,0,228,0,352,0,296,0,196,0,28,0,52,0,46,0,42,0,12,0,16,0,24,0,350,0,194,0,142,OLIG2
110,chr21:33028031G-A,33028031,G,A,0,228,0,352,0,296,0,196,0,28,0,52,0,46,0,42,0,12,0,16,0,24,0,350,0,194,0,142,OLIG2
111,rs533439442,33028041,C,T,0,228,0,352,0,296,0,196,0,28,0,52,0,46,0,42,0,12,0,16,0,24,0,350,0,194,0,142,OLIG2
112,chr21:33028042C-G,33028042,C,G,0,228,0,352,0,296,0,196,0,28,0,52,0,46,0,42,0,12,0,16,0,24,0,350,0,194,0,142,OLIG2
113,rs551597925,33028057,C,T,0,228,0,352,0,296,0,196,0,28,0,52,0,46,0,42,0,12,0,16,0,24,0,350,0,194,0,142,OLIG2
114,chr21:33028123A-G,33028123,A,G,0,228,0,352,0,296,0,196,0,28,0,52,0,46,0,42,0,12,0,16,0,24,0,350,0,194,0,142,OLIG2
115,rs1059004,33028155,C,A,25,228,26,352,16,296,16,196,3,28,8,52,3,46,4,42,1,12,4,16,4,24,26,350,20,194,27,142,OLIG2
116,rs6517136,33028180,A,T,66,228,81,352,91,296,59,196,19,28,20,52,9,46,11,42,9,12,4,16,7,24,103,350,33,194,27,142,OLIG2
117,chr21:33028233T-C,33028233,T,C,0,228,0,352,0,296,0,196,0,28,0,52,0,46,0,42,0,12,0,16,0,24,0,350,0,194,0,142,OLIG2
118,chr21:33028235C-CG,33028235,C,CG,0,228,0,352,0,294,0,196,0,28,0,52,0,44,0,42,0,12,0,16,0,24,0,350,0,192,0,142,OLIG2
119,chr21:33028235CG-C,33028235,CG,C,0,228,0,352,0,294,0,196,0,28,0,52,0,44,0,42,0,12,0,16,0,24,0,350,0,192,0,142,OLIG2
120,chr21:33028236G-C,33028236,G,C,0,228,0,352,0,296,0,196,0,28,0,52,0,46,0,42,0,12,0,16,0,22,0,350,0,194,0,142,OLIG2
121,rs535989852,33028237,G,T,0,228,1,352,0,296,1,196,0,28,0,52,0,46,0,42,0,12,0,16,0,24,0,350,0,194,1,142,OLIG2
122,chr21:33028237G-C,33028237,G,C,0,228,0,352,0,296,3,196,0,28,0,52,0,46,0,42,0,12,0,16,0,24,0,350,0,194,0,142,OLIG2
123,rs567610213,33028238,G,C,0,228,0,352,0,296,0,196,0,28,0,52,0,46,0,42,0,12,0,16,0,24,0,350,0,194,0,142,OLIG2
124,rs538181459,33028241,G,T,0,228,0,352,0,296,0,196,0,28,0,52,0,46,0,42,0,12,0,16,0,24,0,350,0,194,0,142,OLIG2
125,chr21:33028242G-T,33028242,G,T,0,228,0,352,0,296,0,196,0,28,0,52,0,46,0,42,0,12,0,16,0,24,0,350,0,194,0,142,OLIG2
126,rs549342940,33028261,G,T,0,228,0,352,0,296,0,196,0,28,0,52,0,46,0,42,0,12,0,16,0,24,0,350,0,194,0,142,OLIG2
127,chr21:33028303G-A,33028303,G,A,0,228,0,352,0,296,0,196,0,28,0,52,0,46,0,42,0,12,0,16,0,24,0,350,0,194,0,142,OLIG2
128,rs571175003,33028316,C,T,0,228,0,352,0,296,0,196,0,28,0,52,0,46,0,42,0,12,0,16,0,24,0,350,0,194,0,142,OLIG2
129,chr21:33028375C-G,33028375,C,G,0,228,0,352,0,296,0,196,0,28,0,52,0,46,0,42,0,12,0,16,1,24,0,350,0,194,0,142,OLIG2
130,rs538687946,33028393,G,A,0,226,0,334,0,292,0,194,0,28,0,52,0,46,0,42,0,12,0,16,0,24,0,348,1,192,0,142,OLIG2
131,chr21:33028410G-A,33028410,G,A,0,228,0,352,0,296,0,196,0,28,0,52,0,46,0,42,0,12,0,16,0,24,0,350,0,194,2,142,OLIG2
132,chr21:34400748C-T,33028440,C,T,0,0,0,0,0,0,0,0,0,0,0,0,0,0,0,0,0,0,0,0,0,0,0,0,0,0,0,0,OLIG2
133,rs761011574,33028455,G,A,0,228,0,352,0,296,0,196,0,28,0,52,0,46,0,42,0,12,0,16,0,24,0,350,0,194,0,142,OLIG2
134,rs6517137,33028471,T,C,33,228,104,352,68,296,28,196,2,28,3,52,12,46,8,42,0,12,3,16,3,24,66,350,37,190,19,142,OLIG2
135,rs572153765,33028516,G,A,1,228,0,352,0,296,0,196,0,28,0,52,0,46,0,42,0,12,0,16,0,24,0,350,0,194,0,142,OLIG2
136,rs140438475,33028537,C,T,0,228,0,352,0,296,0,196,0,28,0,52,0,46,0,42,0,12,0,16,0,24,0,350,0,194,0,142,OLIG2
137,rs556379078,33028561,T,C,0,228,0,352,0,296,0,196,0,28,0,52,0,46,0,42,1,12,0,16,0,24,0,350,0,194,0,142,OLIG2
138,rs753495444,33028563,T,A,0,228,0,352,0,296,0,196,0,28,0,52,0,46,0,42,0,12,0,16,0,24,0,350,0,194,0,142,OLIG2
139,rs77607610,33028599,G,A,0,228,0,352,3,296,0,196,0,28,0,52,0,46,1,42,0,12,0,16,0,24,2,350,1,194,0,142,OLIG2
140,chr21:33028672A-G,33028672,A,G,0,228,0,352,0,296,0,196,0,28,0,52,0,46,0,42,0,12,0,16,0,24,0,350,0,194,0,142,OLIG2
141,rs377317090,33028719,AT,A,0,228,0,352,0,296,0,196,0,28,1,52,0,46,0,42,0,12,0,16,0,24,0,350,0,194,0,142,OLIG2
142,rs150369766,33028728,C,T,0,228,0,352,0,296,0,196,0,28,0,52,0,46,0,42,0,12,0,16,0,24,0,350,0,194,0,142,OLIG2
143,rs185712673,33028758,T,A,0,228,0,352,0,296,0,196,0,28,0,52,0,46,0,42,0,12,0,16,0,24,0,350,2,194,0,142,OLIG2
144,chr21:33028783TGG-T,33028783,TGG,T,0,228,0,352,0,296,0,196,0,28,0,52,0,46,0,42,0,12,0,16,0,24,0,350,0,194,1,142,OLIG2
145,chr21:33028792T-C,33028792,T,C,0,228,0,352,0,296,0,196,0,28,0,52,0,46,0,42,0,12,0,16,0,24,0,350,0,194,0,142,OLIG2
146,rs562865022,33028794,T,G,0,228,0,352,0,296,0,196,0,28,0,52,0,46,0,42,0,12,0,16,0,24,0,350,0,194,0,142,OLIG2
147,rs577966797,33028866,G,A,0,228,0,352,0,296,0,196,0,28,0,52,0,46,0,42,0,12,0,16,0,24,0,350,1,194,0,142,OLIG2
148,rs376682058,33028889,C,T,0,228,0,352,0,296,0,196,0,28,0,52,0,46,0,42,0,12,0,16,0,24,0,350,0,194,0,142,OLIG2
149,chr21:33028891A-G,33028891,A,G,0,228,0,352,0,296,0,196,0,28,0,52,0,46,0,42,0,12,0,16,0,24,0,350,0,194,0,142,OLIG2
150,chr21:33028915C-T,33028915,C,T,0,228,0,352,0,296,0,196,0,28,0,52,0,46,0,42,0,12,0,16,0,24,0,350,0,194,0,142,OLIG2
151,rs111388617,33028937,C,A,3,228,6,352,5,296,2,196,0,28,8,50,0,46,0,42,4,12,2,16,0,24,1,350,2,194,0,142,OLIG2
152,rs190678312,33028964,A,G,0,228,0,352,0,296,0,196,0,28,0,52,0,46,0,42,0,12,0,16,0,24,0,350,0,194,2,142,OLIG2
153,rs560231654,33028965,C,T,0,228,0,352,0,296,0,196,0,28,0,52,0,46,0,42,0,12,0,16,0,24,0,350,0,194,0,142,OLIG2
154,rs561173807,33028972,C,G,2,228,0,352,0,296,0,196,0,28,0,52,0,46,0,42,0,12,0,16,0,24,0,350,0,194,0,142,OLIG2
155,rs370788075,33029001,T,A,0,228,0,352,0,296,0,196,0,28,0,52,0,46,0,42,0,12,0,16,0,24,0,350,0,194,0,142,OLIG2
156,rs531854527,33029008,G,A,0,228,0,352,0,296,0,196,0,28,0,52,0,46,0,42,0,12,0,16,0,24,0,350,0,194,0,142,OLIG2
157,rs111859112,33029010,T,G,0,228,0,352,0,296,0,196,0,28,0,52,0,46,0,42,3,12,0,16,0,24,0,350,2,194,0,142,OLIG2
158,rs571177326,33029041,A,G,0,228,0,352,0,296,0,196,0,28,0,52,0,46,0,42,0,12,0,16,0,24,0,350,0,194,0,142,OLIG2
159,rs13046814,33029069,T,G,16,228,20,352,10,296,9,196,0,28,3,52,1,46,3,42,1,12,1,16,3,24,12,350,10,194,17,142,OLIG2
160,chr21:33029092T-C,33029092,T,C,1,228,0,352,0,296,0,196,0,28,0,52,0,46,0,42,0,12,0,16,0,24,0,350,0,194,0,142,OLIG2
161,rs547410200,33029136,T,C,0,228,0,352,0,296,0,196,0,28,2,52,0,46,0,42,0,12,0,16,0,24,0,350,1,194,0,142,OLIG2
162,chr21:33029149C-T,33029149,C,T,0,228,0,352,0,296,0,196,0,28,0,52,0,46,1,42,0,12,0,16,0,24,0,350,0,194,0,142,OLIG2
163,rs182058038,33029193,T,A,1,228,0,352,3,296,1,196,0,28,0,52,0,46,1,42,0,12,0,16,0,24,2,350,1,194,2,142,OLIG2
164,chr21:34401563G-T,33029255,G,T,0,0,0,0,0,0,0,0,0,0,0,0,0,0,0,0,0,0,0,0,0,0,0,0,0,0,0,0,OLIG2
165,rs7278343,33029257,A,G,60,228,74,352,84,296,49,196,15,28,19,52,9,46,10,42,9,12,4,16,7,24,93,350,28,194,26,142,OLIG2
166,rs151281307,33029262,AT,A,0,228,0,352,2,296,0,196,0,28,0,52,0,46,0,42,0,12,0,16,0,24,2,350,0,194,1,142,OLIG2
167,rs554778511,33029268,G,A,0,228,0,352,0,296,0,196,0,28,0,52,0,46,0,42,0,12,0,16,0,24,0,350,0,194,0,142,OLIG2
